[21:02:52] [main/INFO]: Environment: authHost='https://authserver.mojang.com', accountsHost='https://api.mojang.com', sessionHost='https://sessionserver.mojang.com', servicesHost='https://api.minecraftservices.com', name='PROD'
[21:02:52] [main/INFO]: Reloading ResourceManager: Default, bukkit
[21:02:53] [Worker-Main-2/INFO]: Loaded 7 recipes
[21:02:54] [Server thread/INFO]: Starting minecraft server version 1.16.5
[21:02:54] [Server thread/INFO]: Loading properties
[21:02:54] [Server thread/INFO]: This server is running Paper version git-Paper-794 (MC: 1.16.5) (Implementing API version 1.16.5-R0.1-SNAPSHOT)
[21:02:54] [Server thread/INFO]: Debug logging is disabled
[21:02:54] [Server thread/INFO]: Server Ping Player Sample Count: 12
[21:02:54] [Server thread/INFO]: Using 4 threads for Netty based IO
[21:02:54] [Server thread/INFO]: Default game type: SURVIVAL
[21:02:54] [Server thread/INFO]: Generating keypair
[21:02:54] [Server thread/INFO]: Starting Minecraft server on *:25565
[21:02:54] [Server thread/INFO]: Using epoll channel type
[21:02:55] [Server thread/INFO]: [WorldEdit] Loading WorldEdit v7.2.5+57d5ac9
[21:02:55] [Server thread/INFO]: Got request to register class com.sk89q.worldedit.bukkit.BukkitServerInterface with WorldEdit [com.sk89q.worldedit.extension.platform.PlatformManager@520418f3]
[21:02:55] [Server thread/INFO]: [Permadeath] Loading Permadeath v1.3
[21:02:55] [Server thread/INFO]: [SkinsRestorer] Loading SkinsRestorer v15.12.5
[21:02:55] [Server thread/INFO]: Server permissions file permissions.yml is empty, ignoring it
[21:02:55] [Server thread/INFO]: [WorldEdit] Enabling WorldEdit v7.2.5+57d5ac9
[21:02:55] [Server thread/INFO]: WEPIF: Using the Bukkit Permissions API.
[21:02:55] [Server thread/INFO]: Using com.sk89q.worldedit.bukkit.adapter.impl.Spigot_v1_16_R3 as the Bukkit adapter
[21:02:56] [Server thread/INFO]: [Permadeath] Enabling Permadeath v1.3
[21:02:56] [Server thread/INFO]: [SkinsRestorer] Enabling SkinsRestorer v15.12.5
[21:02:57] [Server thread/INFO]: [33;1m[[32;22mSkinsRestorer[33;1m] [0;39m[32;1mRunning on Minecraft [33;1m1.16.5[32;1m.[0;39m
[21:02:57] [Server thread/INFO]: [33;1m[[32;22mSkinsRestorer[33;1m] [0;39mUsing paper join listener![0;39m
[21:02:57] [Server thread/WARN]: [33;1m[[32;22mSkinsRestorer[33;1m] [0;39m[33;1m[33;1mYou are running an outdated Java version, please update it to at least Java 21 (your version is 11).[0;39m
[21:02:57] [Server thread/WARN]: [33;1m[[32;22mSkinsRestorer[33;1m] [0;39m[33;1m[33;1mSkinsRestorer no longer officially supports this version of Java, you are currently using an unsupported compatibility build.[0;39m
[21:02:57] [Server thread/WARN]: [33;1m[[32;22mSkinsRestorer[33;1m] [0;39m[33;1m[33;1mYou can still use the plugin, but you may encounter issues that are not present in newer versions of Java.[0;39m
[21:02:57] [Server thread/WARN]: **** SERVER IS RUNNING IN OFFLINE/INSECURE MODE!
[21:02:57] [Server thread/WARN]: The server will make no attempt to authenticate usernames. Beware.
[21:02:57] [Server thread/WARN]: While this makes the game possible to play without internet access, it also opens up the ability for hackers to connect with any username they choose.
[21:02:57] [Server thread/WARN]: To change this, set "online-mode" to "true" in the server.properties file.
[21:02:57] [Server thread/INFO]: Preparing level "world"
[21:02:57] [Server thread/INFO]: Registering commands with com.sk89q.worldedit.bukkit.BukkitServerInterface
[21:02:57] [Server thread/INFO]: Preparing start region for dimension minecraft:overworld
[21:02:58] [Server thread/INFO]: Preparing spawn area: 0%
[21:02:58] [Server thread/INFO]: Time elapsed: 387 ms
[21:02:58] [Server thread/INFO]: Preparing start region for dimension minecraft:the_nether
[21:02:58] [Server thread/INFO]: Time elapsed: 145 ms
[21:02:58] [Server thread/INFO]: Preparing start region for dimension minecraft:the_end
[21:02:58] [Server thread/INFO]: Time elapsed: 298 ms
[21:02:59] [Server thread/INFO]: Running delayed init tasks
[21:02:59] [Server thread/INFO]: Permadeath ➤ No se ha encontrado una librería JDA, deberás instalar una en caso de querer utilizar un bot de Discord.
[21:02:59] [Server thread/INFO]: Descarga aquí: https://www.spigotmc.org/resources/permadeath-%E2%98%A0%EF%B8%8F.112343/
[21:02:59] [Server thread/INFO]: Si no puedes descargarlo allí, únete a este Discord y te daremos acceso al enlace: https://discord.gg/8evPbuxPke
[21:02:59] [Server thread/INFO]: ------------------------------------------
[21:02:59] [Server thread/INFO]:              PERMADEATH
[21:02:59] [Server thread/INFO]:      - Versión: 1.3
[21:02:59] [Server thread/INFO]:      - Versión del Servidor: v1.16
[21:02:59] [Server thread/INFO]: ------------------------------------------
[21:02:59] [Server thread/INFO]:  >> INFORME DE ESTADO
[21:02:59] [Server thread/INFO]: > Estado de mundos: Overworld: world End: world_the_end
[21:02:59] [Server thread/INFO]:     > End: world_the_end
[21:02:59] [Server thread/INFO]:     > Overworld: world
[21:02:59] [Server thread/INFO]: > Estado de Compatibilidad: Compatible
[21:02:59] [Server thread/INFO]: > Software: PaperMC (Compatible)
[21:02:59] [Server thread/INFO]: > Cambios:
[21:02:59] [Server thread/INFO]: >   Días disponibles: 1-60
[21:02:59] [Server thread/INFO]: [PermaDeath] > Se han registrado los cambios de Mobs pacíficos hostiles.
[21:02:59] [Server thread/INFO]: [PermaDeath] > Se han registrado cambios especiales para PaperMC.
[21:02:59] [Server thread/INFO]: [PermaDeath] > Se han registrado cambios para el día 40
[21:02:59] [Server thread/INFO]: Preparing start region for dimension minecraft:pdc_the_beginning
[21:02:59] [Server thread/INFO]: Time elapsed: 180 ms
[21:02:59] [Server thread/INFO]: [PermaDeath] > Se han registrado cambios de TheBeginning
[21:02:59] [Server thread/INFO]: [PermaDeath] > Se han registrado cambios para el día 50
[21:02:59] [Server thread/INFO]: [PermaDeath] > Se han registrado cambios para el día 60
[21:02:59] [Server thread/INFO]: Done (5.626s)! For help, type "help"
[21:02:59] [Server thread/WARN]: [io.papermc.paper.util.PaperJvmChecker] ************************************************************
[21:02:59] [Server thread/WARN]: [io.papermc.paper.util.PaperJvmChecker] * WARNING - YOU ARE RUNNING AN OUTDATED VERSION OF JAVA.
[21:02:59] [Server thread/WARN]: [io.papermc.paper.util.PaperJvmChecker] * PAPER WILL STOP BEING COMPATIBLE WITH THIS VERSION OF
[21:02:59] [Server thread/WARN]: [io.papermc.paper.util.PaperJvmChecker] * JAVA WHEN MINECRAFT 1.17 IS RELEASED.
[21:02:59] [Server thread/WARN]: [io.papermc.paper.util.PaperJvmChecker] *
[21:02:59] [Server thread/WARN]: [io.papermc.paper.util.PaperJvmChecker] * Please update the version of Java you use to run Paper
[21:02:59] [Server thread/WARN]: [io.papermc.paper.util.PaperJvmChecker] * to at least Java 16. When Paper for Minecraft 1.17 is
[21:02:59] [Server thread/WARN]: [io.papermc.paper.util.PaperJvmChecker] * released support for versions of Java before 16 will
[21:02:59] [Server thread/WARN]: [io.papermc.paper.util.PaperJvmChecker] * be dropped.
[21:02:59] [Server thread/WARN]: [io.papermc.paper.util.PaperJvmChecker] *
[21:02:59] [Server thread/WARN]: [io.papermc.paper.util.PaperJvmChecker] * Current Java version: 11.0.31
[21:02:59] [Server thread/WARN]: [io.papermc.paper.util.PaperJvmChecker] *
[21:02:59] [Server thread/WARN]: [io.papermc.paper.util.PaperJvmChecker] * Check this forum post for more information: 
[21:02:59] [Server thread/WARN]: [io.papermc.paper.util.PaperJvmChecker] *   https://papermc.io/java16
[21:02:59] [Server thread/WARN]: [io.papermc.paper.util.PaperJvmChecker] ************************************************************
[21:02:59] [Server thread/INFO]: Timings Reset
[21:03:00] [Craft Scheduler Thread - 0/INFO]: Permadeath ➤ Versión del plugin: Versión más reciente instalada.
[21:03:00] [Craft Scheduler Thread - 2/INFO]: [33;1m[[32;22mSkinsRestorer[33;1m] [0;39m[32;1m----------------------------------------------[0;39m
[21:03:00] [Craft Scheduler Thread - 2/INFO]: [33;1m[[32;22mSkinsRestorer[33;1m] [0;39m[32;1m    +===================+[0;39m
[21:03:00] [Craft Scheduler Thread - 2/INFO]: [33;1m[[32;22mSkinsRestorer[33;1m] [0;39m[32;1m    |   SkinsRestorer   |[0;39m
[21:03:00] [Craft Scheduler Thread - 2/INFO]: [33;1m[[32;22mSkinsRestorer[33;1m] [0;39m[32;1m    |-------------------|[0;39m
[21:03:00] [Craft Scheduler Thread - 2/INFO]: [33;1m[[32;22mSkinsRestorer[33;1m] [0;39m[32;1m    |  [34;1m[4m[21mStandalone Mode[0;39m[32;1m  |[0;39m
[21:03:00] [Craft Scheduler Thread - 2/INFO]: [33;1m[[32;22mSkinsRestorer[33;1m] [0;39m[32;1m    +===================+[0;39m
[21:03:00] [Craft Scheduler Thread - 2/INFO]: [33;1m[[32;22mSkinsRestorer[33;1m] [0;39m[32;1m----------------------------------------------[0;39m
[21:03:00] [Craft Scheduler Thread - 2/INFO]: [33;1m[[32;22mSkinsRestorer[33;1m] [0;39m[36;1m    Version: [32;1m15.12.5[0;39m
[21:03:00] [Craft Scheduler Thread - 2/INFO]: [33;1m[[32;22mSkinsRestorer[33;1m] [0;39m[36;1m    Commit: [32;1m98b9488[0;39m
[21:03:00] [Craft Scheduler Thread - 2/INFO]: [33;1m[[32;22mSkinsRestorer[33;1m] [0;39m[32;1m    This is the latest version![0;39m
[21:03:00] [Craft Scheduler Thread - 2/INFO]: [33;1m[[32;22mSkinsRestorer[33;1m] [0;39m[32;1m----------------------------------------------[0;39m
[21:03:00] [Craft Scheduler Thread - 2/INFO]: [33;1m[[32;22mSkinsRestorer[33;1m] [0;39m[34;1mDo you have issues? Read our troubleshooting guide: [33;1mhttps://skinsrestorer.net/docs/troubleshooting[0;39m
[21:03:00] [Craft Scheduler Thread - 2/INFO]: [33;1m[[32;22mSkinsRestorer[33;1m] [0;39m[34;1mWant to support SkinsRestorer or receive priority support? Become a supporter: [33;1mhttps://skinsrestorer.net/pricing[0;39m
[21:07:48] [User Authenticator #1/INFO]: UUID of player RompOrTos is c5551972-6eb1-3fa6-b9af-c905864589e9
[21:07:48] [Server thread/INFO]: RompOrTos se ha unido al servidor.
[21:07:49] [Server thread/INFO]: RompOrTos[/127.28.244.228:58091] logged in with entity id 124 at ([world_nether]-45.43200769030231, 163.0, -41.51816819962976)
[21:07:49] [Server thread/ERROR]: Could not pass event ChunkLoadEvent to Permadeath v1.3
java.lang.ClassCastException: class net.minecraft.server.v1_16_R3.EntityArmorStand cannot be cast to class net.minecraft.server.v1_16_R3.EntityInsentient (net.minecraft.server.v1_16_R3.EntityArmorStand and net.minecraft.server.v1_16_R3.EntityInsentient are in unnamed module of loader 'app')
	at tech.sebazcrc.permadeath.nms.v1_16_R3.NMSAccessorImpl.registerAttribute(NMSAccessorImpl.java:57) ~[?:?]
	at tech.sebazcrc.permadeath.event.HostileEntityListener.injectHostileBehavior(HostileEntityListener.java:50) ~[?:?]
	at tech.sebazcrc.permadeath.event.HostileEntityListener.onChunkLoad(HostileEntityListener.java:68) ~[?:?]
	at com.destroystokyo.paper.event.executor.asm.generated.GeneratedEventExecutor44.execute(Unknown Source) ~[?:?]
	at org.bukkit.plugin.EventExecutor.lambda$create$1(EventExecutor.java:69) ~[patched_1.16.5.jar:git-Paper-794]
	at co.aikar.timings.TimedEventExecutor.execute(TimedEventExecutor.java:80) ~[patched_1.16.5.jar:git-Paper-794]
	at org.bukkit.plugin.RegisteredListener.callEvent(RegisteredListener.java:70) ~[patched_1.16.5.jar:git-Paper-794]
	at org.bukkit.plugin.SimplePluginManager.callEvent(SimplePluginManager.java:624) ~[patched_1.16.5.jar:git-Paper-794]
	at net.minecraft.server.v1_16_R3.Chunk.loadCallback(Chunk.java:875) ~[patched_1.16.5.jar:git-Paper-794]
	at net.minecraft.server.v1_16_R3.PlayerChunk.lambda$a$15(PlayerChunk.java:775) ~[patched_1.16.5.jar:git-Paper-794]
	at net.minecraft.server.v1_16_R3.PlayerChunkMap$CallbackExecutor.run(PlayerChunkMap.java:204) ~[patched_1.16.5.jar:git-Paper-794]
	at net.minecraft.server.v1_16_R3.ChunkProviderServer$a.executeNext(ChunkProviderServer.java:1080) ~[patched_1.16.5.jar:git-Paper-794]
	at net.minecraft.server.v1_16_R3.ChunkProviderServer$a.midTickLoadChunks(ChunkProviderServer.java:1057) ~[patched_1.16.5.jar:git-Paper-794]
	at net.minecraft.server.v1_16_R3.MinecraftServer.midTickLoadChunks(MinecraftServer.java:1240) ~[patched_1.16.5.jar:git-Paper-794]
	at net.minecraft.server.v1_16_R3.MinecraftServer.lambda$a$7(MinecraftServer.java:1339) ~[patched_1.16.5.jar:git-Paper-794]
	at net.minecraft.server.v1_16_R3.IAsyncTaskHandler.awaitTasks(IAsyncTaskHandler.java:118) ~[patched_1.16.5.jar:git-Paper-794]
	at net.minecraft.server.v1_16_R3.MinecraftServer.a(MinecraftServer.java:1338) ~[patched_1.16.5.jar:git-Paper-794]
	at net.minecraft.server.v1_16_R3.MinecraftServer.w(MinecraftServer.java:1135) ~[patched_1.16.5.jar:git-Paper-794]
	at net.minecraft.server.v1_16_R3.MinecraftServer.lambda$a$0(MinecraftServer.java:291) ~[patched_1.16.5.jar:git-Paper-794]
	at java.lang.Thread.run(Thread.java:829) [?:?]
[21:07:49] [Server thread/ERROR]: Could not pass event ChunkLoadEvent to Permadeath v1.3
java.lang.ClassCastException: class net.minecraft.server.v1_16_R3.EntityArmorStand cannot be cast to class net.minecraft.server.v1_16_R3.EntityInsentient (net.minecraft.server.v1_16_R3.EntityArmorStand and net.minecraft.server.v1_16_R3.EntityInsentient are in unnamed module of loader 'app')
	at tech.sebazcrc.permadeath.nms.v1_16_R3.NMSAccessorImpl.registerAttribute(NMSAccessorImpl.java:57) ~[?:?]
	at tech.sebazcrc.permadeath.event.HostileEntityListener.injectHostileBehavior(HostileEntityListener.java:50) ~[?:?]
	at tech.sebazcrc.permadeath.event.HostileEntityListener.onChunkLoad(HostileEntityListener.java:68) ~[?:?]
	at com.destroystokyo.paper.event.executor.asm.generated.GeneratedEventExecutor44.execute(Unknown Source) ~[?:?]
	at org.bukkit.plugin.EventExecutor.lambda$create$1(EventExecutor.java:69) ~[patched_1.16.5.jar:git-Paper-794]
	at co.aikar.timings.TimedEventExecutor.execute(TimedEventExecutor.java:80) ~[patched_1.16.5.jar:git-Paper-794]
	at org.bukkit.plugin.RegisteredListener.callEvent(RegisteredListener.java:70) ~[patched_1.16.5.jar:git-Paper-794]
	at org.bukkit.plugin.SimplePluginManager.callEvent(SimplePluginManager.java:624) ~[patched_1.16.5.jar:git-Paper-794]
	at net.minecraft.server.v1_16_R3.Chunk.loadCallback(Chunk.java:875) ~[patched_1.16.5.jar:git-Paper-794]
	at net.minecraft.server.v1_16_R3.PlayerChunk.lambda$a$15(PlayerChunk.java:775) ~[patched_1.16.5.jar:git-Paper-794]
	at net.minecraft.server.v1_16_R3.PlayerChunkMap$CallbackExecutor.run(PlayerChunkMap.java:204) ~[patched_1.16.5.jar:git-Paper-794]
	at net.minecraft.server.v1_16_R3.ChunkProviderServer$a.executeNext(ChunkProviderServer.java:1080) ~[patched_1.16.5.jar:git-Paper-794]
	at net.minecraft.server.v1_16_R3.ChunkProviderServer$a.midTickLoadChunks(ChunkProviderServer.java:1057) ~[patched_1.16.5.jar:git-Paper-794]
	at net.minecraft.server.v1_16_R3.MinecraftServer.midTickLoadChunks(MinecraftServer.java:1240) ~[patched_1.16.5.jar:git-Paper-794]
	at net.minecraft.server.v1_16_R3.MinecraftServer.lambda$a$7(MinecraftServer.java:1339) ~[patched_1.16.5.jar:git-Paper-794]
	at net.minecraft.server.v1_16_R3.IAsyncTaskHandler.awaitTasks(IAsyncTaskHandler.java:118) ~[patched_1.16.5.jar:git-Paper-794]
	at net.minecraft.server.v1_16_R3.MinecraftServer.a(MinecraftServer.java:1338) ~[patched_1.16.5.jar:git-Paper-794]
	at net.minecraft.server.v1_16_R3.MinecraftServer.w(MinecraftServer.java:1135) ~[patched_1.16.5.jar:git-Paper-794]
	at net.minecraft.server.v1_16_R3.MinecraftServer.lambda$a$0(MinecraftServer.java:291) ~[patched_1.16.5.jar:git-Paper-794]
	at java.lang.Thread.run(Thread.java:829) [?:?]
[21:07:49] [Server thread/ERROR]: Could not pass event ChunkLoadEvent to Permadeath v1.3
java.lang.ClassCastException: class net.minecraft.server.v1_16_R3.EntityArmorStand cannot be cast to class net.minecraft.server.v1_16_R3.EntityInsentient (net.minecraft.server.v1_16_R3.EntityArmorStand and net.minecraft.server.v1_16_R3.EntityInsentient are in unnamed module of loader 'app')
	at tech.sebazcrc.permadeath.nms.v1_16_R3.NMSAccessorImpl.registerAttribute(NMSAccessorImpl.java:57) ~[?:?]
	at tech.sebazcrc.permadeath.event.HostileEntityListener.injectHostileBehavior(HostileEntityListener.java:50) ~[?:?]
	at tech.sebazcrc.permadeath.event.HostileEntityListener.onChunkLoad(HostileEntityListener.java:68) ~[?:?]
	at com.destroystokyo.paper.event.executor.asm.generated.GeneratedEventExecutor44.execute(Unknown Source) ~[?:?]
	at org.bukkit.plugin.EventExecutor.lambda$create$1(EventExecutor.java:69) ~[patched_1.16.5.jar:git-Paper-794]
	at co.aikar.timings.TimedEventExecutor.execute(TimedEventExecutor.java:80) ~[patched_1.16.5.jar:git-Paper-794]
	at org.bukkit.plugin.RegisteredListener.callEvent(RegisteredListener.java:70) ~[patched_1.16.5.jar:git-Paper-794]
	at org.bukkit.plugin.SimplePluginManager.callEvent(SimplePluginManager.java:624) ~[patched_1.16.5.jar:git-Paper-794]
	at net.minecraft.server.v1_16_R3.Chunk.loadCallback(Chunk.java:875) ~[patched_1.16.5.jar:git-Paper-794]
	at net.minecraft.server.v1_16_R3.PlayerChunk.lambda$a$15(PlayerChunk.java:775) ~[patched_1.16.5.jar:git-Paper-794]
	at net.minecraft.server.v1_16_R3.PlayerChunkMap$CallbackExecutor.run(PlayerChunkMap.java:204) ~[patched_1.16.5.jar:git-Paper-794]
	at net.minecraft.server.v1_16_R3.ChunkProviderServer$a.executeNext(ChunkProviderServer.java:1080) ~[patched_1.16.5.jar:git-Paper-794]
	at net.minecraft.server.v1_16_R3.ChunkProviderServer$a.midTickLoadChunks(ChunkProviderServer.java:1057) ~[patched_1.16.5.jar:git-Paper-794]
	at net.minecraft.server.v1_16_R3.MinecraftServer.midTickLoadChunks(MinecraftServer.java:1240) ~[patched_1.16.5.jar:git-Paper-794]
	at net.minecraft.server.v1_16_R3.MinecraftServer.lambda$a$7(MinecraftServer.java:1339) ~[patched_1.16.5.jar:git-Paper-794]
	at net.minecraft.server.v1_16_R3.IAsyncTaskHandler.awaitTasks(IAsyncTaskHandler.java:118) ~[patched_1.16.5.jar:git-Paper-794]
	at net.minecraft.server.v1_16_R3.MinecraftServer.a(MinecraftServer.java:1338) ~[patched_1.16.5.jar:git-Paper-794]
	at net.minecraft.server.v1_16_R3.MinecraftServer.w(MinecraftServer.java:1135) ~[patched_1.16.5.jar:git-Paper-794]
	at net.minecraft.server.v1_16_R3.MinecraftServer.lambda$a$0(MinecraftServer.java:291) ~[patched_1.16.5.jar:git-Paper-794]
	at java.lang.Thread.run(Thread.java:829) [?:?]
[21:07:49] [Server thread/ERROR]: Could not pass event ChunkLoadEvent to Permadeath v1.3
java.lang.ClassCastException: class net.minecraft.server.v1_16_R3.EntityArmorStand cannot be cast to class net.minecraft.server.v1_16_R3.EntityInsentient (net.minecraft.server.v1_16_R3.EntityArmorStand and net.minecraft.server.v1_16_R3.EntityInsentient are in unnamed module of loader 'app')
	at tech.sebazcrc.permadeath.nms.v1_16_R3.NMSAccessorImpl.registerAttribute(NMSAccessorImpl.java:57) ~[?:?]
	at tech.sebazcrc.permadeath.event.HostileEntityListener.injectHostileBehavior(HostileEntityListener.java:50) ~[?:?]
	at tech.sebazcrc.permadeath.event.HostileEntityListener.onChunkLoad(HostileEntityListener.java:68) ~[?:?]
	at com.destroystokyo.paper.event.executor.asm.generated.GeneratedEventExecutor44.execute(Unknown Source) ~[?:?]
	at org.bukkit.plugin.EventExecutor.lambda$create$1(EventExecutor.java:69) ~[patched_1.16.5.jar:git-Paper-794]
	at co.aikar.timings.TimedEventExecutor.execute(TimedEventExecutor.java:80) ~[patched_1.16.5.jar:git-Paper-794]
	at org.bukkit.plugin.RegisteredListener.callEvent(RegisteredListener.java:70) ~[patched_1.16.5.jar:git-Paper-794]
	at org.bukkit.plugin.SimplePluginManager.callEvent(SimplePluginManager.java:624) ~[patched_1.16.5.jar:git-Paper-794]
	at net.minecraft.server.v1_16_R3.Chunk.loadCallback(Chunk.java:875) ~[patched_1.16.5.jar:git-Paper-794]
	at net.minecraft.server.v1_16_R3.PlayerChunk.lambda$a$15(PlayerChunk.java:775) ~[patched_1.16.5.jar:git-Paper-794]
	at net.minecraft.server.v1_16_R3.PlayerChunkMap$CallbackExecutor.run(PlayerChunkMap.java:204) ~[patched_1.16.5.jar:git-Paper-794]
	at net.minecraft.server.v1_16_R3.ChunkProviderServer$a.executeNext(ChunkProviderServer.java:1080) ~[patched_1.16.5.jar:git-Paper-794]
	at net.minecraft.server.v1_16_R3.ChunkProviderServer.runTasks(ChunkProviderServer.java:660) ~[patched_1.16.5.jar:git-Paper-794]
	at net.minecraft.server.v1_16_R3.MinecraftServer.bb(MinecraftServer.java:1280) ~[patched_1.16.5.jar:git-Paper-794]
	at net.minecraft.server.v1_16_R3.MinecraftServer.executeNext(MinecraftServer.java:1264) ~[patched_1.16.5.jar:git-Paper-794]
	at net.minecraft.server.v1_16_R3.IAsyncTaskHandler.awaitTasks(IAsyncTaskHandler.java:119) ~[patched_1.16.5.jar:git-Paper-794]
	at net.minecraft.server.v1_16_R3.MinecraftServer.a(MinecraftServer.java:1338) ~[patched_1.16.5.jar:git-Paper-794]
	at net.minecraft.server.v1_16_R3.MinecraftServer.w(MinecraftServer.java:1135) ~[patched_1.16.5.jar:git-Paper-794]
	at net.minecraft.server.v1_16_R3.MinecraftServer.lambda$a$0(MinecraftServer.java:291) ~[patched_1.16.5.jar:git-Paper-794]
	at java.lang.Thread.run(Thread.java:829) [?:?]
[21:12:44] [Server thread/INFO]: RompOrTos lost connection: Disconnected
[21:12:44] [Server thread/INFO]: RompOrTos ha abandonado el servidor.
[21:17:23] [User Authenticator #2/INFO]: UUID of player RompOrTos is c5551972-6eb1-3fa6-b9af-c905864589e9
[21:17:23] [Server thread/ERROR]: Could not pass event ChunkLoadEvent to Permadeath v1.3
java.lang.ClassCastException: class net.minecraft.server.v1_16_R3.EntityArmorStand cannot be cast to class net.minecraft.server.v1_16_R3.EntityInsentient (net.minecraft.server.v1_16_R3.EntityArmorStand and net.minecraft.server.v1_16_R3.EntityInsentient are in unnamed module of loader 'app')
	at tech.sebazcrc.permadeath.nms.v1_16_R3.NMSAccessorImpl.registerAttribute(NMSAccessorImpl.java:57) ~[?:?]
	at tech.sebazcrc.permadeath.event.HostileEntityListener.injectHostileBehavior(HostileEntityListener.java:50) ~[?:?]
	at tech.sebazcrc.permadeath.event.HostileEntityListener.onChunkLoad(HostileEntityListener.java:68) ~[?:?]
	at com.destroystokyo.paper.event.executor.asm.generated.GeneratedEventExecutor44.execute(Unknown Source) ~[?:?]
	at org.bukkit.plugin.EventExecutor.lambda$create$1(EventExecutor.java:69) ~[patched_1.16.5.jar:git-Paper-794]
	at co.aikar.timings.TimedEventExecutor.execute(TimedEventExecutor.java:80) ~[patched_1.16.5.jar:git-Paper-794]
	at org.bukkit.plugin.RegisteredListener.callEvent(RegisteredListener.java:70) ~[patched_1.16.5.jar:git-Paper-794]
	at org.bukkit.plugin.SimplePluginManager.callEvent(SimplePluginManager.java:624) ~[patched_1.16.5.jar:git-Paper-794]
	at net.minecraft.server.v1_16_R3.Chunk.loadCallback(Chunk.java:875) ~[patched_1.16.5.jar:git-Paper-794]
	at net.minecraft.server.v1_16_R3.PlayerChunk.lambda$a$15(PlayerChunk.java:775) ~[patched_1.16.5.jar:git-Paper-794]
	at net.minecraft.server.v1_16_R3.PlayerChunkMap$CallbackExecutor.run(PlayerChunkMap.java:204) ~[patched_1.16.5.jar:git-Paper-794]
	at net.minecraft.server.v1_16_R3.PlayerChunk.a(PlayerChunk.java:785) ~[patched_1.16.5.jar:git-Paper-794]
	at net.minecraft.server.v1_16_R3.ChunkMapDistance.a(ChunkMapDistance.java:126) ~[patched_1.16.5.jar:git-Paper-794]
	at net.minecraft.server.v1_16_R3.ChunkProviderServer.tickDistanceManager(ChunkProviderServer.java:665) ~[patched_1.16.5.jar:git-Paper-794]
	at net.minecraft.server.v1_16_R3.ChunkMapDistance.markAreaHighPriority(ChunkMapDistance.java:245) ~[patched_1.16.5.jar:git-Paper-794]
	at net.minecraft.server.v1_16_R3.ChunkProviderServer.markAreaHighPriority(ChunkProviderServer.java:481) ~[patched_1.16.5.jar:git-Paper-794]
	at net.minecraft.server.v1_16_R3.PlayerList.a(PlayerList.java:293) ~[patched_1.16.5.jar:git-Paper-794]
	at net.minecraft.server.v1_16_R3.LoginListener.c(LoginListener.java:190) ~[patched_1.16.5.jar:git-Paper-794]
	at net.minecraft.server.v1_16_R3.LoginListener.tick(LoginListener.java:87) ~[patched_1.16.5.jar:git-Paper-794]
	at net.minecraft.server.v1_16_R3.NetworkManager.a(NetworkManager.java:403) ~[patched_1.16.5.jar:git-Paper-794]
	at net.minecraft.server.v1_16_R3.ServerConnection.c(ServerConnection.java:168) ~[patched_1.16.5.jar:git-Paper-794]
	at net.minecraft.server.v1_16_R3.MinecraftServer.b(MinecraftServer.java:1520) ~[patched_1.16.5.jar:git-Paper-794]
	at net.minecraft.server.v1_16_R3.DedicatedServer.b(DedicatedServer.java:436) ~[patched_1.16.5.jar:git-Paper-794]
	at net.minecraft.server.v1_16_R3.MinecraftServer.a(MinecraftServer.java:1347) ~[patched_1.16.5.jar:git-Paper-794]
	at net.minecraft.server.v1_16_R3.MinecraftServer.w(MinecraftServer.java:1135) ~[patched_1.16.5.jar:git-Paper-794]
	at net.minecraft.server.v1_16_R3.MinecraftServer.lambda$a$0(MinecraftServer.java:291) ~[patched_1.16.5.jar:git-Paper-794]
	at java.lang.Thread.run(Thread.java:829) [?:?]
[21:17:23] [Server thread/ERROR]: Could not pass event ChunkLoadEvent to Permadeath v1.3
java.lang.ClassCastException: class net.minecraft.server.v1_16_R3.EntityArmorStand cannot be cast to class net.minecraft.server.v1_16_R3.EntityInsentient (net.minecraft.server.v1_16_R3.EntityArmorStand and net.minecraft.server.v1_16_R3.EntityInsentient are in unnamed module of loader 'app')
	at tech.sebazcrc.permadeath.nms.v1_16_R3.NMSAccessorImpl.registerAttribute(NMSAccessorImpl.java:57) ~[?:?]
	at tech.sebazcrc.permadeath.event.HostileEntityListener.injectHostileBehavior(HostileEntityListener.java:50) ~[?:?]
	at tech.sebazcrc.permadeath.event.HostileEntityListener.onChunkLoad(HostileEntityListener.java:68) ~[?:?]
	at com.destroystokyo.paper.event.executor.asm.generated.GeneratedEventExecutor44.execute(Unknown Source) ~[?:?]
	at org.bukkit.plugin.EventExecutor.lambda$create$1(EventExecutor.java:69) ~[patched_1.16.5.jar:git-Paper-794]
	at co.aikar.timings.TimedEventExecutor.execute(TimedEventExecutor.java:80) ~[patched_1.16.5.jar:git-Paper-794]
	at org.bukkit.plugin.RegisteredListener.callEvent(RegisteredListener.java:70) ~[patched_1.16.5.jar:git-Paper-794]
	at org.bukkit.plugin.SimplePluginManager.callEvent(SimplePluginManager.java:624) ~[patched_1.16.5.jar:git-Paper-794]
	at net.minecraft.server.v1_16_R3.Chunk.loadCallback(Chunk.java:875) ~[patched_1.16.5.jar:git-Paper-794]
	at net.minecraft.server.v1_16_R3.PlayerChunk.lambda$a$15(PlayerChunk.java:775) ~[patched_1.16.5.jar:git-Paper-794]
	at net.minecraft.server.v1_16_R3.PlayerChunkMap$CallbackExecutor.run(PlayerChunkMap.java:204) ~[patched_1.16.5.jar:git-Paper-794]
	at net.minecraft.server.v1_16_R3.PlayerChunk.a(PlayerChunk.java:785) ~[patched_1.16.5.jar:git-Paper-794]
	at net.minecraft.server.v1_16_R3.ChunkMapDistance.a(ChunkMapDistance.java:126) ~[patched_1.16.5.jar:git-Paper-794]
	at net.minecraft.server.v1_16_R3.ChunkProviderServer.tickDistanceManager(ChunkProviderServer.java:665) ~[patched_1.16.5.jar:git-Paper-794]
	at net.minecraft.server.v1_16_R3.ChunkMapDistance.markAreaHighPriority(ChunkMapDistance.java:245) ~[patched_1.16.5.jar:git-Paper-794]
	at net.minecraft.server.v1_16_R3.ChunkProviderServer.markAreaHighPriority(ChunkProviderServer.java:481) ~[patched_1.16.5.jar:git-Paper-794]
	at net.minecraft.server.v1_16_R3.PlayerList.a(PlayerList.java:293) ~[patched_1.16.5.jar:git-Paper-794]
	at net.minecraft.server.v1_16_R3.LoginListener.c(LoginListener.java:190) ~[patched_1.16.5.jar:git-Paper-794]
	at net.minecraft.server.v1_16_R3.LoginListener.tick(LoginListener.java:87) ~[patched_1.16.5.jar:git-Paper-794]
	at net.minecraft.server.v1_16_R3.NetworkManager.a(NetworkManager.java:403) ~[patched_1.16.5.jar:git-Paper-794]
	at net.minecraft.server.v1_16_R3.ServerConnection.c(ServerConnection.java:168) ~[patched_1.16.5.jar:git-Paper-794]
	at net.minecraft.server.v1_16_R3.MinecraftServer.b(MinecraftServer.java:1520) ~[patched_1.16.5.jar:git-Paper-794]
	at net.minecraft.server.v1_16_R3.DedicatedServer.b(DedicatedServer.java:436) ~[patched_1.16.5.jar:git-Paper-794]
	at net.minecraft.server.v1_16_R3.MinecraftServer.a(MinecraftServer.java:1347) ~[patched_1.16.5.jar:git-Paper-794]
	at net.minecraft.server.v1_16_R3.MinecraftServer.w(MinecraftServer.java:1135) ~[patched_1.16.5.jar:git-Paper-794]
	at net.minecraft.server.v1_16_R3.MinecraftServer.lambda$a$0(MinecraftServer.java:291) ~[patched_1.16.5.jar:git-Paper-794]
	at java.lang.Thread.run(Thread.java:829) [?:?]
[21:17:23] [Server thread/INFO]: RompOrTos se ha unido al servidor.
[21:17:23] [Server thread/INFO]: RompOrTos[/127.28.244.228:33145] logged in with entity id 5900 at ([world_nether]-46.616180226077205, 160.50139338559296, -43.99881454947891)
[21:17:23] [Server thread/ERROR]: Could not pass event ChunkLoadEvent to Permadeath v1.3
java.lang.ClassCastException: class net.minecraft.server.v1_16_R3.EntityArmorStand cannot be cast to class net.minecraft.server.v1_16_R3.EntityInsentient (net.minecraft.server.v1_16_R3.EntityArmorStand and net.minecraft.server.v1_16_R3.EntityInsentient are in unnamed module of loader 'app')
	at tech.sebazcrc.permadeath.nms.v1_16_R3.NMSAccessorImpl.registerAttribute(NMSAccessorImpl.java:57) ~[?:?]
	at tech.sebazcrc.permadeath.event.HostileEntityListener.injectHostileBehavior(HostileEntityListener.java:50) ~[?:?]
	at tech.sebazcrc.permadeath.event.HostileEntityListener.onChunkLoad(HostileEntityListener.java:68) ~[?:?]
	at com.destroystokyo.paper.event.executor.asm.generated.GeneratedEventExecutor44.execute(Unknown Source) ~[?:?]
	at org.bukkit.plugin.EventExecutor.lambda$create$1(EventExecutor.java:69) ~[patched_1.16.5.jar:git-Paper-794]
	at co.aikar.timings.TimedEventExecutor.execute(TimedEventExecutor.java:80) ~[patched_1.16.5.jar:git-Paper-794]
	at org.bukkit.plugin.RegisteredListener.callEvent(RegisteredListener.java:70) ~[patched_1.16.5.jar:git-Paper-794]
	at org.bukkit.plugin.SimplePluginManager.callEvent(SimplePluginManager.java:624) ~[patched_1.16.5.jar:git-Paper-794]
	at net.minecraft.server.v1_16_R3.Chunk.loadCallback(Chunk.java:875) ~[patched_1.16.5.jar:git-Paper-794]
	at net.minecraft.server.v1_16_R3.PlayerChunk.lambda$a$15(PlayerChunk.java:775) ~[patched_1.16.5.jar:git-Paper-794]
	at net.minecraft.server.v1_16_R3.PlayerChunkMap$CallbackExecutor.run(PlayerChunkMap.java:204) ~[patched_1.16.5.jar:git-Paper-794]
	at net.minecraft.server.v1_16_R3.PlayerChunk.a(PlayerChunk.java:785) ~[patched_1.16.5.jar:git-Paper-794]
	at net.minecraft.server.v1_16_R3.ChunkMapDistance.a(ChunkMapDistance.java:126) ~[patched_1.16.5.jar:git-Paper-794]
	at net.minecraft.server.v1_16_R3.ChunkProviderServer.tickDistanceManager(ChunkProviderServer.java:665) ~[patched_1.16.5.jar:git-Paper-794]
	at net.minecraft.server.v1_16_R3.ChunkProviderServer.saveIncrementally(ChunkProviderServer.java:724) ~[patched_1.16.5.jar:git-Paper-794]
	at net.minecraft.server.v1_16_R3.WorldServer.saveIncrementally(WorldServer.java:1085) ~[patched_1.16.5.jar:git-Paper-794]
	at net.minecraft.server.v1_16_R3.MinecraftServer.a(MinecraftServer.java:1378) ~[patched_1.16.5.jar:git-Paper-794]
	at net.minecraft.server.v1_16_R3.MinecraftServer.w(MinecraftServer.java:1135) ~[patched_1.16.5.jar:git-Paper-794]
	at net.minecraft.server.v1_16_R3.MinecraftServer.lambda$a$0(MinecraftServer.java:291) ~[patched_1.16.5.jar:git-Paper-794]
	at java.lang.Thread.run(Thread.java:829) [?:?]
[21:17:23] [Server thread/ERROR]: Could not pass event ChunkLoadEvent to Permadeath v1.3
java.lang.ClassCastException: class net.minecraft.server.v1_16_R3.EntityArmorStand cannot be cast to class net.minecraft.server.v1_16_R3.EntityInsentient (net.minecraft.server.v1_16_R3.EntityArmorStand and net.minecraft.server.v1_16_R3.EntityInsentient are in unnamed module of loader 'app')
	at tech.sebazcrc.permadeath.nms.v1_16_R3.NMSAccessorImpl.registerAttribute(NMSAccessorImpl.java:57) ~[?:?]
	at tech.sebazcrc.permadeath.event.HostileEntityListener.injectHostileBehavior(HostileEntityListener.java:50) ~[?:?]
	at tech.sebazcrc.permadeath.event.HostileEntityListener.onChunkLoad(HostileEntityListener.java:68) ~[?:?]
	at com.destroystokyo.paper.event.executor.asm.generated.GeneratedEventExecutor44.execute(Unknown Source) ~[?:?]
	at org.bukkit.plugin.EventExecutor.lambda$create$1(EventExecutor.java:69) ~[patched_1.16.5.jar:git-Paper-794]
	at co.aikar.timings.TimedEventExecutor.execute(TimedEventExecutor.java:80) ~[patched_1.16.5.jar:git-Paper-794]
	at org.bukkit.plugin.RegisteredListener.callEvent(RegisteredListener.java:70) ~[patched_1.16.5.jar:git-Paper-794]
	at org.bukkit.plugin.SimplePluginManager.callEvent(SimplePluginManager.java:624) ~[patched_1.16.5.jar:git-Paper-794]
	at net.minecraft.server.v1_16_R3.Chunk.loadCallback(Chunk.java:875) ~[patched_1.16.5.jar:git-Paper-794]
	at net.minecraft.server.v1_16_R3.PlayerChunk.lambda$a$15(PlayerChunk.java:775) ~[patched_1.16.5.jar:git-Paper-794]
	at net.minecraft.server.v1_16_R3.PlayerChunkMap$CallbackExecutor.run(PlayerChunkMap.java:204) ~[patched_1.16.5.jar:git-Paper-794]
	at net.minecraft.server.v1_16_R3.PlayerChunk.a(PlayerChunk.java:785) ~[patched_1.16.5.jar:git-Paper-794]
	at net.minecraft.server.v1_16_R3.ChunkMapDistance.a(ChunkMapDistance.java:126) ~[patched_1.16.5.jar:git-Paper-794]
	at net.minecraft.server.v1_16_R3.ChunkProviderServer.tickDistanceManager(ChunkProviderServer.java:665) ~[patched_1.16.5.jar:git-Paper-794]
	at net.minecraft.server.v1_16_R3.ChunkProviderServer.saveIncrementally(ChunkProviderServer.java:724) ~[patched_1.16.5.jar:git-Paper-794]
	at net.minecraft.server.v1_16_R3.WorldServer.saveIncrementally(WorldServer.java:1085) ~[patched_1.16.5.jar:git-Paper-794]
	at net.minecraft.server.v1_16_R3.MinecraftServer.a(MinecraftServer.java:1378) ~[patched_1.16.5.jar:git-Paper-794]
	at net.minecraft.server.v1_16_R3.MinecraftServer.w(MinecraftServer.java:1135) ~[patched_1.16.5.jar:git-Paper-794]
	at net.minecraft.server.v1_16_R3.MinecraftServer.lambda$a$0(MinecraftServer.java:291) ~[patched_1.16.5.jar:git-Paper-794]
	at java.lang.Thread.run(Thread.java:829) [?:?]
[21:21:41] [User Authenticator #3/INFO]: UUID of player Jer_efece is 840e1dc2-d2ed-3664-ae8c-c53cfbe0648a
[21:21:41] [Server thread/INFO]: Jer_efece se ha unido al servidor.
[21:21:41] [Server thread/INFO]: Jer_efece[/127.59.58.120:44717] logged in with entity id 10064 at ([world]13.237500011920929, 232.5, -174.30000001192093)
[21:21:41] [Server thread/ERROR]: Could not pass event ChunkLoadEvent to Permadeath v1.3
java.lang.ClassCastException: class net.minecraft.server.v1_16_R3.EntityArmorStand cannot be cast to class net.minecraft.server.v1_16_R3.EntityInsentient (net.minecraft.server.v1_16_R3.EntityArmorStand and net.minecraft.server.v1_16_R3.EntityInsentient are in unnamed module of loader 'app')
	at tech.sebazcrc.permadeath.nms.v1_16_R3.NMSAccessorImpl.registerAttribute(NMSAccessorImpl.java:57) ~[?:?]
	at tech.sebazcrc.permadeath.event.HostileEntityListener.injectHostileBehavior(HostileEntityListener.java:50) ~[?:?]
	at tech.sebazcrc.permadeath.event.HostileEntityListener.onChunkLoad(HostileEntityListener.java:68) ~[?:?]
	at com.destroystokyo.paper.event.executor.asm.generated.GeneratedEventExecutor44.execute(Unknown Source) ~[?:?]
	at org.bukkit.plugin.EventExecutor.lambda$create$1(EventExecutor.java:69) ~[patched_1.16.5.jar:git-Paper-794]
	at co.aikar.timings.TimedEventExecutor.execute(TimedEventExecutor.java:80) ~[patched_1.16.5.jar:git-Paper-794]
	at org.bukkit.plugin.RegisteredListener.callEvent(RegisteredListener.java:70) ~[patched_1.16.5.jar:git-Paper-794]
	at org.bukkit.plugin.SimplePluginManager.callEvent(SimplePluginManager.java:624) ~[patched_1.16.5.jar:git-Paper-794]
	at net.minecraft.server.v1_16_R3.Chunk.loadCallback(Chunk.java:875) ~[patched_1.16.5.jar:git-Paper-794]
	at net.minecraft.server.v1_16_R3.PlayerChunk.lambda$a$15(PlayerChunk.java:775) ~[patched_1.16.5.jar:git-Paper-794]
	at net.minecraft.server.v1_16_R3.PlayerChunkMap$CallbackExecutor.run(PlayerChunkMap.java:204) ~[patched_1.16.5.jar:git-Paper-794]
	at net.minecraft.server.v1_16_R3.ChunkProviderServer$a.executeNext(ChunkProviderServer.java:1080) ~[patched_1.16.5.jar:git-Paper-794]
	at net.minecraft.server.v1_16_R3.ChunkProviderServer$a.midTickLoadChunks(ChunkProviderServer.java:1057) ~[patched_1.16.5.jar:git-Paper-794]
	at net.minecraft.server.v1_16_R3.MinecraftServer.midTickLoadChunks(MinecraftServer.java:1240) ~[patched_1.16.5.jar:git-Paper-794]
	at net.minecraft.server.v1_16_R3.MinecraftServer.b(MinecraftServer.java:1434) ~[patched_1.16.5.jar:git-Paper-794]
	at net.minecraft.server.v1_16_R3.DedicatedServer.b(DedicatedServer.java:436) ~[patched_1.16.5.jar:git-Paper-794]
	at net.minecraft.server.v1_16_R3.MinecraftServer.a(MinecraftServer.java:1347) ~[patched_1.16.5.jar:git-Paper-794]
	at net.minecraft.server.v1_16_R3.MinecraftServer.w(MinecraftServer.java:1135) ~[patched_1.16.5.jar:git-Paper-794]
	at net.minecraft.server.v1_16_R3.MinecraftServer.lambda$a$0(MinecraftServer.java:291) ~[patched_1.16.5.jar:git-Paper-794]
	at java.lang.Thread.run(Thread.java:829) [?:?]
[21:21:42] [Server thread/ERROR]: Could not pass event ChunkLoadEvent to Permadeath v1.3
java.lang.ClassCastException: class net.minecraft.server.v1_16_R3.EntityArmorStand cannot be cast to class net.minecraft.server.v1_16_R3.EntityInsentient (net.minecraft.server.v1_16_R3.EntityArmorStand and net.minecraft.server.v1_16_R3.EntityInsentient are in unnamed module of loader 'app')
	at tech.sebazcrc.permadeath.nms.v1_16_R3.NMSAccessorImpl.registerAttribute(NMSAccessorImpl.java:57) ~[?:?]
	at tech.sebazcrc.permadeath.event.HostileEntityListener.injectHostileBehavior(HostileEntityListener.java:50) ~[?:?]
	at tech.sebazcrc.permadeath.event.HostileEntityListener.onChunkLoad(HostileEntityListener.java:68) ~[?:?]
	at com.destroystokyo.paper.event.executor.asm.generated.GeneratedEventExecutor44.execute(Unknown Source) ~[?:?]
	at org.bukkit.plugin.EventExecutor.lambda$create$1(EventExecutor.java:69) ~[patched_1.16.5.jar:git-Paper-794]
	at co.aikar.timings.TimedEventExecutor.execute(TimedEventExecutor.java:80) ~[patched_1.16.5.jar:git-Paper-794]
	at org.bukkit.plugin.RegisteredListener.callEvent(RegisteredListener.java:70) ~[patched_1.16.5.jar:git-Paper-794]
	at org.bukkit.plugin.SimplePluginManager.callEvent(SimplePluginManager.java:624) ~[patched_1.16.5.jar:git-Paper-794]
	at net.minecraft.server.v1_16_R3.Chunk.loadCallback(Chunk.java:875) ~[patched_1.16.5.jar:git-Paper-794]
	at net.minecraft.server.v1_16_R3.PlayerChunk.lambda$a$15(PlayerChunk.java:775) ~[patched_1.16.5.jar:git-Paper-794]
	at net.minecraft.server.v1_16_R3.PlayerChunkMap$CallbackExecutor.run(PlayerChunkMap.java:204) ~[patched_1.16.5.jar:git-Paper-794]
	at net.minecraft.server.v1_16_R3.ChunkProviderServer$a.executeNext(ChunkProviderServer.java:1080) ~[patched_1.16.5.jar:git-Paper-794]
	at net.minecraft.server.v1_16_R3.ChunkProviderServer$a.midTickLoadChunks(ChunkProviderServer.java:1057) ~[patched_1.16.5.jar:git-Paper-794]
	at net.minecraft.server.v1_16_R3.MinecraftServer.midTickLoadChunks(MinecraftServer.java:1240) ~[patched_1.16.5.jar:git-Paper-794]
	at net.minecraft.server.v1_16_R3.WorldServer.doTick(WorldServer.java:672) ~[patched_1.16.5.jar:git-Paper-794]
	at net.minecraft.server.v1_16_R3.MinecraftServer.b(MinecraftServer.java:1495) ~[patched_1.16.5.jar:git-Paper-794]
	at net.minecraft.server.v1_16_R3.DedicatedServer.b(DedicatedServer.java:436) ~[patched_1.16.5.jar:git-Paper-794]
	at net.minecraft.server.v1_16_R3.MinecraftServer.a(MinecraftServer.java:1347) ~[patched_1.16.5.jar:git-Paper-794]
	at net.minecraft.server.v1_16_R3.MinecraftServer.w(MinecraftServer.java:1135) ~[patched_1.16.5.jar:git-Paper-794]
	at net.minecraft.server.v1_16_R3.MinecraftServer.lambda$a$0(MinecraftServer.java:291) ~[patched_1.16.5.jar:git-Paper-794]
	at java.lang.Thread.run(Thread.java:829) [?:?]
[21:21:59] [Server thread/INFO]: Jer_efece issued server command: /gamemode creative
[21:22:46] [User Authenticator #4/INFO]: UUID of player TTottaly_RED is d8ae0c5b-a25c-39d6-87c6-bf16b596b378
[21:22:46] [Server thread/INFO]: TTottaly_RED se ha unido al servidor.
[21:22:46] [Server thread/INFO]: TTottaly_RED[/127.254.8.138:40337] logged in with entity id 11308 at ([world]17.347840869316595, 232.0, -180.14305199539928)
[21:29:29] [Server thread/INFO]: Jer_efece issued server command: /gamemode survival
[21:31:22] [Server thread/INFO]: Jer_efece issued server command: /gamemode creative
[21:31:23] [Server thread/INFO]: Jer_efece issued server command: /gamemode survival
[21:31:59] [Server thread/INFO]: El jugador Jer_efece ha consumido tres tótems (Probabilidad: 93 = 93)
[21:31:59] [Server thread/INFO]: ¡Los tótems de Jer_efece han fallado!
[21:31:59] [Server thread/INFO]: Set the weather to rain & thunder
[21:31:59] [Server thread/INFO]: Permadeath ➤ The Beginning ha cerrado temporalmente (DeathTrain).
[21:31:59] [Server thread/INFO]: Permadeath ➤ ¡Ha comenzado el modo UHC!
[21:31:59] [Server thread/INFO]: Jer_efece ha muerto y ahora descanza en paz.
[21:31:59] [Server thread/INFO]: Este es el comienzo del sufrimiento eterno de Jer_efece. ¡HA SIDO PERMABANEADO!
[21:31:59] [Server thread/INFO]: X: 24 || Y: 248 || Z: -156
[21:31:59] [Server thread/INFO]: Jer_efece was blown up by Ender Quantum Creeper
[21:32:04] [Server thread/INFO]: ¡Comienza el Death Train con duración de 5 horas y 30 minutos!
[21:32:17] [Server thread/INFO]: Jer_efece issued server command: /gamemode survival
[21:32:20] [Server thread/INFO]: Jer_efece issued server command: /gamemode creative
[21:32:57] [Server thread/INFO]: Jer_efece issued server command: /effect clear
[21:34:11] [Server thread/INFO]: TTottaly_RED has completed the challenge [Cover Me in Debris]
[21:34:16] [Server thread/INFO]: Jer_efece issued server command: /effect clear
[21:35:27] [Server thread/ERROR]: Could not pass event ChunkLoadEvent to Permadeath v1.3
java.lang.ClassCastException: class net.minecraft.server.v1_16_R3.EntityArmorStand cannot be cast to class net.minecraft.server.v1_16_R3.EntityInsentient (net.minecraft.server.v1_16_R3.EntityArmorStand and net.minecraft.server.v1_16_R3.EntityInsentient are in unnamed module of loader 'app')
	at tech.sebazcrc.permadeath.nms.v1_16_R3.NMSAccessorImpl.registerAttribute(NMSAccessorImpl.java:57) ~[?:?]
	at tech.sebazcrc.permadeath.event.HostileEntityListener.injectHostileBehavior(HostileEntityListener.java:50) ~[?:?]
	at tech.sebazcrc.permadeath.event.HostileEntityListener.onChunkLoad(HostileEntityListener.java:68) ~[?:?]
	at com.destroystokyo.paper.event.executor.asm.generated.GeneratedEventExecutor44.execute(Unknown Source) ~[?:?]
	at org.bukkit.plugin.EventExecutor.lambda$create$1(EventExecutor.java:69) ~[patched_1.16.5.jar:git-Paper-794]
	at co.aikar.timings.TimedEventExecutor.execute(TimedEventExecutor.java:80) ~[patched_1.16.5.jar:git-Paper-794]
	at org.bukkit.plugin.RegisteredListener.callEvent(RegisteredListener.java:70) ~[patched_1.16.5.jar:git-Paper-794]
	at org.bukkit.plugin.SimplePluginManager.callEvent(SimplePluginManager.java:624) ~[patched_1.16.5.jar:git-Paper-794]
	at net.minecraft.server.v1_16_R3.Chunk.loadCallback(Chunk.java:875) ~[patched_1.16.5.jar:git-Paper-794]
	at net.minecraft.server.v1_16_R3.PlayerChunk.lambda$a$15(PlayerChunk.java:775) ~[patched_1.16.5.jar:git-Paper-794]
	at net.minecraft.server.v1_16_R3.PlayerChunkMap$CallbackExecutor.run(PlayerChunkMap.java:204) ~[patched_1.16.5.jar:git-Paper-794]
	at net.minecraft.server.v1_16_R3.PlayerChunk.a(PlayerChunk.java:785) ~[patched_1.16.5.jar:git-Paper-794]
	at net.minecraft.server.v1_16_R3.ChunkMapDistance.a(ChunkMapDistance.java:126) ~[patched_1.16.5.jar:git-Paper-794]
	at net.minecraft.server.v1_16_R3.ChunkProviderServer.tickDistanceManager(ChunkProviderServer.java:665) ~[patched_1.16.5.jar:git-Paper-794]
	at net.minecraft.server.v1_16_R3.ChunkMapDistance.addPriorityTicket(ChunkMapDistance.java:303) ~[patched_1.16.5.jar:git-Paper-794]
	at net.minecraft.server.v1_16_R3.ChunkMapDistance.markUrgent(ChunkMapDistance.java:230) ~[patched_1.16.5.jar:git-Paper-794]
	at net.minecraft.server.v1_16_R3.ChunkProviderServer.getChunkFutureMainThread(ChunkProviderServer.java:593) ~[patched_1.16.5.jar:git-Paper-794]
	at net.minecraft.server.v1_16_R3.ChunkProviderServer.getChunkAt(ChunkProviderServer.java:525) ~[patched_1.16.5.jar:git-Paper-794]
	at net.minecraft.server.v1_16_R3.World.getType(World.java:745) ~[patched_1.16.5.jar:git-Paper-794]
	at net.minecraft.server.v1_16_R3.PortalTravelAgent.lambda$findPortal$4(PortalTravelAgent.java:60) ~[patched_1.16.5.jar:git-Paper-794]
	at net.minecraft.server.v1_16_R3.BlockUtil.a(SourceFile:192) ~[patched_1.16.5.jar:git-Paper-794]
	at net.minecraft.server.v1_16_R3.BlockUtil.a(SourceFile:80) ~[patched_1.16.5.jar:git-Paper-794]
	at net.minecraft.server.v1_16_R3.PortalTravelAgent.lambda$findPortal$5(PortalTravelAgent.java:59) ~[patched_1.16.5.jar:git-Paper-794]
	at java.util.Optional.map(Optional.java:265) ~[?:?]
	at net.minecraft.server.v1_16_R3.PortalTravelAgent.findPortal(PortalTravelAgent.java:53) ~[patched_1.16.5.jar:git-Paper-794]
	at net.minecraft.server.v1_16_R3.Entity.findOrCreatePortal(Entity.java:2866) ~[patched_1.16.5.jar:git-Paper-794]
	at net.minecraft.server.v1_16_R3.EntityPlayer.findOrCreatePortal(EntityPlayer.java:1178) ~[patched_1.16.5.jar:git-Paper-794]
	at net.minecraft.server.v1_16_R3.Entity.a(Entity.java:2803) ~[patched_1.16.5.jar:git-Paper-794]
	at net.minecraft.server.v1_16_R3.EntityPlayer.a(EntityPlayer.java:1007) ~[patched_1.16.5.jar:git-Paper-794]
	at net.minecraft.server.v1_16_R3.EntityPlayer.b(EntityPlayer.java:1061) ~[patched_1.16.5.jar:git-Paper-794]
	at net.minecraft.server.v1_16_R3.Entity.doPortalTick(Entity.java:2318) ~[patched_1.16.5.jar:git-Paper-794]
	at net.minecraft.server.v1_16_R3.Entity.entityBaseTick(Entity.java:555) ~[patched_1.16.5.jar:git-Paper-794]
	at net.minecraft.server.v1_16_R3.EntityLiving.entityBaseTick(EntityLiving.java:360) ~[patched_1.16.5.jar:git-Paper-794]
	at net.minecraft.server.v1_16_R3.Entity.tick(Entity.java:530) ~[patched_1.16.5.jar:git-Paper-794]
	at net.minecraft.server.v1_16_R3.EntityLiving.tick(EntityLiving.java:2543) ~[patched_1.16.5.jar:git-Paper-794]
	at net.minecraft.server.v1_16_R3.EntityHuman.tick(EntityHuman.java:258) ~[patched_1.16.5.jar:git-Paper-794]
	at net.minecraft.server.v1_16_R3.EntityPlayer.playerTick(EntityPlayer.java:658) ~[patched_1.16.5.jar:git-Paper-794]
	at net.minecraft.server.v1_16_R3.PlayerConnection.tick(PlayerConnection.java:325) ~[patched_1.16.5.jar:git-Paper-794]
	at net.minecraft.server.v1_16_R3.NetworkManager.a(NetworkManager.java:408) ~[patched_1.16.5.jar:git-Paper-794]
	at net.minecraft.server.v1_16_R3.ServerConnection.c(ServerConnection.java:168) ~[patched_1.16.5.jar:git-Paper-794]
	at net.minecraft.server.v1_16_R3.MinecraftServer.b(MinecraftServer.java:1520) ~[patched_1.16.5.jar:git-Paper-794]
	at net.minecraft.server.v1_16_R3.DedicatedServer.b(DedicatedServer.java:436) ~[patched_1.16.5.jar:git-Paper-794]
	at net.minecraft.server.v1_16_R3.MinecraftServer.a(MinecraftServer.java:1347) ~[patched_1.16.5.jar:git-Paper-794]
	at net.minecraft.server.v1_16_R3.MinecraftServer.w(MinecraftServer.java:1135) ~[patched_1.16.5.jar:git-Paper-794]
	at net.minecraft.server.v1_16_R3.MinecraftServer.lambda$a$0(MinecraftServer.java:291) ~[patched_1.16.5.jar:git-Paper-794]
	at java.lang.Thread.run(Thread.java:829) [?:?]
[21:35:27] [Server thread/ERROR]: Could not pass event ChunkLoadEvent to Permadeath v1.3
java.lang.ClassCastException: class net.minecraft.server.v1_16_R3.EntityArmorStand cannot be cast to class net.minecraft.server.v1_16_R3.EntityInsentient (net.minecraft.server.v1_16_R3.EntityArmorStand and net.minecraft.server.v1_16_R3.EntityInsentient are in unnamed module of loader 'app')
	at tech.sebazcrc.permadeath.nms.v1_16_R3.NMSAccessorImpl.registerAttribute(NMSAccessorImpl.java:57) ~[?:?]
	at tech.sebazcrc.permadeath.event.HostileEntityListener.injectHostileBehavior(HostileEntityListener.java:50) ~[?:?]
	at tech.sebazcrc.permadeath.event.HostileEntityListener.onChunkLoad(HostileEntityListener.java:68) ~[?:?]
	at com.destroystokyo.paper.event.executor.asm.generated.GeneratedEventExecutor44.execute(Unknown Source) ~[?:?]
	at org.bukkit.plugin.EventExecutor.lambda$create$1(EventExecutor.java:69) ~[patched_1.16.5.jar:git-Paper-794]
	at co.aikar.timings.TimedEventExecutor.execute(TimedEventExecutor.java:80) ~[patched_1.16.5.jar:git-Paper-794]
	at org.bukkit.plugin.RegisteredListener.callEvent(RegisteredListener.java:70) ~[patched_1.16.5.jar:git-Paper-794]
	at org.bukkit.plugin.SimplePluginManager.callEvent(SimplePluginManager.java:624) ~[patched_1.16.5.jar:git-Paper-794]
	at net.minecraft.server.v1_16_R3.Chunk.loadCallback(Chunk.java:875) ~[patched_1.16.5.jar:git-Paper-794]
	at net.minecraft.server.v1_16_R3.PlayerChunk.lambda$a$15(PlayerChunk.java:775) ~[patched_1.16.5.jar:git-Paper-794]
	at net.minecraft.server.v1_16_R3.PlayerChunkMap$CallbackExecutor.run(PlayerChunkMap.java:204) ~[patched_1.16.5.jar:git-Paper-794]
	at net.minecraft.server.v1_16_R3.PlayerChunk.a(PlayerChunk.java:785) ~[patched_1.16.5.jar:git-Paper-794]
	at net.minecraft.server.v1_16_R3.ChunkMapDistance.a(ChunkMapDistance.java:126) ~[patched_1.16.5.jar:git-Paper-794]
	at net.minecraft.server.v1_16_R3.ChunkProviderServer.tickDistanceManager(ChunkProviderServer.java:665) ~[patched_1.16.5.jar:git-Paper-794]
	at net.minecraft.server.v1_16_R3.ChunkMapDistance.addPriorityTicket(ChunkMapDistance.java:303) ~[patched_1.16.5.jar:git-Paper-794]
	at net.minecraft.server.v1_16_R3.ChunkMapDistance.markUrgent(ChunkMapDistance.java:230) ~[patched_1.16.5.jar:git-Paper-794]
	at net.minecraft.server.v1_16_R3.ChunkProviderServer.getChunkFutureMainThread(ChunkProviderServer.java:593) ~[patched_1.16.5.jar:git-Paper-794]
	at net.minecraft.server.v1_16_R3.ChunkProviderServer.getChunkAt(ChunkProviderServer.java:525) ~[patched_1.16.5.jar:git-Paper-794]
	at net.minecraft.server.v1_16_R3.World.getType(World.java:745) ~[patched_1.16.5.jar:git-Paper-794]
	at net.minecraft.server.v1_16_R3.PortalTravelAgent.lambda$findPortal$4(PortalTravelAgent.java:60) ~[patched_1.16.5.jar:git-Paper-794]
	at net.minecraft.server.v1_16_R3.BlockUtil.a(SourceFile:192) ~[patched_1.16.5.jar:git-Paper-794]
	at net.minecraft.server.v1_16_R3.BlockUtil.a(SourceFile:80) ~[patched_1.16.5.jar:git-Paper-794]
	at net.minecraft.server.v1_16_R3.PortalTravelAgent.lambda$findPortal$5(PortalTravelAgent.java:59) ~[patched_1.16.5.jar:git-Paper-794]
	at java.util.Optional.map(Optional.java:265) ~[?:?]
	at net.minecraft.server.v1_16_R3.PortalTravelAgent.findPortal(PortalTravelAgent.java:53) ~[patched_1.16.5.jar:git-Paper-794]
	at net.minecraft.server.v1_16_R3.Entity.findOrCreatePortal(Entity.java:2866) ~[patched_1.16.5.jar:git-Paper-794]
	at net.minecraft.server.v1_16_R3.EntityPlayer.findOrCreatePortal(EntityPlayer.java:1178) ~[patched_1.16.5.jar:git-Paper-794]
	at net.minecraft.server.v1_16_R3.Entity.a(Entity.java:2803) ~[patched_1.16.5.jar:git-Paper-794]
	at net.minecraft.server.v1_16_R3.EntityPlayer.a(EntityPlayer.java:1007) ~[patched_1.16.5.jar:git-Paper-794]
	at net.minecraft.server.v1_16_R3.EntityPlayer.b(EntityPlayer.java:1061) ~[patched_1.16.5.jar:git-Paper-794]
	at net.minecraft.server.v1_16_R3.Entity.doPortalTick(Entity.java:2318) ~[patched_1.16.5.jar:git-Paper-794]
	at net.minecraft.server.v1_16_R3.Entity.entityBaseTick(Entity.java:555) ~[patched_1.16.5.jar:git-Paper-794]
	at net.minecraft.server.v1_16_R3.EntityLiving.entityBaseTick(EntityLiving.java:360) ~[patched_1.16.5.jar:git-Paper-794]
	at net.minecraft.server.v1_16_R3.Entity.tick(Entity.java:530) ~[patched_1.16.5.jar:git-Paper-794]
	at net.minecraft.server.v1_16_R3.EntityLiving.tick(EntityLiving.java:2543) ~[patched_1.16.5.jar:git-Paper-794]
	at net.minecraft.server.v1_16_R3.EntityHuman.tick(EntityHuman.java:258) ~[patched_1.16.5.jar:git-Paper-794]
	at net.minecraft.server.v1_16_R3.EntityPlayer.playerTick(EntityPlayer.java:658) ~[patched_1.16.5.jar:git-Paper-794]
	at net.minecraft.server.v1_16_R3.PlayerConnection.tick(PlayerConnection.java:325) ~[patched_1.16.5.jar:git-Paper-794]
	at net.minecraft.server.v1_16_R3.NetworkManager.a(NetworkManager.java:408) ~[patched_1.16.5.jar:git-Paper-794]
	at net.minecraft.server.v1_16_R3.ServerConnection.c(ServerConnection.java:168) ~[patched_1.16.5.jar:git-Paper-794]
	at net.minecraft.server.v1_16_R3.MinecraftServer.b(MinecraftServer.java:1520) ~[patched_1.16.5.jar:git-Paper-794]
	at net.minecraft.server.v1_16_R3.DedicatedServer.b(DedicatedServer.java:436) ~[patched_1.16.5.jar:git-Paper-794]
	at net.minecraft.server.v1_16_R3.MinecraftServer.a(MinecraftServer.java:1347) ~[patched_1.16.5.jar:git-Paper-794]
	at net.minecraft.server.v1_16_R3.MinecraftServer.w(MinecraftServer.java:1135) ~[patched_1.16.5.jar:git-Paper-794]
	at net.minecraft.server.v1_16_R3.MinecraftServer.lambda$a$0(MinecraftServer.java:291) ~[patched_1.16.5.jar:git-Paper-794]
	at java.lang.Thread.run(Thread.java:829) [?:?]
[21:35:27] [Server thread/ERROR]: Could not pass event ChunkLoadEvent to Permadeath v1.3
java.lang.ClassCastException: class net.minecraft.server.v1_16_R3.EntityArmorStand cannot be cast to class net.minecraft.server.v1_16_R3.EntityInsentient (net.minecraft.server.v1_16_R3.EntityArmorStand and net.minecraft.server.v1_16_R3.EntityInsentient are in unnamed module of loader 'app')
	at tech.sebazcrc.permadeath.nms.v1_16_R3.NMSAccessorImpl.registerAttribute(NMSAccessorImpl.java:57) ~[?:?]
	at tech.sebazcrc.permadeath.event.HostileEntityListener.injectHostileBehavior(HostileEntityListener.java:50) ~[?:?]
	at tech.sebazcrc.permadeath.event.HostileEntityListener.onChunkLoad(HostileEntityListener.java:68) ~[?:?]
	at com.destroystokyo.paper.event.executor.asm.generated.GeneratedEventExecutor44.execute(Unknown Source) ~[?:?]
	at org.bukkit.plugin.EventExecutor.lambda$create$1(EventExecutor.java:69) ~[patched_1.16.5.jar:git-Paper-794]
	at co.aikar.timings.TimedEventExecutor.execute(TimedEventExecutor.java:80) ~[patched_1.16.5.jar:git-Paper-794]
	at org.bukkit.plugin.RegisteredListener.callEvent(RegisteredListener.java:70) ~[patched_1.16.5.jar:git-Paper-794]
	at org.bukkit.plugin.SimplePluginManager.callEvent(SimplePluginManager.java:624) ~[patched_1.16.5.jar:git-Paper-794]
	at net.minecraft.server.v1_16_R3.Chunk.loadCallback(Chunk.java:875) ~[patched_1.16.5.jar:git-Paper-794]
	at net.minecraft.server.v1_16_R3.PlayerChunk.lambda$a$15(PlayerChunk.java:775) ~[patched_1.16.5.jar:git-Paper-794]
	at net.minecraft.server.v1_16_R3.PlayerChunkMap$CallbackExecutor.run(PlayerChunkMap.java:204) ~[patched_1.16.5.jar:git-Paper-794]
	at net.minecraft.server.v1_16_R3.PlayerChunk.a(PlayerChunk.java:785) ~[patched_1.16.5.jar:git-Paper-794]
	at net.minecraft.server.v1_16_R3.ChunkMapDistance.a(ChunkMapDistance.java:126) ~[patched_1.16.5.jar:git-Paper-794]
	at net.minecraft.server.v1_16_R3.ChunkProviderServer.tickDistanceManager(ChunkProviderServer.java:665) ~[patched_1.16.5.jar:git-Paper-794]
	at net.minecraft.server.v1_16_R3.ChunkMapDistance.addPriorityTicket(ChunkMapDistance.java:303) ~[patched_1.16.5.jar:git-Paper-794]
	at net.minecraft.server.v1_16_R3.ChunkMapDistance.markUrgent(ChunkMapDistance.java:230) ~[patched_1.16.5.jar:git-Paper-794]
	at net.minecraft.server.v1_16_R3.ChunkProviderServer.getChunkFutureMainThread(ChunkProviderServer.java:593) ~[patched_1.16.5.jar:git-Paper-794]
	at net.minecraft.server.v1_16_R3.ChunkProviderServer.getChunkAt(ChunkProviderServer.java:525) ~[patched_1.16.5.jar:git-Paper-794]
	at net.minecraft.server.v1_16_R3.World.getType(World.java:745) ~[patched_1.16.5.jar:git-Paper-794]
	at net.minecraft.server.v1_16_R3.PortalTravelAgent.lambda$findPortal$4(PortalTravelAgent.java:60) ~[patched_1.16.5.jar:git-Paper-794]
	at net.minecraft.server.v1_16_R3.BlockUtil.a(SourceFile:192) ~[patched_1.16.5.jar:git-Paper-794]
	at net.minecraft.server.v1_16_R3.BlockUtil.a(SourceFile:80) ~[patched_1.16.5.jar:git-Paper-794]
	at net.minecraft.server.v1_16_R3.PortalTravelAgent.lambda$findPortal$5(PortalTravelAgent.java:59) ~[patched_1.16.5.jar:git-Paper-794]
	at java.util.Optional.map(Optional.java:265) ~[?:?]
	at net.minecraft.server.v1_16_R3.PortalTravelAgent.findPortal(PortalTravelAgent.java:53) ~[patched_1.16.5.jar:git-Paper-794]
	at net.minecraft.server.v1_16_R3.Entity.findOrCreatePortal(Entity.java:2866) ~[patched_1.16.5.jar:git-Paper-794]
	at net.minecraft.server.v1_16_R3.EntityPlayer.findOrCreatePortal(EntityPlayer.java:1178) ~[patched_1.16.5.jar:git-Paper-794]
	at net.minecraft.server.v1_16_R3.Entity.a(Entity.java:2803) ~[patched_1.16.5.jar:git-Paper-794]
	at net.minecraft.server.v1_16_R3.EntityPlayer.a(EntityPlayer.java:1007) ~[patched_1.16.5.jar:git-Paper-794]
	at net.minecraft.server.v1_16_R3.EntityPlayer.b(EntityPlayer.java:1061) ~[patched_1.16.5.jar:git-Paper-794]
	at net.minecraft.server.v1_16_R3.Entity.doPortalTick(Entity.java:2318) ~[patched_1.16.5.jar:git-Paper-794]
	at net.minecraft.server.v1_16_R3.Entity.entityBaseTick(Entity.java:555) ~[patched_1.16.5.jar:git-Paper-794]
	at net.minecraft.server.v1_16_R3.EntityLiving.entityBaseTick(EntityLiving.java:360) ~[patched_1.16.5.jar:git-Paper-794]
	at net.minecraft.server.v1_16_R3.Entity.tick(Entity.java:530) ~[patched_1.16.5.jar:git-Paper-794]
	at net.minecraft.server.v1_16_R3.EntityLiving.tick(EntityLiving.java:2543) ~[patched_1.16.5.jar:git-Paper-794]
	at net.minecraft.server.v1_16_R3.EntityHuman.tick(EntityHuman.java:258) ~[patched_1.16.5.jar:git-Paper-794]
	at net.minecraft.server.v1_16_R3.EntityPlayer.playerTick(EntityPlayer.java:658) ~[patched_1.16.5.jar:git-Paper-794]
	at net.minecraft.server.v1_16_R3.PlayerConnection.tick(PlayerConnection.java:325) ~[patched_1.16.5.jar:git-Paper-794]
	at net.minecraft.server.v1_16_R3.NetworkManager.a(NetworkManager.java:408) ~[patched_1.16.5.jar:git-Paper-794]
	at net.minecraft.server.v1_16_R3.ServerConnection.c(ServerConnection.java:168) ~[patched_1.16.5.jar:git-Paper-794]
	at net.minecraft.server.v1_16_R3.MinecraftServer.b(MinecraftServer.java:1520) ~[patched_1.16.5.jar:git-Paper-794]
	at net.minecraft.server.v1_16_R3.DedicatedServer.b(DedicatedServer.java:436) ~[patched_1.16.5.jar:git-Paper-794]
	at net.minecraft.server.v1_16_R3.MinecraftServer.a(MinecraftServer.java:1347) ~[patched_1.16.5.jar:git-Paper-794]
	at net.minecraft.server.v1_16_R3.MinecraftServer.w(MinecraftServer.java:1135) ~[patched_1.16.5.jar:git-Paper-794]
	at net.minecraft.server.v1_16_R3.MinecraftServer.lambda$a$0(MinecraftServer.java:291) ~[patched_1.16.5.jar:git-Paper-794]
	at java.lang.Thread.run(Thread.java:829) [?:?]
[21:35:27] [Server thread/ERROR]: Could not pass event ChunkLoadEvent to Permadeath v1.3
java.lang.ClassCastException: class net.minecraft.server.v1_16_R3.EntityArmorStand cannot be cast to class net.minecraft.server.v1_16_R3.EntityInsentient (net.minecraft.server.v1_16_R3.EntityArmorStand and net.minecraft.server.v1_16_R3.EntityInsentient are in unnamed module of loader 'app')
	at tech.sebazcrc.permadeath.nms.v1_16_R3.NMSAccessorImpl.registerAttribute(NMSAccessorImpl.java:57) ~[?:?]
	at tech.sebazcrc.permadeath.event.HostileEntityListener.injectHostileBehavior(HostileEntityListener.java:50) ~[?:?]
	at tech.sebazcrc.permadeath.event.HostileEntityListener.onChunkLoad(HostileEntityListener.java:68) ~[?:?]
	at com.destroystokyo.paper.event.executor.asm.generated.GeneratedEventExecutor44.execute(Unknown Source) ~[?:?]
	at org.bukkit.plugin.EventExecutor.lambda$create$1(EventExecutor.java:69) ~[patched_1.16.5.jar:git-Paper-794]
	at co.aikar.timings.TimedEventExecutor.execute(TimedEventExecutor.java:80) ~[patched_1.16.5.jar:git-Paper-794]
	at org.bukkit.plugin.RegisteredListener.callEvent(RegisteredListener.java:70) ~[patched_1.16.5.jar:git-Paper-794]
	at org.bukkit.plugin.SimplePluginManager.callEvent(SimplePluginManager.java:624) ~[patched_1.16.5.jar:git-Paper-794]
	at net.minecraft.server.v1_16_R3.Chunk.loadCallback(Chunk.java:875) ~[patched_1.16.5.jar:git-Paper-794]
	at net.minecraft.server.v1_16_R3.PlayerChunk.lambda$a$15(PlayerChunk.java:775) ~[patched_1.16.5.jar:git-Paper-794]
	at net.minecraft.server.v1_16_R3.PlayerChunkMap$CallbackExecutor.run(PlayerChunkMap.java:204) ~[patched_1.16.5.jar:git-Paper-794]
	at net.minecraft.server.v1_16_R3.PlayerChunk.a(PlayerChunk.java:785) ~[patched_1.16.5.jar:git-Paper-794]
	at net.minecraft.server.v1_16_R3.ChunkMapDistance.a(ChunkMapDistance.java:126) ~[patched_1.16.5.jar:git-Paper-794]
	at net.minecraft.server.v1_16_R3.ChunkProviderServer.tickDistanceManager(ChunkProviderServer.java:665) ~[patched_1.16.5.jar:git-Paper-794]
	at net.minecraft.server.v1_16_R3.ChunkMapDistance.addPriorityTicket(ChunkMapDistance.java:303) ~[patched_1.16.5.jar:git-Paper-794]
	at net.minecraft.server.v1_16_R3.ChunkMapDistance.markUrgent(ChunkMapDistance.java:230) ~[patched_1.16.5.jar:git-Paper-794]
	at net.minecraft.server.v1_16_R3.ChunkProviderServer.getChunkFutureMainThread(ChunkProviderServer.java:593) ~[patched_1.16.5.jar:git-Paper-794]
	at net.minecraft.server.v1_16_R3.ChunkProviderServer.getChunkAt(ChunkProviderServer.java:525) ~[patched_1.16.5.jar:git-Paper-794]
	at net.minecraft.server.v1_16_R3.World.getType(World.java:745) ~[patched_1.16.5.jar:git-Paper-794]
	at net.minecraft.server.v1_16_R3.PortalTravelAgent.lambda$findPortal$4(PortalTravelAgent.java:60) ~[patched_1.16.5.jar:git-Paper-794]
	at net.minecraft.server.v1_16_R3.BlockUtil.a(SourceFile:192) ~[patched_1.16.5.jar:git-Paper-794]
	at net.minecraft.server.v1_16_R3.BlockUtil.a(SourceFile:80) ~[patched_1.16.5.jar:git-Paper-794]
	at net.minecraft.server.v1_16_R3.PortalTravelAgent.lambda$findPortal$5(PortalTravelAgent.java:59) ~[patched_1.16.5.jar:git-Paper-794]
	at java.util.Optional.map(Optional.java:265) ~[?:?]
	at net.minecraft.server.v1_16_R3.PortalTravelAgent.findPortal(PortalTravelAgent.java:53) ~[patched_1.16.5.jar:git-Paper-794]
	at net.minecraft.server.v1_16_R3.Entity.findOrCreatePortal(Entity.java:2866) ~[patched_1.16.5.jar:git-Paper-794]
	at net.minecraft.server.v1_16_R3.EntityPlayer.findOrCreatePortal(EntityPlayer.java:1178) ~[patched_1.16.5.jar:git-Paper-794]
	at net.minecraft.server.v1_16_R3.Entity.a(Entity.java:2803) ~[patched_1.16.5.jar:git-Paper-794]
	at net.minecraft.server.v1_16_R3.EntityPlayer.a(EntityPlayer.java:1007) ~[patched_1.16.5.jar:git-Paper-794]
	at net.minecraft.server.v1_16_R3.EntityPlayer.b(EntityPlayer.java:1061) ~[patched_1.16.5.jar:git-Paper-794]
	at net.minecraft.server.v1_16_R3.Entity.doPortalTick(Entity.java:2318) ~[patched_1.16.5.jar:git-Paper-794]
	at net.minecraft.server.v1_16_R3.Entity.entityBaseTick(Entity.java:555) ~[patched_1.16.5.jar:git-Paper-794]
	at net.minecraft.server.v1_16_R3.EntityLiving.entityBaseTick(EntityLiving.java:360) ~[patched_1.16.5.jar:git-Paper-794]
	at net.minecraft.server.v1_16_R3.Entity.tick(Entity.java:530) ~[patched_1.16.5.jar:git-Paper-794]
	at net.minecraft.server.v1_16_R3.EntityLiving.tick(EntityLiving.java:2543) ~[patched_1.16.5.jar:git-Paper-794]
	at net.minecraft.server.v1_16_R3.EntityHuman.tick(EntityHuman.java:258) ~[patched_1.16.5.jar:git-Paper-794]
	at net.minecraft.server.v1_16_R3.EntityPlayer.playerTick(EntityPlayer.java:658) ~[patched_1.16.5.jar:git-Paper-794]
	at net.minecraft.server.v1_16_R3.PlayerConnection.tick(PlayerConnection.java:325) ~[patched_1.16.5.jar:git-Paper-794]
	at net.minecraft.server.v1_16_R3.NetworkManager.a(NetworkManager.java:408) ~[patched_1.16.5.jar:git-Paper-794]
	at net.minecraft.server.v1_16_R3.ServerConnection.c(ServerConnection.java:168) ~[patched_1.16.5.jar:git-Paper-794]
	at net.minecraft.server.v1_16_R3.MinecraftServer.b(MinecraftServer.java:1520) ~[patched_1.16.5.jar:git-Paper-794]
	at net.minecraft.server.v1_16_R3.DedicatedServer.b(DedicatedServer.java:436) ~[patched_1.16.5.jar:git-Paper-794]
	at net.minecraft.server.v1_16_R3.MinecraftServer.a(MinecraftServer.java:1347) ~[patched_1.16.5.jar:git-Paper-794]
	at net.minecraft.server.v1_16_R3.MinecraftServer.w(MinecraftServer.java:1135) ~[patched_1.16.5.jar:git-Paper-794]
	at net.minecraft.server.v1_16_R3.MinecraftServer.lambda$a$0(MinecraftServer.java:291) ~[patched_1.16.5.jar:git-Paper-794]
	at java.lang.Thread.run(Thread.java:829) [?:?]
[21:36:14] [Server thread/INFO]: Jer_efece issued server command: /effect clear
[21:36:56] [Server thread/INFO]: Jer_efece issued server command: /effect clear
[21:38:42] [Server thread/INFO]: Jer_efece issued server command: /effect clear
[21:41:29] [Server thread/INFO]: RompOrTos issued server command: /pdc help
[21:41:35] [Server thread/INFO]: RompOrTos issued server command: /pdc give medalla
[21:41:46] [Server thread/INFO]: RompOrTos issued server command: /pdc give medalla
[21:44:17] [Server thread/INFO]: Jer_efece issued server command: /gamemode survival
[21:45:07] [Server thread/INFO]: Jer_efece issued server command: /gamemode creative
[21:47:21] [Server thread/INFO]: Jer_efece issued server command: /effect clear
[21:48:37] [Server thread/INFO]: Jer_efece issued server command: /tp TTottaly_RED Jer_efece
[21:48:40] [Server thread/INFO]: Jer_efece issued server command: /gamemode survival
[21:50:35] [Server thread/INFO]: Jer_efece issued server command: /gamemode creative
[21:51:34] [Server thread/INFO]: Jer_efece issued server command: /tp RompOrTos
[21:52:09] [Server thread/INFO]: Jer_efece issued server command: /gamemode survival
[21:52:10] [Server thread/INFO]: Jer_efece issued server command: /gamemode creative
[21:52:13] [Server thread/INFO]: Jer_efece issued server command: /gamemode survival
[21:52:16] [Server thread/INFO]: Jer_efece issued server command: /effect clear
[21:52:22] [Server thread/INFO]: Jer_efece issued server command: /effect clear
[21:54:05] [Server thread/ERROR]: Could not pass event ChunkLoadEvent to Permadeath v1.3
java.lang.ClassCastException: class net.minecraft.server.v1_16_R3.EntityArmorStand cannot be cast to class net.minecraft.server.v1_16_R3.EntityInsentient (net.minecraft.server.v1_16_R3.EntityArmorStand and net.minecraft.server.v1_16_R3.EntityInsentient are in unnamed module of loader 'app')
	at tech.sebazcrc.permadeath.nms.v1_16_R3.NMSAccessorImpl.registerAttribute(NMSAccessorImpl.java:57) ~[?:?]
	at tech.sebazcrc.permadeath.event.HostileEntityListener.injectHostileBehavior(HostileEntityListener.java:50) ~[?:?]
	at tech.sebazcrc.permadeath.event.HostileEntityListener.onChunkLoad(HostileEntityListener.java:68) ~[?:?]
	at com.destroystokyo.paper.event.executor.asm.generated.GeneratedEventExecutor44.execute(Unknown Source) ~[?:?]
	at org.bukkit.plugin.EventExecutor.lambda$create$1(EventExecutor.java:69) ~[patched_1.16.5.jar:git-Paper-794]
	at co.aikar.timings.TimedEventExecutor.execute(TimedEventExecutor.java:80) ~[patched_1.16.5.jar:git-Paper-794]
	at org.bukkit.plugin.RegisteredListener.callEvent(RegisteredListener.java:70) ~[patched_1.16.5.jar:git-Paper-794]
	at org.bukkit.plugin.SimplePluginManager.callEvent(SimplePluginManager.java:624) ~[patched_1.16.5.jar:git-Paper-794]
	at net.minecraft.server.v1_16_R3.Chunk.loadCallback(Chunk.java:875) ~[patched_1.16.5.jar:git-Paper-794]
	at net.minecraft.server.v1_16_R3.PlayerChunk.lambda$a$15(PlayerChunk.java:775) ~[patched_1.16.5.jar:git-Paper-794]
	at net.minecraft.server.v1_16_R3.PlayerChunkMap$CallbackExecutor.run(PlayerChunkMap.java:204) ~[patched_1.16.5.jar:git-Paper-794]
	at net.minecraft.server.v1_16_R3.PlayerChunk.a(PlayerChunk.java:785) ~[patched_1.16.5.jar:git-Paper-794]
	at net.minecraft.server.v1_16_R3.ChunkMapDistance.a(ChunkMapDistance.java:126) ~[patched_1.16.5.jar:git-Paper-794]
	at net.minecraft.server.v1_16_R3.ChunkProviderServer.tickDistanceManager(ChunkProviderServer.java:665) ~[patched_1.16.5.jar:git-Paper-794]
	at net.minecraft.server.v1_16_R3.ChunkMapDistance.addPriorityTicket(ChunkMapDistance.java:303) ~[patched_1.16.5.jar:git-Paper-794]
	at net.minecraft.server.v1_16_R3.ChunkMapDistance.markUrgent(ChunkMapDistance.java:230) ~[patched_1.16.5.jar:git-Paper-794]
	at net.minecraft.server.v1_16_R3.ChunkProviderServer.getChunkFutureMainThread(ChunkProviderServer.java:593) ~[patched_1.16.5.jar:git-Paper-794]
	at net.minecraft.server.v1_16_R3.ChunkProviderServer.getChunkAt(ChunkProviderServer.java:525) ~[patched_1.16.5.jar:git-Paper-794]
	at net.minecraft.server.v1_16_R3.World.getType(World.java:745) ~[patched_1.16.5.jar:git-Paper-794]
	at net.minecraft.server.v1_16_R3.PortalTravelAgent.lambda$findPortal$4(PortalTravelAgent.java:60) ~[patched_1.16.5.jar:git-Paper-794]
	at net.minecraft.server.v1_16_R3.BlockUtil.a(SourceFile:192) ~[patched_1.16.5.jar:git-Paper-794]
	at net.minecraft.server.v1_16_R3.BlockUtil.a(SourceFile:80) ~[patched_1.16.5.jar:git-Paper-794]
	at net.minecraft.server.v1_16_R3.PortalTravelAgent.lambda$findPortal$5(PortalTravelAgent.java:59) ~[patched_1.16.5.jar:git-Paper-794]
	at java.util.Optional.map(Optional.java:265) ~[?:?]
	at net.minecraft.server.v1_16_R3.PortalTravelAgent.findPortal(PortalTravelAgent.java:53) ~[patched_1.16.5.jar:git-Paper-794]
	at net.minecraft.server.v1_16_R3.Entity.findOrCreatePortal(Entity.java:2866) ~[patched_1.16.5.jar:git-Paper-794]
	at net.minecraft.server.v1_16_R3.EntityPlayer.findOrCreatePortal(EntityPlayer.java:1178) ~[patched_1.16.5.jar:git-Paper-794]
	at net.minecraft.server.v1_16_R3.Entity.a(Entity.java:2803) ~[patched_1.16.5.jar:git-Paper-794]
	at net.minecraft.server.v1_16_R3.EntityPlayer.a(EntityPlayer.java:1007) ~[patched_1.16.5.jar:git-Paper-794]
	at net.minecraft.server.v1_16_R3.EntityPlayer.b(EntityPlayer.java:1061) ~[patched_1.16.5.jar:git-Paper-794]
	at net.minecraft.server.v1_16_R3.Entity.doPortalTick(Entity.java:2318) ~[patched_1.16.5.jar:git-Paper-794]
	at net.minecraft.server.v1_16_R3.Entity.entityBaseTick(Entity.java:555) ~[patched_1.16.5.jar:git-Paper-794]
	at net.minecraft.server.v1_16_R3.EntityLiving.entityBaseTick(EntityLiving.java:360) ~[patched_1.16.5.jar:git-Paper-794]
	at net.minecraft.server.v1_16_R3.Entity.tick(Entity.java:530) ~[patched_1.16.5.jar:git-Paper-794]
	at net.minecraft.server.v1_16_R3.EntityLiving.tick(EntityLiving.java:2543) ~[patched_1.16.5.jar:git-Paper-794]
	at net.minecraft.server.v1_16_R3.EntityHuman.tick(EntityHuman.java:258) ~[patched_1.16.5.jar:git-Paper-794]
	at net.minecraft.server.v1_16_R3.EntityPlayer.playerTick(EntityPlayer.java:658) ~[patched_1.16.5.jar:git-Paper-794]
	at net.minecraft.server.v1_16_R3.PlayerConnection.tick(PlayerConnection.java:325) ~[patched_1.16.5.jar:git-Paper-794]
	at net.minecraft.server.v1_16_R3.NetworkManager.a(NetworkManager.java:408) ~[patched_1.16.5.jar:git-Paper-794]
	at net.minecraft.server.v1_16_R3.ServerConnection.c(ServerConnection.java:168) ~[patched_1.16.5.jar:git-Paper-794]
	at net.minecraft.server.v1_16_R3.MinecraftServer.b(MinecraftServer.java:1520) ~[patched_1.16.5.jar:git-Paper-794]
	at net.minecraft.server.v1_16_R3.DedicatedServer.b(DedicatedServer.java:436) ~[patched_1.16.5.jar:git-Paper-794]
	at net.minecraft.server.v1_16_R3.MinecraftServer.a(MinecraftServer.java:1347) ~[patched_1.16.5.jar:git-Paper-794]
	at net.minecraft.server.v1_16_R3.MinecraftServer.w(MinecraftServer.java:1135) ~[patched_1.16.5.jar:git-Paper-794]
	at net.minecraft.server.v1_16_R3.MinecraftServer.lambda$a$0(MinecraftServer.java:291) ~[patched_1.16.5.jar:git-Paper-794]
	at java.lang.Thread.run(Thread.java:829) [?:?]
[21:54:05] [Server thread/ERROR]: Could not pass event ChunkLoadEvent to Permadeath v1.3
java.lang.ClassCastException: class net.minecraft.server.v1_16_R3.EntityArmorStand cannot be cast to class net.minecraft.server.v1_16_R3.EntityInsentient (net.minecraft.server.v1_16_R3.EntityArmorStand and net.minecraft.server.v1_16_R3.EntityInsentient are in unnamed module of loader 'app')
	at tech.sebazcrc.permadeath.nms.v1_16_R3.NMSAccessorImpl.registerAttribute(NMSAccessorImpl.java:57) ~[?:?]
	at tech.sebazcrc.permadeath.event.HostileEntityListener.injectHostileBehavior(HostileEntityListener.java:50) ~[?:?]
	at tech.sebazcrc.permadeath.event.HostileEntityListener.onChunkLoad(HostileEntityListener.java:68) ~[?:?]
	at com.destroystokyo.paper.event.executor.asm.generated.GeneratedEventExecutor44.execute(Unknown Source) ~[?:?]
	at org.bukkit.plugin.EventExecutor.lambda$create$1(EventExecutor.java:69) ~[patched_1.16.5.jar:git-Paper-794]
	at co.aikar.timings.TimedEventExecutor.execute(TimedEventExecutor.java:80) ~[patched_1.16.5.jar:git-Paper-794]
	at org.bukkit.plugin.RegisteredListener.callEvent(RegisteredListener.java:70) ~[patched_1.16.5.jar:git-Paper-794]
	at org.bukkit.plugin.SimplePluginManager.callEvent(SimplePluginManager.java:624) ~[patched_1.16.5.jar:git-Paper-794]
	at net.minecraft.server.v1_16_R3.Chunk.loadCallback(Chunk.java:875) ~[patched_1.16.5.jar:git-Paper-794]
	at net.minecraft.server.v1_16_R3.PlayerChunk.lambda$a$15(PlayerChunk.java:775) ~[patched_1.16.5.jar:git-Paper-794]
	at net.minecraft.server.v1_16_R3.PlayerChunkMap$CallbackExecutor.run(PlayerChunkMap.java:204) ~[patched_1.16.5.jar:git-Paper-794]
	at net.minecraft.server.v1_16_R3.PlayerChunk.a(PlayerChunk.java:785) ~[patched_1.16.5.jar:git-Paper-794]
	at net.minecraft.server.v1_16_R3.ChunkMapDistance.a(ChunkMapDistance.java:126) ~[patched_1.16.5.jar:git-Paper-794]
	at net.minecraft.server.v1_16_R3.ChunkProviderServer.tickDistanceManager(ChunkProviderServer.java:665) ~[patched_1.16.5.jar:git-Paper-794]
	at net.minecraft.server.v1_16_R3.ChunkMapDistance.addPriorityTicket(ChunkMapDistance.java:303) ~[patched_1.16.5.jar:git-Paper-794]
	at net.minecraft.server.v1_16_R3.ChunkMapDistance.markUrgent(ChunkMapDistance.java:230) ~[patched_1.16.5.jar:git-Paper-794]
	at net.minecraft.server.v1_16_R3.ChunkProviderServer.getChunkFutureMainThread(ChunkProviderServer.java:593) ~[patched_1.16.5.jar:git-Paper-794]
	at net.minecraft.server.v1_16_R3.ChunkProviderServer.getChunkAt(ChunkProviderServer.java:525) ~[patched_1.16.5.jar:git-Paper-794]
	at net.minecraft.server.v1_16_R3.World.getType(World.java:745) ~[patched_1.16.5.jar:git-Paper-794]
	at net.minecraft.server.v1_16_R3.PortalTravelAgent.lambda$findPortal$4(PortalTravelAgent.java:60) ~[patched_1.16.5.jar:git-Paper-794]
	at net.minecraft.server.v1_16_R3.BlockUtil.a(SourceFile:192) ~[patched_1.16.5.jar:git-Paper-794]
	at net.minecraft.server.v1_16_R3.BlockUtil.a(SourceFile:80) ~[patched_1.16.5.jar:git-Paper-794]
	at net.minecraft.server.v1_16_R3.PortalTravelAgent.lambda$findPortal$5(PortalTravelAgent.java:59) ~[patched_1.16.5.jar:git-Paper-794]
	at java.util.Optional.map(Optional.java:265) ~[?:?]
	at net.minecraft.server.v1_16_R3.PortalTravelAgent.findPortal(PortalTravelAgent.java:53) ~[patched_1.16.5.jar:git-Paper-794]
	at net.minecraft.server.v1_16_R3.Entity.findOrCreatePortal(Entity.java:2866) ~[patched_1.16.5.jar:git-Paper-794]
	at net.minecraft.server.v1_16_R3.EntityPlayer.findOrCreatePortal(EntityPlayer.java:1178) ~[patched_1.16.5.jar:git-Paper-794]
	at net.minecraft.server.v1_16_R3.Entity.a(Entity.java:2803) ~[patched_1.16.5.jar:git-Paper-794]
	at net.minecraft.server.v1_16_R3.EntityPlayer.a(EntityPlayer.java:1007) ~[patched_1.16.5.jar:git-Paper-794]
	at net.minecraft.server.v1_16_R3.EntityPlayer.b(EntityPlayer.java:1061) ~[patched_1.16.5.jar:git-Paper-794]
	at net.minecraft.server.v1_16_R3.Entity.doPortalTick(Entity.java:2318) ~[patched_1.16.5.jar:git-Paper-794]
	at net.minecraft.server.v1_16_R3.Entity.entityBaseTick(Entity.java:555) ~[patched_1.16.5.jar:git-Paper-794]
	at net.minecraft.server.v1_16_R3.EntityLiving.entityBaseTick(EntityLiving.java:360) ~[patched_1.16.5.jar:git-Paper-794]
	at net.minecraft.server.v1_16_R3.Entity.tick(Entity.java:530) ~[patched_1.16.5.jar:git-Paper-794]
	at net.minecraft.server.v1_16_R3.EntityLiving.tick(EntityLiving.java:2543) ~[patched_1.16.5.jar:git-Paper-794]
	at net.minecraft.server.v1_16_R3.EntityHuman.tick(EntityHuman.java:258) ~[patched_1.16.5.jar:git-Paper-794]
	at net.minecraft.server.v1_16_R3.EntityPlayer.playerTick(EntityPlayer.java:658) ~[patched_1.16.5.jar:git-Paper-794]
	at net.minecraft.server.v1_16_R3.PlayerConnection.tick(PlayerConnection.java:325) ~[patched_1.16.5.jar:git-Paper-794]
	at net.minecraft.server.v1_16_R3.NetworkManager.a(NetworkManager.java:408) ~[patched_1.16.5.jar:git-Paper-794]
	at net.minecraft.server.v1_16_R3.ServerConnection.c(ServerConnection.java:168) ~[patched_1.16.5.jar:git-Paper-794]
	at net.minecraft.server.v1_16_R3.MinecraftServer.b(MinecraftServer.java:1520) ~[patched_1.16.5.jar:git-Paper-794]
	at net.minecraft.server.v1_16_R3.DedicatedServer.b(DedicatedServer.java:436) ~[patched_1.16.5.jar:git-Paper-794]
	at net.minecraft.server.v1_16_R3.MinecraftServer.a(MinecraftServer.java:1347) ~[patched_1.16.5.jar:git-Paper-794]
	at net.minecraft.server.v1_16_R3.MinecraftServer.w(MinecraftServer.java:1135) ~[patched_1.16.5.jar:git-Paper-794]
	at net.minecraft.server.v1_16_R3.MinecraftServer.lambda$a$0(MinecraftServer.java:291) ~[patched_1.16.5.jar:git-Paper-794]
	at java.lang.Thread.run(Thread.java:829) [?:?]
[21:54:05] [Server thread/ERROR]: Could not pass event ChunkLoadEvent to Permadeath v1.3
java.lang.ClassCastException: class net.minecraft.server.v1_16_R3.EntityArmorStand cannot be cast to class net.minecraft.server.v1_16_R3.EntityInsentient (net.minecraft.server.v1_16_R3.EntityArmorStand and net.minecraft.server.v1_16_R3.EntityInsentient are in unnamed module of loader 'app')
	at tech.sebazcrc.permadeath.nms.v1_16_R3.NMSAccessorImpl.registerAttribute(NMSAccessorImpl.java:57) ~[?:?]
	at tech.sebazcrc.permadeath.event.HostileEntityListener.injectHostileBehavior(HostileEntityListener.java:50) ~[?:?]
	at tech.sebazcrc.permadeath.event.HostileEntityListener.onChunkLoad(HostileEntityListener.java:68) ~[?:?]
	at com.destroystokyo.paper.event.executor.asm.generated.GeneratedEventExecutor44.execute(Unknown Source) ~[?:?]
	at org.bukkit.plugin.EventExecutor.lambda$create$1(EventExecutor.java:69) ~[patched_1.16.5.jar:git-Paper-794]
	at co.aikar.timings.TimedEventExecutor.execute(TimedEventExecutor.java:80) ~[patched_1.16.5.jar:git-Paper-794]
	at org.bukkit.plugin.RegisteredListener.callEvent(RegisteredListener.java:70) ~[patched_1.16.5.jar:git-Paper-794]
	at org.bukkit.plugin.SimplePluginManager.callEvent(SimplePluginManager.java:624) ~[patched_1.16.5.jar:git-Paper-794]
	at net.minecraft.server.v1_16_R3.Chunk.loadCallback(Chunk.java:875) ~[patched_1.16.5.jar:git-Paper-794]
	at net.minecraft.server.v1_16_R3.PlayerChunk.lambda$a$15(PlayerChunk.java:775) ~[patched_1.16.5.jar:git-Paper-794]
	at net.minecraft.server.v1_16_R3.PlayerChunkMap$CallbackExecutor.run(PlayerChunkMap.java:204) ~[patched_1.16.5.jar:git-Paper-794]
	at net.minecraft.server.v1_16_R3.PlayerChunk.a(PlayerChunk.java:785) ~[patched_1.16.5.jar:git-Paper-794]
	at net.minecraft.server.v1_16_R3.ChunkMapDistance.a(ChunkMapDistance.java:126) ~[patched_1.16.5.jar:git-Paper-794]
	at net.minecraft.server.v1_16_R3.ChunkProviderServer.tickDistanceManager(ChunkProviderServer.java:665) ~[patched_1.16.5.jar:git-Paper-794]
	at net.minecraft.server.v1_16_R3.ChunkMapDistance.addPriorityTicket(ChunkMapDistance.java:303) ~[patched_1.16.5.jar:git-Paper-794]
	at net.minecraft.server.v1_16_R3.ChunkMapDistance.markUrgent(ChunkMapDistance.java:230) ~[patched_1.16.5.jar:git-Paper-794]
	at net.minecraft.server.v1_16_R3.ChunkProviderServer.getChunkFutureMainThread(ChunkProviderServer.java:593) ~[patched_1.16.5.jar:git-Paper-794]
	at net.minecraft.server.v1_16_R3.ChunkProviderServer.getChunkAt(ChunkProviderServer.java:525) ~[patched_1.16.5.jar:git-Paper-794]
	at net.minecraft.server.v1_16_R3.World.getType(World.java:745) ~[patched_1.16.5.jar:git-Paper-794]
	at net.minecraft.server.v1_16_R3.PortalTravelAgent.lambda$findPortal$4(PortalTravelAgent.java:60) ~[patched_1.16.5.jar:git-Paper-794]
	at net.minecraft.server.v1_16_R3.BlockUtil.a(SourceFile:192) ~[patched_1.16.5.jar:git-Paper-794]
	at net.minecraft.server.v1_16_R3.BlockUtil.a(SourceFile:80) ~[patched_1.16.5.jar:git-Paper-794]
	at net.minecraft.server.v1_16_R3.PortalTravelAgent.lambda$findPortal$5(PortalTravelAgent.java:59) ~[patched_1.16.5.jar:git-Paper-794]
	at java.util.Optional.map(Optional.java:265) ~[?:?]
	at net.minecraft.server.v1_16_R3.PortalTravelAgent.findPortal(PortalTravelAgent.java:53) ~[patched_1.16.5.jar:git-Paper-794]
	at net.minecraft.server.v1_16_R3.Entity.findOrCreatePortal(Entity.java:2866) ~[patched_1.16.5.jar:git-Paper-794]
	at net.minecraft.server.v1_16_R3.EntityPlayer.findOrCreatePortal(EntityPlayer.java:1178) ~[patched_1.16.5.jar:git-Paper-794]
	at net.minecraft.server.v1_16_R3.Entity.a(Entity.java:2803) ~[patched_1.16.5.jar:git-Paper-794]
	at net.minecraft.server.v1_16_R3.EntityPlayer.a(EntityPlayer.java:1007) ~[patched_1.16.5.jar:git-Paper-794]
	at net.minecraft.server.v1_16_R3.EntityPlayer.b(EntityPlayer.java:1061) ~[patched_1.16.5.jar:git-Paper-794]
	at net.minecraft.server.v1_16_R3.Entity.doPortalTick(Entity.java:2318) ~[patched_1.16.5.jar:git-Paper-794]
	at net.minecraft.server.v1_16_R3.Entity.entityBaseTick(Entity.java:555) ~[patched_1.16.5.jar:git-Paper-794]
	at net.minecraft.server.v1_16_R3.EntityLiving.entityBaseTick(EntityLiving.java:360) ~[patched_1.16.5.jar:git-Paper-794]
	at net.minecraft.server.v1_16_R3.Entity.tick(Entity.java:530) ~[patched_1.16.5.jar:git-Paper-794]
	at net.minecraft.server.v1_16_R3.EntityLiving.tick(EntityLiving.java:2543) ~[patched_1.16.5.jar:git-Paper-794]
	at net.minecraft.server.v1_16_R3.EntityHuman.tick(EntityHuman.java:258) ~[patched_1.16.5.jar:git-Paper-794]
	at net.minecraft.server.v1_16_R3.EntityPlayer.playerTick(EntityPlayer.java:658) ~[patched_1.16.5.jar:git-Paper-794]
	at net.minecraft.server.v1_16_R3.PlayerConnection.tick(PlayerConnection.java:325) ~[patched_1.16.5.jar:git-Paper-794]
	at net.minecraft.server.v1_16_R3.NetworkManager.a(NetworkManager.java:408) ~[patched_1.16.5.jar:git-Paper-794]
	at net.minecraft.server.v1_16_R3.ServerConnection.c(ServerConnection.java:168) ~[patched_1.16.5.jar:git-Paper-794]
	at net.minecraft.server.v1_16_R3.MinecraftServer.b(MinecraftServer.java:1520) ~[patched_1.16.5.jar:git-Paper-794]
	at net.minecraft.server.v1_16_R3.DedicatedServer.b(DedicatedServer.java:436) ~[patched_1.16.5.jar:git-Paper-794]
	at net.minecraft.server.v1_16_R3.MinecraftServer.a(MinecraftServer.java:1347) ~[patched_1.16.5.jar:git-Paper-794]
	at net.minecraft.server.v1_16_R3.MinecraftServer.w(MinecraftServer.java:1135) ~[patched_1.16.5.jar:git-Paper-794]
	at net.minecraft.server.v1_16_R3.MinecraftServer.lambda$a$0(MinecraftServer.java:291) ~[patched_1.16.5.jar:git-Paper-794]
	at java.lang.Thread.run(Thread.java:829) [?:?]
[21:54:05] [Server thread/ERROR]: Could not pass event ChunkLoadEvent to Permadeath v1.3
java.lang.ClassCastException: class net.minecraft.server.v1_16_R3.EntityArmorStand cannot be cast to class net.minecraft.server.v1_16_R3.EntityInsentient (net.minecraft.server.v1_16_R3.EntityArmorStand and net.minecraft.server.v1_16_R3.EntityInsentient are in unnamed module of loader 'app')
	at tech.sebazcrc.permadeath.nms.v1_16_R3.NMSAccessorImpl.registerAttribute(NMSAccessorImpl.java:57) ~[?:?]
	at tech.sebazcrc.permadeath.event.HostileEntityListener.injectHostileBehavior(HostileEntityListener.java:50) ~[?:?]
	at tech.sebazcrc.permadeath.event.HostileEntityListener.onChunkLoad(HostileEntityListener.java:68) ~[?:?]
	at com.destroystokyo.paper.event.executor.asm.generated.GeneratedEventExecutor44.execute(Unknown Source) ~[?:?]
	at org.bukkit.plugin.EventExecutor.lambda$create$1(EventExecutor.java:69) ~[patched_1.16.5.jar:git-Paper-794]
	at co.aikar.timings.TimedEventExecutor.execute(TimedEventExecutor.java:80) ~[patched_1.16.5.jar:git-Paper-794]
	at org.bukkit.plugin.RegisteredListener.callEvent(RegisteredListener.java:70) ~[patched_1.16.5.jar:git-Paper-794]
	at org.bukkit.plugin.SimplePluginManager.callEvent(SimplePluginManager.java:624) ~[patched_1.16.5.jar:git-Paper-794]
	at net.minecraft.server.v1_16_R3.Chunk.loadCallback(Chunk.java:875) ~[patched_1.16.5.jar:git-Paper-794]
	at net.minecraft.server.v1_16_R3.PlayerChunk.lambda$a$15(PlayerChunk.java:775) ~[patched_1.16.5.jar:git-Paper-794]
	at net.minecraft.server.v1_16_R3.PlayerChunkMap$CallbackExecutor.run(PlayerChunkMap.java:204) ~[patched_1.16.5.jar:git-Paper-794]
	at net.minecraft.server.v1_16_R3.PlayerChunk.a(PlayerChunk.java:785) ~[patched_1.16.5.jar:git-Paper-794]
	at net.minecraft.server.v1_16_R3.ChunkMapDistance.a(ChunkMapDistance.java:126) ~[patched_1.16.5.jar:git-Paper-794]
	at net.minecraft.server.v1_16_R3.ChunkProviderServer.tickDistanceManager(ChunkProviderServer.java:665) ~[patched_1.16.5.jar:git-Paper-794]
	at net.minecraft.server.v1_16_R3.ChunkMapDistance.addPriorityTicket(ChunkMapDistance.java:303) ~[patched_1.16.5.jar:git-Paper-794]
	at net.minecraft.server.v1_16_R3.ChunkMapDistance.markUrgent(ChunkMapDistance.java:230) ~[patched_1.16.5.jar:git-Paper-794]
	at net.minecraft.server.v1_16_R3.ChunkProviderServer.getChunkFutureMainThread(ChunkProviderServer.java:593) ~[patched_1.16.5.jar:git-Paper-794]
	at net.minecraft.server.v1_16_R3.ChunkProviderServer.getChunkAt(ChunkProviderServer.java:525) ~[patched_1.16.5.jar:git-Paper-794]
	at net.minecraft.server.v1_16_R3.World.getType(World.java:745) ~[patched_1.16.5.jar:git-Paper-794]
	at net.minecraft.server.v1_16_R3.PortalTravelAgent.lambda$findPortal$4(PortalTravelAgent.java:60) ~[patched_1.16.5.jar:git-Paper-794]
	at net.minecraft.server.v1_16_R3.BlockUtil.a(SourceFile:192) ~[patched_1.16.5.jar:git-Paper-794]
	at net.minecraft.server.v1_16_R3.BlockUtil.a(SourceFile:80) ~[patched_1.16.5.jar:git-Paper-794]
	at net.minecraft.server.v1_16_R3.PortalTravelAgent.lambda$findPortal$5(PortalTravelAgent.java:59) ~[patched_1.16.5.jar:git-Paper-794]
	at java.util.Optional.map(Optional.java:265) ~[?:?]
	at net.minecraft.server.v1_16_R3.PortalTravelAgent.findPortal(PortalTravelAgent.java:53) ~[patched_1.16.5.jar:git-Paper-794]
	at net.minecraft.server.v1_16_R3.Entity.findOrCreatePortal(Entity.java:2866) ~[patched_1.16.5.jar:git-Paper-794]
	at net.minecraft.server.v1_16_R3.EntityPlayer.findOrCreatePortal(EntityPlayer.java:1178) ~[patched_1.16.5.jar:git-Paper-794]
	at net.minecraft.server.v1_16_R3.Entity.a(Entity.java:2803) ~[patched_1.16.5.jar:git-Paper-794]
	at net.minecraft.server.v1_16_R3.EntityPlayer.a(EntityPlayer.java:1007) ~[patched_1.16.5.jar:git-Paper-794]
	at net.minecraft.server.v1_16_R3.EntityPlayer.b(EntityPlayer.java:1061) ~[patched_1.16.5.jar:git-Paper-794]
	at net.minecraft.server.v1_16_R3.Entity.doPortalTick(Entity.java:2318) ~[patched_1.16.5.jar:git-Paper-794]
	at net.minecraft.server.v1_16_R3.Entity.entityBaseTick(Entity.java:555) ~[patched_1.16.5.jar:git-Paper-794]
	at net.minecraft.server.v1_16_R3.EntityLiving.entityBaseTick(EntityLiving.java:360) ~[patched_1.16.5.jar:git-Paper-794]
	at net.minecraft.server.v1_16_R3.Entity.tick(Entity.java:530) ~[patched_1.16.5.jar:git-Paper-794]
	at net.minecraft.server.v1_16_R3.EntityLiving.tick(EntityLiving.java:2543) ~[patched_1.16.5.jar:git-Paper-794]
	at net.minecraft.server.v1_16_R3.EntityHuman.tick(EntityHuman.java:258) ~[patched_1.16.5.jar:git-Paper-794]
	at net.minecraft.server.v1_16_R3.EntityPlayer.playerTick(EntityPlayer.java:658) ~[patched_1.16.5.jar:git-Paper-794]
	at net.minecraft.server.v1_16_R3.PlayerConnection.tick(PlayerConnection.java:325) ~[patched_1.16.5.jar:git-Paper-794]
	at net.minecraft.server.v1_16_R3.NetworkManager.a(NetworkManager.java:408) ~[patched_1.16.5.jar:git-Paper-794]
	at net.minecraft.server.v1_16_R3.ServerConnection.c(ServerConnection.java:168) ~[patched_1.16.5.jar:git-Paper-794]
	at net.minecraft.server.v1_16_R3.MinecraftServer.b(MinecraftServer.java:1520) ~[patched_1.16.5.jar:git-Paper-794]
	at net.minecraft.server.v1_16_R3.DedicatedServer.b(DedicatedServer.java:436) ~[patched_1.16.5.jar:git-Paper-794]
	at net.minecraft.server.v1_16_R3.MinecraftServer.a(MinecraftServer.java:1347) ~[patched_1.16.5.jar:git-Paper-794]
	at net.minecraft.server.v1_16_R3.MinecraftServer.w(MinecraftServer.java:1135) ~[patched_1.16.5.jar:git-Paper-794]
	at net.minecraft.server.v1_16_R3.MinecraftServer.lambda$a$0(MinecraftServer.java:291) ~[patched_1.16.5.jar:git-Paper-794]
	at java.lang.Thread.run(Thread.java:829) [?:?]
[21:55:47] [Async Chat Thread - #0/INFO]: <TTottaly_RED> perras
[21:55:49] [Async Chat Thread - #0/INFO]: <TTottaly_RED> wa tragar
[21:55:56] [Server thread/INFO]: TTottaly_RED lost connection: Disconnected
[21:55:56] [Server thread/INFO]: TTottaly_RED ha abandonado el servidor.
[21:56:26] [Server thread/INFO]: RompOrTos issued server command: /pdc give medalla
[21:56:39] [Server thread/INFO]: Jer_efece issued server command: /effect clear
[21:57:10] [Server thread/INFO]: Jer_efece issued server command: /effect clear
[22:00:22] [Server thread/INFO]: Jer_efece issued server command: /effect clear
[22:00:23] [Server thread/INFO]: Jer_efece issued server command: /gamemode creative
[22:00:32] [Server thread/INFO]: Jer_efece issued server command: /gamemode survival
[22:01:29] [Server thread/INFO]: Jer_efece issued server command: /effect clear
[22:02:04] [Server thread/INFO]: Jer_efece issued server command: /effect clear
[22:02:32] [Async Chat Thread - #1/INFO]: <Jer_efece> 37 -180
[22:02:55] [Server thread/INFO]: Jer_efece issued server command: /effect clear
[22:03:55] [Server thread/INFO]: Jer_efece issued server command: /effect clear
[22:04:13] [Server thread/INFO]: Jer_efece issued server command: /gamemode creative
[22:04:15] [Server thread/INFO]: Jer_efece issued server command: /gamemode survival
[22:04:25] [Server thread/INFO]: Jer_efece issued server command: /tp RompOrTos Jer_efece
[22:04:40] [Server thread/ERROR]: Could not pass event ChunkLoadEvent to Permadeath v1.3
java.lang.ClassCastException: class net.minecraft.server.v1_16_R3.EntityArmorStand cannot be cast to class net.minecraft.server.v1_16_R3.EntityInsentient (net.minecraft.server.v1_16_R3.EntityArmorStand and net.minecraft.server.v1_16_R3.EntityInsentient are in unnamed module of loader 'app')
	at tech.sebazcrc.permadeath.nms.v1_16_R3.NMSAccessorImpl.registerAttribute(NMSAccessorImpl.java:57) ~[?:?]
	at tech.sebazcrc.permadeath.event.HostileEntityListener.injectHostileBehavior(HostileEntityListener.java:50) ~[?:?]
	at tech.sebazcrc.permadeath.event.HostileEntityListener.onChunkLoad(HostileEntityListener.java:68) ~[?:?]
	at com.destroystokyo.paper.event.executor.asm.generated.GeneratedEventExecutor44.execute(Unknown Source) ~[?:?]
	at org.bukkit.plugin.EventExecutor.lambda$create$1(EventExecutor.java:69) ~[patched_1.16.5.jar:git-Paper-794]
	at co.aikar.timings.TimedEventExecutor.execute(TimedEventExecutor.java:80) ~[patched_1.16.5.jar:git-Paper-794]
	at org.bukkit.plugin.RegisteredListener.callEvent(RegisteredListener.java:70) ~[patched_1.16.5.jar:git-Paper-794]
	at org.bukkit.plugin.SimplePluginManager.callEvent(SimplePluginManager.java:624) ~[patched_1.16.5.jar:git-Paper-794]
	at net.minecraft.server.v1_16_R3.Chunk.loadCallback(Chunk.java:875) ~[patched_1.16.5.jar:git-Paper-794]
	at net.minecraft.server.v1_16_R3.PlayerChunk.lambda$a$15(PlayerChunk.java:775) ~[patched_1.16.5.jar:git-Paper-794]
	at net.minecraft.server.v1_16_R3.PlayerChunkMap$CallbackExecutor.run(PlayerChunkMap.java:204) ~[patched_1.16.5.jar:git-Paper-794]
	at net.minecraft.server.v1_16_R3.PlayerChunk.a(PlayerChunk.java:785) ~[patched_1.16.5.jar:git-Paper-794]
	at net.minecraft.server.v1_16_R3.ChunkMapDistance.a(ChunkMapDistance.java:126) ~[patched_1.16.5.jar:git-Paper-794]
	at net.minecraft.server.v1_16_R3.ChunkProviderServer.tickDistanceManager(ChunkProviderServer.java:665) ~[patched_1.16.5.jar:git-Paper-794]
	at net.minecraft.server.v1_16_R3.ChunkMapDistance.addPriorityTicket(ChunkMapDistance.java:303) ~[patched_1.16.5.jar:git-Paper-794]
	at net.minecraft.server.v1_16_R3.ChunkMapDistance.markUrgent(ChunkMapDistance.java:230) ~[patched_1.16.5.jar:git-Paper-794]
	at net.minecraft.server.v1_16_R3.ChunkProviderServer.getChunkFutureMainThread(ChunkProviderServer.java:593) ~[patched_1.16.5.jar:git-Paper-794]
	at net.minecraft.server.v1_16_R3.ChunkProviderServer.getChunkAt(ChunkProviderServer.java:525) ~[patched_1.16.5.jar:git-Paper-794]
	at net.minecraft.server.v1_16_R3.World.getType(World.java:745) ~[patched_1.16.5.jar:git-Paper-794]
	at net.minecraft.server.v1_16_R3.PortalTravelAgent.lambda$findPortal$4(PortalTravelAgent.java:60) ~[patched_1.16.5.jar:git-Paper-794]
	at net.minecraft.server.v1_16_R3.BlockUtil.a(SourceFile:192) ~[patched_1.16.5.jar:git-Paper-794]
	at net.minecraft.server.v1_16_R3.BlockUtil.a(SourceFile:80) ~[patched_1.16.5.jar:git-Paper-794]
	at net.minecraft.server.v1_16_R3.PortalTravelAgent.lambda$findPortal$5(PortalTravelAgent.java:59) ~[patched_1.16.5.jar:git-Paper-794]
	at java.util.Optional.map(Optional.java:265) ~[?:?]
	at net.minecraft.server.v1_16_R3.PortalTravelAgent.findPortal(PortalTravelAgent.java:53) ~[patched_1.16.5.jar:git-Paper-794]
	at net.minecraft.server.v1_16_R3.Entity.findOrCreatePortal(Entity.java:2866) ~[patched_1.16.5.jar:git-Paper-794]
	at net.minecraft.server.v1_16_R3.EntityPlayer.findOrCreatePortal(EntityPlayer.java:1178) ~[patched_1.16.5.jar:git-Paper-794]
	at net.minecraft.server.v1_16_R3.Entity.a(Entity.java:2803) ~[patched_1.16.5.jar:git-Paper-794]
	at net.minecraft.server.v1_16_R3.EntityPlayer.a(EntityPlayer.java:1007) ~[patched_1.16.5.jar:git-Paper-794]
	at net.minecraft.server.v1_16_R3.EntityPlayer.b(EntityPlayer.java:1061) ~[patched_1.16.5.jar:git-Paper-794]
	at net.minecraft.server.v1_16_R3.Entity.doPortalTick(Entity.java:2318) ~[patched_1.16.5.jar:git-Paper-794]
	at net.minecraft.server.v1_16_R3.Entity.entityBaseTick(Entity.java:555) ~[patched_1.16.5.jar:git-Paper-794]
	at net.minecraft.server.v1_16_R3.EntityLiving.entityBaseTick(EntityLiving.java:360) ~[patched_1.16.5.jar:git-Paper-794]
	at net.minecraft.server.v1_16_R3.Entity.tick(Entity.java:530) ~[patched_1.16.5.jar:git-Paper-794]
	at net.minecraft.server.v1_16_R3.EntityLiving.tick(EntityLiving.java:2543) ~[patched_1.16.5.jar:git-Paper-794]
	at net.minecraft.server.v1_16_R3.EntityHuman.tick(EntityHuman.java:258) ~[patched_1.16.5.jar:git-Paper-794]
	at net.minecraft.server.v1_16_R3.EntityPlayer.playerTick(EntityPlayer.java:658) ~[patched_1.16.5.jar:git-Paper-794]
	at net.minecraft.server.v1_16_R3.PlayerConnection.tick(PlayerConnection.java:325) ~[patched_1.16.5.jar:git-Paper-794]
	at net.minecraft.server.v1_16_R3.NetworkManager.a(NetworkManager.java:408) ~[patched_1.16.5.jar:git-Paper-794]
	at net.minecraft.server.v1_16_R3.ServerConnection.c(ServerConnection.java:168) ~[patched_1.16.5.jar:git-Paper-794]
	at net.minecraft.server.v1_16_R3.MinecraftServer.b(MinecraftServer.java:1520) ~[patched_1.16.5.jar:git-Paper-794]
	at net.minecraft.server.v1_16_R3.DedicatedServer.b(DedicatedServer.java:436) ~[patched_1.16.5.jar:git-Paper-794]
	at net.minecraft.server.v1_16_R3.MinecraftServer.a(MinecraftServer.java:1347) ~[patched_1.16.5.jar:git-Paper-794]
	at net.minecraft.server.v1_16_R3.MinecraftServer.w(MinecraftServer.java:1135) ~[patched_1.16.5.jar:git-Paper-794]
	at net.minecraft.server.v1_16_R3.MinecraftServer.lambda$a$0(MinecraftServer.java:291) ~[patched_1.16.5.jar:git-Paper-794]
	at java.lang.Thread.run(Thread.java:829) [?:?]
[22:04:40] [Server thread/ERROR]: Could not pass event ChunkLoadEvent to Permadeath v1.3
java.lang.ClassCastException: class net.minecraft.server.v1_16_R3.EntityArmorStand cannot be cast to class net.minecraft.server.v1_16_R3.EntityInsentient (net.minecraft.server.v1_16_R3.EntityArmorStand and net.minecraft.server.v1_16_R3.EntityInsentient are in unnamed module of loader 'app')
	at tech.sebazcrc.permadeath.nms.v1_16_R3.NMSAccessorImpl.registerAttribute(NMSAccessorImpl.java:57) ~[?:?]
	at tech.sebazcrc.permadeath.event.HostileEntityListener.injectHostileBehavior(HostileEntityListener.java:50) ~[?:?]
	at tech.sebazcrc.permadeath.event.HostileEntityListener.onChunkLoad(HostileEntityListener.java:68) ~[?:?]
	at com.destroystokyo.paper.event.executor.asm.generated.GeneratedEventExecutor44.execute(Unknown Source) ~[?:?]
	at org.bukkit.plugin.EventExecutor.lambda$create$1(EventExecutor.java:69) ~[patched_1.16.5.jar:git-Paper-794]
	at co.aikar.timings.TimedEventExecutor.execute(TimedEventExecutor.java:80) ~[patched_1.16.5.jar:git-Paper-794]
	at org.bukkit.plugin.RegisteredListener.callEvent(RegisteredListener.java:70) ~[patched_1.16.5.jar:git-Paper-794]
	at org.bukkit.plugin.SimplePluginManager.callEvent(SimplePluginManager.java:624) ~[patched_1.16.5.jar:git-Paper-794]
	at net.minecraft.server.v1_16_R3.Chunk.loadCallback(Chunk.java:875) ~[patched_1.16.5.jar:git-Paper-794]
	at net.minecraft.server.v1_16_R3.PlayerChunk.lambda$a$15(PlayerChunk.java:775) ~[patched_1.16.5.jar:git-Paper-794]
	at net.minecraft.server.v1_16_R3.PlayerChunkMap$CallbackExecutor.run(PlayerChunkMap.java:204) ~[patched_1.16.5.jar:git-Paper-794]
	at net.minecraft.server.v1_16_R3.PlayerChunk.a(PlayerChunk.java:785) ~[patched_1.16.5.jar:git-Paper-794]
	at net.minecraft.server.v1_16_R3.ChunkMapDistance.a(ChunkMapDistance.java:126) ~[patched_1.16.5.jar:git-Paper-794]
	at net.minecraft.server.v1_16_R3.ChunkProviderServer.tickDistanceManager(ChunkProviderServer.java:665) ~[patched_1.16.5.jar:git-Paper-794]
	at net.minecraft.server.v1_16_R3.ChunkMapDistance.addPriorityTicket(ChunkMapDistance.java:303) ~[patched_1.16.5.jar:git-Paper-794]
	at net.minecraft.server.v1_16_R3.ChunkMapDistance.markUrgent(ChunkMapDistance.java:230) ~[patched_1.16.5.jar:git-Paper-794]
	at net.minecraft.server.v1_16_R3.ChunkProviderServer.getChunkFutureMainThread(ChunkProviderServer.java:593) ~[patched_1.16.5.jar:git-Paper-794]
	at net.minecraft.server.v1_16_R3.ChunkProviderServer.getChunkAt(ChunkProviderServer.java:525) ~[patched_1.16.5.jar:git-Paper-794]
	at net.minecraft.server.v1_16_R3.World.getType(World.java:745) ~[patched_1.16.5.jar:git-Paper-794]
	at net.minecraft.server.v1_16_R3.PortalTravelAgent.lambda$findPortal$4(PortalTravelAgent.java:60) ~[patched_1.16.5.jar:git-Paper-794]
	at net.minecraft.server.v1_16_R3.BlockUtil.a(SourceFile:192) ~[patched_1.16.5.jar:git-Paper-794]
	at net.minecraft.server.v1_16_R3.BlockUtil.a(SourceFile:80) ~[patched_1.16.5.jar:git-Paper-794]
	at net.minecraft.server.v1_16_R3.PortalTravelAgent.lambda$findPortal$5(PortalTravelAgent.java:59) ~[patched_1.16.5.jar:git-Paper-794]
	at java.util.Optional.map(Optional.java:265) ~[?:?]
	at net.minecraft.server.v1_16_R3.PortalTravelAgent.findPortal(PortalTravelAgent.java:53) ~[patched_1.16.5.jar:git-Paper-794]
	at net.minecraft.server.v1_16_R3.Entity.findOrCreatePortal(Entity.java:2866) ~[patched_1.16.5.jar:git-Paper-794]
	at net.minecraft.server.v1_16_R3.EntityPlayer.findOrCreatePortal(EntityPlayer.java:1178) ~[patched_1.16.5.jar:git-Paper-794]
	at net.minecraft.server.v1_16_R3.Entity.a(Entity.java:2803) ~[patched_1.16.5.jar:git-Paper-794]
	at net.minecraft.server.v1_16_R3.EntityPlayer.a(EntityPlayer.java:1007) ~[patched_1.16.5.jar:git-Paper-794]
	at net.minecraft.server.v1_16_R3.EntityPlayer.b(EntityPlayer.java:1061) ~[patched_1.16.5.jar:git-Paper-794]
	at net.minecraft.server.v1_16_R3.Entity.doPortalTick(Entity.java:2318) ~[patched_1.16.5.jar:git-Paper-794]
	at net.minecraft.server.v1_16_R3.Entity.entityBaseTick(Entity.java:555) ~[patched_1.16.5.jar:git-Paper-794]
	at net.minecraft.server.v1_16_R3.EntityLiving.entityBaseTick(EntityLiving.java:360) ~[patched_1.16.5.jar:git-Paper-794]
	at net.minecraft.server.v1_16_R3.Entity.tick(Entity.java:530) ~[patched_1.16.5.jar:git-Paper-794]
	at net.minecraft.server.v1_16_R3.EntityLiving.tick(EntityLiving.java:2543) ~[patched_1.16.5.jar:git-Paper-794]
	at net.minecraft.server.v1_16_R3.EntityHuman.tick(EntityHuman.java:258) ~[patched_1.16.5.jar:git-Paper-794]
	at net.minecraft.server.v1_16_R3.EntityPlayer.playerTick(EntityPlayer.java:658) ~[patched_1.16.5.jar:git-Paper-794]
	at net.minecraft.server.v1_16_R3.PlayerConnection.tick(PlayerConnection.java:325) ~[patched_1.16.5.jar:git-Paper-794]
	at net.minecraft.server.v1_16_R3.NetworkManager.a(NetworkManager.java:408) ~[patched_1.16.5.jar:git-Paper-794]
	at net.minecraft.server.v1_16_R3.ServerConnection.c(ServerConnection.java:168) ~[patched_1.16.5.jar:git-Paper-794]
	at net.minecraft.server.v1_16_R3.MinecraftServer.b(MinecraftServer.java:1520) ~[patched_1.16.5.jar:git-Paper-794]
	at net.minecraft.server.v1_16_R3.DedicatedServer.b(DedicatedServer.java:436) ~[patched_1.16.5.jar:git-Paper-794]
	at net.minecraft.server.v1_16_R3.MinecraftServer.a(MinecraftServer.java:1347) ~[patched_1.16.5.jar:git-Paper-794]
	at net.minecraft.server.v1_16_R3.MinecraftServer.w(MinecraftServer.java:1135) ~[patched_1.16.5.jar:git-Paper-794]
	at net.minecraft.server.v1_16_R3.MinecraftServer.lambda$a$0(MinecraftServer.java:291) ~[patched_1.16.5.jar:git-Paper-794]
	at java.lang.Thread.run(Thread.java:829) [?:?]
[22:04:40] [Server thread/ERROR]: Could not pass event ChunkLoadEvent to Permadeath v1.3
java.lang.ClassCastException: class net.minecraft.server.v1_16_R3.EntityArmorStand cannot be cast to class net.minecraft.server.v1_16_R3.EntityInsentient (net.minecraft.server.v1_16_R3.EntityArmorStand and net.minecraft.server.v1_16_R3.EntityInsentient are in unnamed module of loader 'app')
	at tech.sebazcrc.permadeath.nms.v1_16_R3.NMSAccessorImpl.registerAttribute(NMSAccessorImpl.java:57) ~[?:?]
	at tech.sebazcrc.permadeath.event.HostileEntityListener.injectHostileBehavior(HostileEntityListener.java:50) ~[?:?]
	at tech.sebazcrc.permadeath.event.HostileEntityListener.onChunkLoad(HostileEntityListener.java:68) ~[?:?]
	at com.destroystokyo.paper.event.executor.asm.generated.GeneratedEventExecutor44.execute(Unknown Source) ~[?:?]
	at org.bukkit.plugin.EventExecutor.lambda$create$1(EventExecutor.java:69) ~[patched_1.16.5.jar:git-Paper-794]
	at co.aikar.timings.TimedEventExecutor.execute(TimedEventExecutor.java:80) ~[patched_1.16.5.jar:git-Paper-794]
	at org.bukkit.plugin.RegisteredListener.callEvent(RegisteredListener.java:70) ~[patched_1.16.5.jar:git-Paper-794]
	at org.bukkit.plugin.SimplePluginManager.callEvent(SimplePluginManager.java:624) ~[patched_1.16.5.jar:git-Paper-794]
	at net.minecraft.server.v1_16_R3.Chunk.loadCallback(Chunk.java:875) ~[patched_1.16.5.jar:git-Paper-794]
	at net.minecraft.server.v1_16_R3.PlayerChunk.lambda$a$15(PlayerChunk.java:775) ~[patched_1.16.5.jar:git-Paper-794]
	at net.minecraft.server.v1_16_R3.PlayerChunkMap$CallbackExecutor.run(PlayerChunkMap.java:204) ~[patched_1.16.5.jar:git-Paper-794]
	at net.minecraft.server.v1_16_R3.PlayerChunk.a(PlayerChunk.java:785) ~[patched_1.16.5.jar:git-Paper-794]
	at net.minecraft.server.v1_16_R3.ChunkMapDistance.a(ChunkMapDistance.java:126) ~[patched_1.16.5.jar:git-Paper-794]
	at net.minecraft.server.v1_16_R3.ChunkProviderServer.tickDistanceManager(ChunkProviderServer.java:665) ~[patched_1.16.5.jar:git-Paper-794]
	at net.minecraft.server.v1_16_R3.ChunkMapDistance.addPriorityTicket(ChunkMapDistance.java:303) ~[patched_1.16.5.jar:git-Paper-794]
	at net.minecraft.server.v1_16_R3.ChunkMapDistance.markUrgent(ChunkMapDistance.java:230) ~[patched_1.16.5.jar:git-Paper-794]
	at net.minecraft.server.v1_16_R3.ChunkProviderServer.getChunkFutureMainThread(ChunkProviderServer.java:593) ~[patched_1.16.5.jar:git-Paper-794]
	at net.minecraft.server.v1_16_R3.ChunkProviderServer.getChunkAt(ChunkProviderServer.java:525) ~[patched_1.16.5.jar:git-Paper-794]
	at net.minecraft.server.v1_16_R3.World.getType(World.java:745) ~[patched_1.16.5.jar:git-Paper-794]
	at net.minecraft.server.v1_16_R3.PortalTravelAgent.lambda$findPortal$4(PortalTravelAgent.java:60) ~[patched_1.16.5.jar:git-Paper-794]
	at net.minecraft.server.v1_16_R3.BlockUtil.a(SourceFile:192) ~[patched_1.16.5.jar:git-Paper-794]
	at net.minecraft.server.v1_16_R3.BlockUtil.a(SourceFile:80) ~[patched_1.16.5.jar:git-Paper-794]
	at net.minecraft.server.v1_16_R3.PortalTravelAgent.lambda$findPortal$5(PortalTravelAgent.java:59) ~[patched_1.16.5.jar:git-Paper-794]
	at java.util.Optional.map(Optional.java:265) ~[?:?]
	at net.minecraft.server.v1_16_R3.PortalTravelAgent.findPortal(PortalTravelAgent.java:53) ~[patched_1.16.5.jar:git-Paper-794]
	at net.minecraft.server.v1_16_R3.Entity.findOrCreatePortal(Entity.java:2866) ~[patched_1.16.5.jar:git-Paper-794]
	at net.minecraft.server.v1_16_R3.EntityPlayer.findOrCreatePortal(EntityPlayer.java:1178) ~[patched_1.16.5.jar:git-Paper-794]
	at net.minecraft.server.v1_16_R3.Entity.a(Entity.java:2803) ~[patched_1.16.5.jar:git-Paper-794]
	at net.minecraft.server.v1_16_R3.EntityPlayer.a(EntityPlayer.java:1007) ~[patched_1.16.5.jar:git-Paper-794]
	at net.minecraft.server.v1_16_R3.EntityPlayer.b(EntityPlayer.java:1061) ~[patched_1.16.5.jar:git-Paper-794]
	at net.minecraft.server.v1_16_R3.Entity.doPortalTick(Entity.java:2318) ~[patched_1.16.5.jar:git-Paper-794]
	at net.minecraft.server.v1_16_R3.Entity.entityBaseTick(Entity.java:555) ~[patched_1.16.5.jar:git-Paper-794]
	at net.minecraft.server.v1_16_R3.EntityLiving.entityBaseTick(EntityLiving.java:360) ~[patched_1.16.5.jar:git-Paper-794]
	at net.minecraft.server.v1_16_R3.Entity.tick(Entity.java:530) ~[patched_1.16.5.jar:git-Paper-794]
	at net.minecraft.server.v1_16_R3.EntityLiving.tick(EntityLiving.java:2543) ~[patched_1.16.5.jar:git-Paper-794]
	at net.minecraft.server.v1_16_R3.EntityHuman.tick(EntityHuman.java:258) ~[patched_1.16.5.jar:git-Paper-794]
	at net.minecraft.server.v1_16_R3.EntityPlayer.playerTick(EntityPlayer.java:658) ~[patched_1.16.5.jar:git-Paper-794]
	at net.minecraft.server.v1_16_R3.PlayerConnection.tick(PlayerConnection.java:325) ~[patched_1.16.5.jar:git-Paper-794]
	at net.minecraft.server.v1_16_R3.NetworkManager.a(NetworkManager.java:408) ~[patched_1.16.5.jar:git-Paper-794]
	at net.minecraft.server.v1_16_R3.ServerConnection.c(ServerConnection.java:168) ~[patched_1.16.5.jar:git-Paper-794]
	at net.minecraft.server.v1_16_R3.MinecraftServer.b(MinecraftServer.java:1520) ~[patched_1.16.5.jar:git-Paper-794]
	at net.minecraft.server.v1_16_R3.DedicatedServer.b(DedicatedServer.java:436) ~[patched_1.16.5.jar:git-Paper-794]
	at net.minecraft.server.v1_16_R3.MinecraftServer.a(MinecraftServer.java:1347) ~[patched_1.16.5.jar:git-Paper-794]
	at net.minecraft.server.v1_16_R3.MinecraftServer.w(MinecraftServer.java:1135) ~[patched_1.16.5.jar:git-Paper-794]
	at net.minecraft.server.v1_16_R3.MinecraftServer.lambda$a$0(MinecraftServer.java:291) ~[patched_1.16.5.jar:git-Paper-794]
	at java.lang.Thread.run(Thread.java:829) [?:?]
[22:04:40] [Server thread/ERROR]: Could not pass event ChunkLoadEvent to Permadeath v1.3
java.lang.ClassCastException: class net.minecraft.server.v1_16_R3.EntityArmorStand cannot be cast to class net.minecraft.server.v1_16_R3.EntityInsentient (net.minecraft.server.v1_16_R3.EntityArmorStand and net.minecraft.server.v1_16_R3.EntityInsentient are in unnamed module of loader 'app')
	at tech.sebazcrc.permadeath.nms.v1_16_R3.NMSAccessorImpl.registerAttribute(NMSAccessorImpl.java:57) ~[?:?]
	at tech.sebazcrc.permadeath.event.HostileEntityListener.injectHostileBehavior(HostileEntityListener.java:50) ~[?:?]
	at tech.sebazcrc.permadeath.event.HostileEntityListener.onChunkLoad(HostileEntityListener.java:68) ~[?:?]
	at com.destroystokyo.paper.event.executor.asm.generated.GeneratedEventExecutor44.execute(Unknown Source) ~[?:?]
	at org.bukkit.plugin.EventExecutor.lambda$create$1(EventExecutor.java:69) ~[patched_1.16.5.jar:git-Paper-794]
	at co.aikar.timings.TimedEventExecutor.execute(TimedEventExecutor.java:80) ~[patched_1.16.5.jar:git-Paper-794]
	at org.bukkit.plugin.RegisteredListener.callEvent(RegisteredListener.java:70) ~[patched_1.16.5.jar:git-Paper-794]
	at org.bukkit.plugin.SimplePluginManager.callEvent(SimplePluginManager.java:624) ~[patched_1.16.5.jar:git-Paper-794]
	at net.minecraft.server.v1_16_R3.Chunk.loadCallback(Chunk.java:875) ~[patched_1.16.5.jar:git-Paper-794]
	at net.minecraft.server.v1_16_R3.PlayerChunk.lambda$a$15(PlayerChunk.java:775) ~[patched_1.16.5.jar:git-Paper-794]
	at net.minecraft.server.v1_16_R3.PlayerChunkMap$CallbackExecutor.run(PlayerChunkMap.java:204) ~[patched_1.16.5.jar:git-Paper-794]
	at net.minecraft.server.v1_16_R3.PlayerChunk.a(PlayerChunk.java:785) ~[patched_1.16.5.jar:git-Paper-794]
	at net.minecraft.server.v1_16_R3.ChunkMapDistance.a(ChunkMapDistance.java:126) ~[patched_1.16.5.jar:git-Paper-794]
	at net.minecraft.server.v1_16_R3.ChunkProviderServer.tickDistanceManager(ChunkProviderServer.java:665) ~[patched_1.16.5.jar:git-Paper-794]
	at net.minecraft.server.v1_16_R3.ChunkMapDistance.addPriorityTicket(ChunkMapDistance.java:303) ~[patched_1.16.5.jar:git-Paper-794]
	at net.minecraft.server.v1_16_R3.ChunkMapDistance.markUrgent(ChunkMapDistance.java:230) ~[patched_1.16.5.jar:git-Paper-794]
	at net.minecraft.server.v1_16_R3.ChunkProviderServer.getChunkFutureMainThread(ChunkProviderServer.java:593) ~[patched_1.16.5.jar:git-Paper-794]
	at net.minecraft.server.v1_16_R3.ChunkProviderServer.getChunkAt(ChunkProviderServer.java:525) ~[patched_1.16.5.jar:git-Paper-794]
	at net.minecraft.server.v1_16_R3.World.getType(World.java:745) ~[patched_1.16.5.jar:git-Paper-794]
	at net.minecraft.server.v1_16_R3.PortalTravelAgent.lambda$findPortal$4(PortalTravelAgent.java:60) ~[patched_1.16.5.jar:git-Paper-794]
	at net.minecraft.server.v1_16_R3.BlockUtil.a(SourceFile:192) ~[patched_1.16.5.jar:git-Paper-794]
	at net.minecraft.server.v1_16_R3.BlockUtil.a(SourceFile:80) ~[patched_1.16.5.jar:git-Paper-794]
	at net.minecraft.server.v1_16_R3.PortalTravelAgent.lambda$findPortal$5(PortalTravelAgent.java:59) ~[patched_1.16.5.jar:git-Paper-794]
	at java.util.Optional.map(Optional.java:265) ~[?:?]
	at net.minecraft.server.v1_16_R3.PortalTravelAgent.findPortal(PortalTravelAgent.java:53) ~[patched_1.16.5.jar:git-Paper-794]
	at net.minecraft.server.v1_16_R3.Entity.findOrCreatePortal(Entity.java:2866) ~[patched_1.16.5.jar:git-Paper-794]
	at net.minecraft.server.v1_16_R3.EntityPlayer.findOrCreatePortal(EntityPlayer.java:1178) ~[patched_1.16.5.jar:git-Paper-794]
	at net.minecraft.server.v1_16_R3.Entity.a(Entity.java:2803) ~[patched_1.16.5.jar:git-Paper-794]
	at net.minecraft.server.v1_16_R3.EntityPlayer.a(EntityPlayer.java:1007) ~[patched_1.16.5.jar:git-Paper-794]
	at net.minecraft.server.v1_16_R3.EntityPlayer.b(EntityPlayer.java:1061) ~[patched_1.16.5.jar:git-Paper-794]
	at net.minecraft.server.v1_16_R3.Entity.doPortalTick(Entity.java:2318) ~[patched_1.16.5.jar:git-Paper-794]
	at net.minecraft.server.v1_16_R3.Entity.entityBaseTick(Entity.java:555) ~[patched_1.16.5.jar:git-Paper-794]
	at net.minecraft.server.v1_16_R3.EntityLiving.entityBaseTick(EntityLiving.java:360) ~[patched_1.16.5.jar:git-Paper-794]
	at net.minecraft.server.v1_16_R3.Entity.tick(Entity.java:530) ~[patched_1.16.5.jar:git-Paper-794]
	at net.minecraft.server.v1_16_R3.EntityLiving.tick(EntityLiving.java:2543) ~[patched_1.16.5.jar:git-Paper-794]
	at net.minecraft.server.v1_16_R3.EntityHuman.tick(EntityHuman.java:258) ~[patched_1.16.5.jar:git-Paper-794]
	at net.minecraft.server.v1_16_R3.EntityPlayer.playerTick(EntityPlayer.java:658) ~[patched_1.16.5.jar:git-Paper-794]
	at net.minecraft.server.v1_16_R3.PlayerConnection.tick(PlayerConnection.java:325) ~[patched_1.16.5.jar:git-Paper-794]
	at net.minecraft.server.v1_16_R3.NetworkManager.a(NetworkManager.java:408) ~[patched_1.16.5.jar:git-Paper-794]
	at net.minecraft.server.v1_16_R3.ServerConnection.c(ServerConnection.java:168) ~[patched_1.16.5.jar:git-Paper-794]
	at net.minecraft.server.v1_16_R3.MinecraftServer.b(MinecraftServer.java:1520) ~[patched_1.16.5.jar:git-Paper-794]
	at net.minecraft.server.v1_16_R3.DedicatedServer.b(DedicatedServer.java:436) ~[patched_1.16.5.jar:git-Paper-794]
	at net.minecraft.server.v1_16_R3.MinecraftServer.a(MinecraftServer.java:1347) ~[patched_1.16.5.jar:git-Paper-794]
	at net.minecraft.server.v1_16_R3.MinecraftServer.w(MinecraftServer.java:1135) ~[patched_1.16.5.jar:git-Paper-794]
	at net.minecraft.server.v1_16_R3.MinecraftServer.lambda$a$0(MinecraftServer.java:291) ~[patched_1.16.5.jar:git-Paper-794]
	at java.lang.Thread.run(Thread.java:829) [?:?]
[22:06:07] [Server thread/INFO]: Jer_efece issued server command: /effect clear
[22:14:46] [Server thread/INFO]: RompOrTos issued server command: /gamemode creative
[22:19:57] [Server thread/INFO]: RompOrTos issued server command: /gamemode survival
[22:23:08] [Async Chat Thread - #2/INFO]: <Jer_efece> mno el meet
[22:23:09] [Server thread/INFO]: Jer_efece issued server command: /effect clear
[22:26:59] [Server thread/INFO]: Jer_efece issued server command: /gamemode creative
[22:27:31] [Server thread/INFO]: Jer_efece issued server command: /gamemode survival
[22:27:34] [Server thread/INFO]: Jer_efece issued server command: /gamemode creative
[22:27:38] [Server thread/INFO]: Jer_efece issued server command: /gamemode survival
[22:27:56] [Server thread/INFO]: Jer_efece issued server command: /gamemode creative
[22:28:08] [Server thread/INFO]: Jer_efece issued server command: /effect clear
[22:29:16] [Server thread/INFO]: Jer_efece issued server command: /effect clear
[22:29:20] [Server thread/INFO]: Jer_efece issued server command: /effect clear
[22:31:00] [Server thread/INFO]: RompOrTos issued server command: /gamemode creative
[22:31:08] [Server thread/INFO]: RompOrTos issued server command: /gamemode survival
[22:31:22] [Server thread/INFO]: RompOrTos issued server command: /tp RompOrTos Jer_efece
[22:31:30] [Server thread/INFO]: Jer_efece issued server command: /gamemode survival
[22:31:36] [Server thread/INFO]: Jer_efece issued server command: /gamemode creative
[22:31:37] [Server thread/INFO]: Jer_efece issued server command: /gamemode survival
[22:31:52] [Server thread/INFO]: Jer_efece issued server command: /gamemode creative
[22:31:55] [Server thread/INFO]: Jer_efece issued server command: /gamemode survival
[22:34:31] [Server thread/INFO]: El jugador Jer_efece ha usado su medalla de superviviente.
[22:34:32] [Server thread/INFO]: Jer_efece issued server command: /gamemode creative
[22:35:00] [Server thread/INFO]: El jugador RompOrTos ha usado su medalla de superviviente.
[22:35:05] [Server thread/INFO]: ¡RompOrTos no tenía suficientes tótems en el inventario!
[22:35:05] [Server thread/INFO]: Set the weather to rain & thunder
[22:35:05] [Server thread/INFO]: Permadeath ➤ The Beginning ha cerrado temporalmente (DeathTrain).
[22:35:05] [Server thread/INFO]: Permadeath ➤ ¡Ha comenzado el modo UHC!
[22:35:05] [Server thread/INFO]: RompOrTos ha muerto y ahora descanza en paz.
[22:35:05] [Server thread/INFO]: Este es el comienzo del sufrimiento eterno de RompOrTos. ¡HA SIDO PERMABANEADO!
[22:35:05] [Server thread/INFO]: X: -27 || Y: 128 || Z: -21
[22:35:05] [Server thread/INFO]: RompOrTos blew up
[22:35:08] [Server thread/ERROR]: Could not pass event ChunkLoadEvent to Permadeath v1.3
java.lang.ClassCastException: class net.minecraft.server.v1_16_R3.EntityArmorStand cannot be cast to class net.minecraft.server.v1_16_R3.EntityInsentient (net.minecraft.server.v1_16_R3.EntityArmorStand and net.minecraft.server.v1_16_R3.EntityInsentient are in unnamed module of loader 'app')
	at tech.sebazcrc.permadeath.nms.v1_16_R3.NMSAccessorImpl.registerAttribute(NMSAccessorImpl.java:57) ~[?:?]
	at tech.sebazcrc.permadeath.event.HostileEntityListener.injectHostileBehavior(HostileEntityListener.java:50) ~[?:?]
	at tech.sebazcrc.permadeath.event.HostileEntityListener.onChunkLoad(HostileEntityListener.java:68) ~[?:?]
	at com.destroystokyo.paper.event.executor.asm.generated.GeneratedEventExecutor44.execute(Unknown Source) ~[?:?]
	at org.bukkit.plugin.EventExecutor.lambda$create$1(EventExecutor.java:69) ~[patched_1.16.5.jar:git-Paper-794]
	at co.aikar.timings.TimedEventExecutor.execute(TimedEventExecutor.java:80) ~[patched_1.16.5.jar:git-Paper-794]
	at org.bukkit.plugin.RegisteredListener.callEvent(RegisteredListener.java:70) ~[patched_1.16.5.jar:git-Paper-794]
	at org.bukkit.plugin.SimplePluginManager.callEvent(SimplePluginManager.java:624) ~[patched_1.16.5.jar:git-Paper-794]
	at net.minecraft.server.v1_16_R3.Chunk.loadCallback(Chunk.java:875) ~[patched_1.16.5.jar:git-Paper-794]
	at net.minecraft.server.v1_16_R3.PlayerChunk.lambda$a$15(PlayerChunk.java:775) ~[patched_1.16.5.jar:git-Paper-794]
	at net.minecraft.server.v1_16_R3.PlayerChunkMap$CallbackExecutor.run(PlayerChunkMap.java:204) ~[patched_1.16.5.jar:git-Paper-794]
	at net.minecraft.server.v1_16_R3.ChunkProviderServer$a.executeNext(ChunkProviderServer.java:1080) ~[patched_1.16.5.jar:git-Paper-794]
	at net.minecraft.server.v1_16_R3.IAsyncTaskHandler.awaitTasks(IAsyncTaskHandler.java:119) ~[patched_1.16.5.jar:git-Paper-794]
	at net.minecraft.server.v1_16_R3.ChunkProviderServer.getChunkAt(ChunkProviderServer.java:536) ~[patched_1.16.5.jar:git-Paper-794]
	at net.minecraft.server.v1_16_R3.World.getType(World.java:745) ~[patched_1.16.5.jar:git-Paper-794]
	at net.minecraft.server.v1_16_R3.EntityHuman.getBed(EntityHuman.java:1414) ~[patched_1.16.5.jar:git-Paper-794]
	at net.minecraft.server.v1_16_R3.PlayerList.moveToWorld(PlayerList.java:893) ~[patched_1.16.5.jar:git-Paper-794]
	at net.minecraft.server.v1_16_R3.PlayerList.moveToWorld(PlayerList.java:825) ~[patched_1.16.5.jar:git-Paper-794]
	at net.minecraft.server.v1_16_R3.PlayerList.moveToWorld(PlayerList.java:820) ~[patched_1.16.5.jar:git-Paper-794]
	at net.minecraft.server.v1_16_R3.PlayerConnection.a(PlayerConnection.java:2460) ~[patched_1.16.5.jar:git-Paper-794]
	at net.minecraft.server.v1_16_R3.PacketPlayInClientCommand.a(SourceFile:30) ~[patched_1.16.5.jar:git-Paper-794]
	at net.minecraft.server.v1_16_R3.PacketPlayInClientCommand.a(SourceFile:8) ~[patched_1.16.5.jar:git-Paper-794]
	at net.minecraft.server.v1_16_R3.PlayerConnectionUtils.lambda$ensureMainThread$1(PlayerConnectionUtils.java:35) ~[patched_1.16.5.jar:git-Paper-794]
	at net.minecraft.server.v1_16_R3.TickTask.run(SourceFile:18) ~[patched_1.16.5.jar:git-Paper-794]
	at net.minecraft.server.v1_16_R3.IAsyncTaskHandler.executeTask(IAsyncTaskHandler.java:136) ~[patched_1.16.5.jar:git-Paper-794]
	at net.minecraft.server.v1_16_R3.IAsyncTaskHandlerReentrant.executeTask(SourceFile:23) ~[patched_1.16.5.jar:git-Paper-794]
	at net.minecraft.server.v1_16_R3.IAsyncTaskHandler.executeNext(IAsyncTaskHandler.java:109) ~[patched_1.16.5.jar:git-Paper-794]
	at net.minecraft.server.v1_16_R3.MinecraftServer.bb(MinecraftServer.java:1271) ~[patched_1.16.5.jar:git-Paper-794]
	at net.minecraft.server.v1_16_R3.MinecraftServer.executeNext(MinecraftServer.java:1264) ~[patched_1.16.5.jar:git-Paper-794]
	at net.minecraft.server.v1_16_R3.IAsyncTaskHandler.executeAll(IAsyncTaskHandler.java:95) ~[patched_1.16.5.jar:git-Paper-794]
	at net.minecraft.server.v1_16_R3.MinecraftServer.a(MinecraftServer.java:1400) ~[patched_1.16.5.jar:git-Paper-794]
	at net.minecraft.server.v1_16_R3.MinecraftServer.w(MinecraftServer.java:1135) ~[patched_1.16.5.jar:git-Paper-794]
	at net.minecraft.server.v1_16_R3.MinecraftServer.lambda$a$0(MinecraftServer.java:291) ~[patched_1.16.5.jar:git-Paper-794]
	at java.lang.Thread.run(Thread.java:829) [?:?]
[22:35:10] [Server thread/INFO]: ¡Comienza el Death Train con duración de 5 horas y 30 minutos!
[22:35:14] [Server thread/INFO]: RompOrTos issued server command: /gamemode creative
[22:35:28] [Server thread/INFO]: RompOrTos issued server command: /tp RompOrTos Jer_efece
[22:36:03] [Server thread/INFO]: RompOrTos issued server command: /effect clear RompOrTos
[22:36:22] [Server thread/INFO]: Jer_efece issued server command: /effect clear
[22:36:54] [Server thread/INFO]: Jer_efece issued server command: /effect clear
[22:37:22] [Server thread/INFO]: Jer_efece issued server command: /effect clear
[22:38:09] [Server thread/INFO]: Jer_efece issued server command: /effect clear
[22:38:39] [Server thread/INFO]: Jer_efece issued server command: /effect clear
[22:39:16] [Server thread/INFO]: Jer_efece issued server command: /effect clear
[22:39:38] [Server thread/INFO]: Jer_efece issued server command: /effect clear Jer_efece minecraft:blindness
[22:40:25] [Server thread/INFO]: Jer_efece issued server command: /effect clear Jer_efece minecraft:blindness
[22:40:33] [Server thread/INFO]: Jer_efece issued server command: /effect clear Jer_efece minecraft:blindness
[22:40:56] [Server thread/INFO]: Jer_efece issued server command: /gamemode survival
[22:42:51] [Server thread/INFO]: RompOrTos issued server command: /gamemode survival
[22:45:10] [Server thread/INFO]: RompOrTos issued server command: /gamemode creative
[22:45:24] [Server thread/INFO]: El jugador Jer_efece ha consumido tres tótems (Probabilidad: 12 != 93)
[22:45:27] [Server thread/INFO]: Jer_efece issued server command: /gamemode creative
[22:45:41] [Server thread/INFO]: RompOrTos issued server command: /gamemode survival
[22:46:31] [Server thread/ERROR]: Block at -47, 163, -39 is Block{minecraft:magma_block} but has net.minecraft.server.v1_16_R3.TileEntityBarrel@4863d43a. Bukkit will attempt to fix this, but there may be additional damage that we cannot recover.
[22:46:31] [Server thread/ERROR]: Block at -47, 163, -35 is Block{minecraft:magma_block} but has net.minecraft.server.v1_16_R3.TileEntityFurnaceFurnace@1e0ff3c. Bukkit will attempt to fix this, but there may be additional damage that we cannot recover.
[22:46:31] [Server thread/ERROR]: Block at -33, 129, -6 is Block{minecraft:magma_block} but has net.minecraft.server.v1_16_R3.TileEntityChest@508fcd82. Bukkit will attempt to fix this, but there may be additional damage that we cannot recover.
[22:46:31] [Server thread/ERROR]: Block at -32, 163, -20 is Block{minecraft:magma_block} but has net.minecraft.server.v1_16_R3.TileEntityChest@4e426748. Bukkit will attempt to fix this, but there may be additional damage that we cannot recover.
[22:46:31] [Server thread/ERROR]: Block at -47, 163, -44 is Block{minecraft:magma_block} but has net.minecraft.server.v1_16_R3.TileEntityChest@1d933854. Bukkit will attempt to fix this, but there may be additional damage that we cannot recover.
[22:46:35] [Server thread/INFO]: El jugador RompOrTos ha consumido tres tótems (Probabilidad: 24 != 93)
[22:46:35] [Server thread/ERROR]: Block at -44, 163, -25 is Block{minecraft:magma_block} but has net.minecraft.server.v1_16_R3.TileEntityChest@1b982ec3. Bukkit will attempt to fix this, but there may be additional damage that we cannot recover.
[22:46:35] [Server thread/ERROR]: Block at -45, 163, -35 is Block{minecraft:magma_block} but has net.minecraft.server.v1_16_R3.TileEntityShulkerBox@7bbe007a. Bukkit will attempt to fix this, but there may be additional damage that we cannot recover.
[22:46:35] [Server thread/ERROR]: Block at -138, 239, -20 is Block{minecraft:magma_block} but has net.minecraft.server.v1_16_R3.TileEntityChest@59ea4415. Bukkit will attempt to fix this, but there may be additional damage that we cannot recover.
[22:46:35] [Server thread/ERROR]: Block at -34, 164, -20 is Block{minecraft:magma_block} but has net.minecraft.server.v1_16_R3.TileEntityChest@f338841. Bukkit will attempt to fix this, but there may be additional damage that we cannot recover.
[22:46:35] [Server thread/ERROR]: Block at -35, 163, -40 is Block{minecraft:magma_block} but has net.minecraft.server.v1_16_R3.TileEntityBrewingStand@5a27a812. Bukkit will attempt to fix this, but there may be additional damage that we cannot recover.
[22:46:35] [Server thread/ERROR]: Block at -35, 164, -35 is Block{minecraft:magma_block} but has net.minecraft.server.v1_16_R3.TileEntityFurnaceFurnace@5e3cf80. Bukkit will attempt to fix this, but there may be additional damage that we cannot recover.
[22:46:35] [Server thread/ERROR]: Block at -138, 240, -20 is Block{minecraft:magma_block} but has net.minecraft.server.v1_16_R3.TileEntityHopper@65ea63ef. Bukkit will attempt to fix this, but there may be additional damage that we cannot recover.
[22:46:35] [Server thread/ERROR]: Block at -137, 238, -20 is Block{minecraft:magma_block} but has net.minecraft.server.v1_16_R3.TileEntityHopper@2f070963. Bukkit will attempt to fix this, but there may be additional damage that we cannot recover.
[22:46:35] [Server thread/ERROR]: Block at -35, 163, -45 is Block{minecraft:magma_block} but has net.minecraft.server.v1_16_R3.TileEntityChest@35ced2b0. Bukkit will attempt to fix this, but there may be additional damage that we cannot recover.
[22:46:35] [Server thread/ERROR]: Block at -35, 163, -35 is Block{minecraft:magma_block} but has net.minecraft.server.v1_16_R3.TileEntityFurnaceFurnace@243af77. Bukkit will attempt to fix this, but there may be additional damage that we cannot recover.
[22:46:41] [Server thread/INFO]: Jer_efece issued server command: /effect clear Jer_efece minecraft:blindness
[22:47:23] [Server thread/INFO]: ¡RompOrTos no tenía suficientes tótems en el inventario!
[22:47:23] [Server thread/INFO]: Set the weather to rain & thunder
[22:47:23] [Server thread/INFO]: Permadeath ➤ The Beginning ha cerrado temporalmente (DeathTrain).
[22:47:23] [Server thread/INFO]: Permadeath ➤ ¡Ha comenzado el modo UHC!
[22:47:23] [Server thread/INFO]: RompOrTos ha muerto y ahora descanza en paz.
[22:47:23] [Server thread/INFO]: Este es el comienzo del sufrimiento eterno de RompOrTos. ¡HA SIDO PERMABANEADO!
[22:47:23] [Server thread/INFO]: X: 23 || Y: 128 || Z: -35
[22:47:23] [Server thread/INFO]: RompOrTos was blown up by Ender Creeper
[22:47:23] [Server thread/ERROR]: Block at 12, 129, -57 is Block{minecraft:magma_block} but has net.minecraft.server.v1_16_R3.TileEntityChest@1873c0a7. Bukkit will attempt to fix this, but there may be additional damage that we cannot recover.
[22:47:23] [Server thread/ERROR]: Block at 10, 129, -56 is Block{minecraft:magma_block} but has net.minecraft.server.v1_16_R3.TileEntityChest@2d77b22c. Bukkit will attempt to fix this, but there may be additional damage that we cannot recover.
[22:47:23] [Server thread/ERROR]: Block at 11, 129, -53 is Block{minecraft:magma_block} but has net.minecraft.server.v1_16_R3.TileEntityChest@4372cc6c. Bukkit will attempt to fix this, but there may be additional damage that we cannot recover.
[22:47:23] [Server thread/ERROR]: Block at -36, 163, -20 is Block{minecraft:magma_block} but has net.minecraft.server.v1_16_R3.TileEntityChest@5d9f29bc. Bukkit will attempt to fix this, but there may be additional damage that we cannot recover.
[22:47:23] [Server thread/ERROR]: Block at 10, 129, -52 is Block{minecraft:magma_block} but has net.minecraft.server.v1_16_R3.TileEntityChest@5befac50. Bukkit will attempt to fix this, but there may be additional damage that we cannot recover.
[22:47:23] [Server thread/ERROR]: Block at -35, 163, -20 is Block{minecraft:magma_block} but has net.minecraft.server.v1_16_R3.TileEntityChest@4b1993d3. Bukkit will attempt to fix this, but there may be additional damage that we cannot recover.
[22:47:23] [Server thread/ERROR]: Block at 9, 129, -57 is Block{minecraft:magma_block} but has net.minecraft.server.v1_16_R3.TileEntityChest@1edd2770. Bukkit will attempt to fix this, but there may be additional damage that we cannot recover.
[22:47:23] [Server thread/ERROR]: Block at -34, 163, -20 is Block{minecraft:magma_block} but has net.minecraft.server.v1_16_R3.TileEntityChest@3aab2fde. Bukkit will attempt to fix this, but there may be additional damage that we cannot recover.
[22:47:23] [Server thread/ERROR]: Block at 10, 129, -57 is Block{minecraft:magma_block} but has net.minecraft.server.v1_16_R3.TileEntityChest@1c0089f7. Bukkit will attempt to fix this, but there may be additional damage that we cannot recover.
[22:47:25] [Server thread/ERROR]: Could not pass event ChunkLoadEvent to Permadeath v1.3
java.lang.ClassCastException: class net.minecraft.server.v1_16_R3.EntityArmorStand cannot be cast to class net.minecraft.server.v1_16_R3.EntityInsentient (net.minecraft.server.v1_16_R3.EntityArmorStand and net.minecraft.server.v1_16_R3.EntityInsentient are in unnamed module of loader 'app')
	at tech.sebazcrc.permadeath.nms.v1_16_R3.NMSAccessorImpl.registerAttribute(NMSAccessorImpl.java:57) ~[?:?]
	at tech.sebazcrc.permadeath.event.HostileEntityListener.injectHostileBehavior(HostileEntityListener.java:50) ~[?:?]
	at tech.sebazcrc.permadeath.event.HostileEntityListener.onChunkLoad(HostileEntityListener.java:68) ~[?:?]
	at com.destroystokyo.paper.event.executor.asm.generated.GeneratedEventExecutor44.execute(Unknown Source) ~[?:?]
	at org.bukkit.plugin.EventExecutor.lambda$create$1(EventExecutor.java:69) ~[patched_1.16.5.jar:git-Paper-794]
	at co.aikar.timings.TimedEventExecutor.execute(TimedEventExecutor.java:80) ~[patched_1.16.5.jar:git-Paper-794]
	at org.bukkit.plugin.RegisteredListener.callEvent(RegisteredListener.java:70) ~[patched_1.16.5.jar:git-Paper-794]
	at org.bukkit.plugin.SimplePluginManager.callEvent(SimplePluginManager.java:624) ~[patched_1.16.5.jar:git-Paper-794]
	at net.minecraft.server.v1_16_R3.Chunk.loadCallback(Chunk.java:875) ~[patched_1.16.5.jar:git-Paper-794]
	at net.minecraft.server.v1_16_R3.PlayerChunk.lambda$a$15(PlayerChunk.java:775) ~[patched_1.16.5.jar:git-Paper-794]
	at net.minecraft.server.v1_16_R3.PlayerChunkMap$CallbackExecutor.run(PlayerChunkMap.java:204) ~[patched_1.16.5.jar:git-Paper-794]
	at net.minecraft.server.v1_16_R3.ChunkProviderServer$a.executeNext(ChunkProviderServer.java:1080) ~[patched_1.16.5.jar:git-Paper-794]
	at net.minecraft.server.v1_16_R3.IAsyncTaskHandler.awaitTasks(IAsyncTaskHandler.java:119) ~[patched_1.16.5.jar:git-Paper-794]
	at net.minecraft.server.v1_16_R3.ChunkProviderServer.getChunkAt(ChunkProviderServer.java:536) ~[patched_1.16.5.jar:git-Paper-794]
	at net.minecraft.server.v1_16_R3.World.getType(World.java:745) ~[patched_1.16.5.jar:git-Paper-794]
	at net.minecraft.server.v1_16_R3.EntityHuman.getBed(EntityHuman.java:1414) ~[patched_1.16.5.jar:git-Paper-794]
	at net.minecraft.server.v1_16_R3.PlayerList.moveToWorld(PlayerList.java:893) ~[patched_1.16.5.jar:git-Paper-794]
	at net.minecraft.server.v1_16_R3.PlayerList.moveToWorld(PlayerList.java:825) ~[patched_1.16.5.jar:git-Paper-794]
	at net.minecraft.server.v1_16_R3.PlayerList.moveToWorld(PlayerList.java:820) ~[patched_1.16.5.jar:git-Paper-794]
	at net.minecraft.server.v1_16_R3.PlayerConnection.a(PlayerConnection.java:2460) ~[patched_1.16.5.jar:git-Paper-794]
	at net.minecraft.server.v1_16_R3.PacketPlayInClientCommand.a(SourceFile:30) ~[patched_1.16.5.jar:git-Paper-794]
	at net.minecraft.server.v1_16_R3.PacketPlayInClientCommand.a(SourceFile:8) ~[patched_1.16.5.jar:git-Paper-794]
	at net.minecraft.server.v1_16_R3.PlayerConnectionUtils.lambda$ensureMainThread$1(PlayerConnectionUtils.java:35) ~[patched_1.16.5.jar:git-Paper-794]
	at net.minecraft.server.v1_16_R3.TickTask.run(SourceFile:18) ~[patched_1.16.5.jar:git-Paper-794]
	at net.minecraft.server.v1_16_R3.IAsyncTaskHandler.executeTask(IAsyncTaskHandler.java:136) ~[patched_1.16.5.jar:git-Paper-794]
	at net.minecraft.server.v1_16_R3.IAsyncTaskHandlerReentrant.executeTask(SourceFile:23) ~[patched_1.16.5.jar:git-Paper-794]
	at net.minecraft.server.v1_16_R3.IAsyncTaskHandler.executeNext(IAsyncTaskHandler.java:109) ~[patched_1.16.5.jar:git-Paper-794]
	at net.minecraft.server.v1_16_R3.MinecraftServer.bb(MinecraftServer.java:1271) ~[patched_1.16.5.jar:git-Paper-794]
	at net.minecraft.server.v1_16_R3.MinecraftServer.executeNext(MinecraftServer.java:1264) ~[patched_1.16.5.jar:git-Paper-794]
	at net.minecraft.server.v1_16_R3.IAsyncTaskHandler.awaitTasks(IAsyncTaskHandler.java:119) ~[patched_1.16.5.jar:git-Paper-794]
	at net.minecraft.server.v1_16_R3.MinecraftServer.sleepForTick(MinecraftServer.java:1225) ~[patched_1.16.5.jar:git-Paper-794]
	at net.minecraft.server.v1_16_R3.MinecraftServer.w(MinecraftServer.java:1139) ~[patched_1.16.5.jar:git-Paper-794]
	at net.minecraft.server.v1_16_R3.MinecraftServer.lambda$a$0(MinecraftServer.java:291) ~[patched_1.16.5.jar:git-Paper-794]
	at java.lang.Thread.run(Thread.java:829) [?:?]
[22:47:27] [Server thread/INFO]: ¡Comienza el Death Train con duración de 5 horas y 30 minutos!
[22:47:32] [Server thread/INFO]: Jer_efece issued server command: /gamemode survival
[22:47:33] [Server thread/INFO]: RompOrTos issued server command: /tp RompOrTos Jer_efece
[22:48:04] [Server thread/INFO]: RompOrTos issued server command: /gamemode survival
[22:48:23] [Server thread/INFO]: RompOrTos issued server command: /gamemode creative
[22:51:28] [User Authenticator #5/INFO]: UUID of player TTottaly_RED is d8ae0c5b-a25c-39d6-87c6-bf16b596b378
[22:51:28] [Server thread/INFO]: TTottaly_RED se ha unido al servidor.
[22:51:28] [Server thread/INFO]: TTottaly_RED[/127.254.8.138:44765] logged in with entity id 117688 at ([world_nether]-38.55526468682467, 163.0, -18.225170984228573)
[22:51:52] [Async Chat Thread - #3/INFO]: <TTottaly_RED> q mrd fue
[22:52:35] [Async Chat Thread - #3/INFO]: <TTottaly_RED> q chucha fue
[22:52:42] [Async Chat Thread - #3/INFO]: <Jer_efece> oe el más infiel
[22:52:45] [Server thread/INFO]: RompOrTos issued server command: /pdc give reliquia del fin
[22:52:47] [Server thread/INFO]: Jer_efece issued server command: /tp TTottaly_RED Jer_efece
[22:52:51] [Server thread/INFO]: RompOrTos issued server command: /pdc endrelic
[22:52:52] [Async Chat Thread - #3/INFO]: <Jer_efece> unete meet
[22:52:55] [Async Chat Thread - #3/INFO]: <Jer_efece> tamos todos borrachos
[22:52:57] [Async Chat Thread - #3/INFO]: <TTottaly_RED> q mrd paso wbn
[22:52:59] [Async Chat Thread - #3/INFO]: <Jer_efece> cmo en la justin party
[22:53:05] [Server thread/INFO]: RompOrTos issued server command: /pdc give endRelic
[22:53:06] [Async Chat Thread - #3/INFO]: <Jer_efece> ahorita m chapo
[22:53:08] [Async Chat Thread - #3/INFO]: <Jer_efece> con ely
[22:53:15] [Server thread/INFO]: RompOrTos issued server command: /pdc help
[22:53:20] [Async Chat Thread - #3/INFO]: <Jer_efece> sa chanchita
[22:53:46] [Server thread/INFO]: Jer_efece issued server command: /gamemode spectator
[22:53:49] [Server thread/INFO]: Jer_efece issued server command: /gamemode creative
[22:54:10] [Async Chat Thread - #3/INFO]: <TTottaly_RED> q fue perras
[22:54:15] [Async Chat Thread - #3/INFO]: <TTottaly_RED> xq mrd esta esto asi
[22:54:28] [Async Chat Thread - #3/INFO]: <TTottaly_RED> nicaraguense
[22:54:36] [Server thread/INFO]: Jer_efece issued server command: /gamemode survival
[22:54:40] [Async Chat Thread - #3/INFO]: <TTottaly_RED> oe pero xq esto esta asi wbn
[22:55:01] [Server thread/INFO]: Jer_efece issued server command: /gamemode creative
[22:55:05] [Server thread/INFO]: Jer_efece issued server command: /gamemode survival
[22:55:33] [Async Chat Thread - #3/INFO]: <TTottaly_RED> con italo zamudio
[22:55:37] [Async Chat Thread - #3/INFO]: <Jer_efece> c kchudo
[22:55:46] [Async Chat Thread - #3/INFO]: <TTottaly_RED> :v
[22:55:49] [Async Chat Thread - #3/INFO]: <Jer_efece> c curwen
[22:55:51] [Server thread/INFO]: RompOrTos issued server command: /gamemode survival
[22:56:30] [Server thread/INFO]: Jer_efece issued server command: /gamemode spectator
[22:56:32] [Server thread/INFO]: Jer_efece issued server command: /gamemode survival
[22:56:37] [Server thread/INFO]: Jer_efece issued server command: /tp @a Jer_efece
[22:56:39] [Server thread/INFO]: Jer_efece issued server command: /gamemode spectator
[22:56:40] [Server thread/INFO]: Jer_efece issued server command: /gamemode survival
[22:56:41] [Server thread/INFO]: Jer_efece issued server command: /gamemode creative
[22:57:07] [Server thread/INFO]: Jer_efece issued server command: /effect clear Jer_efece minecraft:blindness
[22:57:11] [Server thread/INFO]: Jer_efece issued server command: /gamemode survival
[22:57:31] [Server thread/INFO]: RompOrTos issued server command: /effect clear
[22:57:48] [Async Chat Thread - #4/INFO]: <TTottaly_RED> esos son los mas fieles?
[22:57:50] [Server thread/INFO]: Jer_efece issued server command: /effect clear Jer_efece minecraft:blindness
[22:58:10] [Async Chat Thread - #4/INFO]: <TTottaly_RED> no veo ni mrd
[22:58:50] [Server thread/INFO]: Jer_efece issued server command: /tp TTottaly_RED Jer_efece
[22:58:53] [Server thread/INFO]: Jer_efece issued server command: /effect clear Jer_efece minecraft:blindness
[22:58:54] [Server thread/WARN]: RompOrTos moved too quickly! -1.3980895869753454,-112.0,4.646288958013486
[22:58:58] [Async Chat Thread - #4/INFO]: <TTottaly_RED> ptm no veo
[22:58:58] [Server thread/WARN]: Entity threw exception at world:26.756854759271143,60.63333243069483,-193.01760420645553
[22:58:58] [Server thread/WARN]: java.lang.NullPointerException
[22:58:58] [Server thread/WARN]: 	at net.minecraft.server.v1_16_R3.ControllerLook.a(ControllerLook.java:36)
[22:58:58] [Server thread/WARN]: 	at net.minecraft.server.v1_16_R3.PathfinderGoalMeleeAttack.e(SourceFile:108)
[22:58:58] [Server thread/WARN]: 	at net.minecraft.server.v1_16_R3.PathfinderGoalWrapped.e(PathfinderGoalWrapped.java:54)
[22:58:58] [Server thread/WARN]: 	at net.minecraft.server.v1_16_R3.PathfinderGoalSelector.doTick(PathfinderGoalSelector.java:150)
[22:58:58] [Server thread/WARN]: 	at net.minecraft.server.v1_16_R3.EntityInsentient.doTick(EntityInsentient.java:829)
[22:58:58] [Server thread/WARN]: 	at net.minecraft.server.v1_16_R3.EntityLiving.movementTick(EntityLiving.java:2865)
[22:58:58] [Server thread/WARN]: 	at net.minecraft.server.v1_16_R3.EntityInsentient.movementTick(EntityInsentient.java:615)
[22:58:58] [Server thread/WARN]: 	at net.minecraft.server.v1_16_R3.EntityMonster.movementTick(EntityMonster.java:45)
[22:58:58] [Server thread/WARN]: 	at net.minecraft.server.v1_16_R3.EntityGuardian.movementTick(SourceFile:302)
[22:58:58] [Server thread/WARN]: 	at net.minecraft.server.v1_16_R3.EntityLiving.tick(EntityLiving.java:2591)
[22:58:58] [Server thread/WARN]: 	at net.minecraft.server.v1_16_R3.EntityInsentient.tick(EntityInsentient.java:378)
[22:58:58] [Server thread/WARN]: 	at net.minecraft.server.v1_16_R3.WorldServer.entityJoinedWorld(WorldServer.java:960)
[22:58:58] [Server thread/WARN]: 	at net.minecraft.server.v1_16_R3.World.a(World.java:955)
[22:58:58] [Server thread/WARN]: 	at net.minecraft.server.v1_16_R3.WorldServer.doTick(WorldServer.java:646)
[22:58:58] [Server thread/WARN]: 	at net.minecraft.server.v1_16_R3.MinecraftServer.b(MinecraftServer.java:1495)
[22:58:58] [Server thread/WARN]: 	at net.minecraft.server.v1_16_R3.DedicatedServer.b(DedicatedServer.java:436)
[22:58:58] [Server thread/WARN]: 	at net.minecraft.server.v1_16_R3.MinecraftServer.a(MinecraftServer.java:1347)
[22:58:58] [Server thread/WARN]: 	at net.minecraft.server.v1_16_R3.MinecraftServer.w(MinecraftServer.java:1135)
[22:58:58] [Server thread/WARN]: 	at net.minecraft.server.v1_16_R3.MinecraftServer.lambda$a$0(MinecraftServer.java:291)
[22:58:58] [Server thread/WARN]: 	at java.base/java.lang.Thread.run(Thread.java:829)
[22:59:12] [Server thread/INFO]: Jer_efece issued server command: /pdc storm 15
[22:59:23] [Server thread/INFO]: Jer_efece issued server command: /pdc storm removeHours 15
[22:59:26] [Server thread/INFO]: Jer_efece issued server command: /pdc storm removeHours 1
[22:59:27] [Server thread/INFO]: La tormenta ha llegado a su fin.
[22:59:41] [Async Chat Thread - #4/INFO]: <TTottaly_RED> no veo carajo
[22:59:51] [Server thread/INFO]: Jer_efece issued server command: /effect clear @a minecraft:blindness
[23:00:28] [Async Chat Thread - #4/INFO]: <TTottaly_RED> un supernova
[23:00:34] [Server thread/INFO]: RompOrTos issued server command: /gamemode creative
[23:00:37] [Server thread/INFO]: RompOrTos issued server command: /tp RompOrTos Jer_efece
[23:00:53] [Server thread/INFO]: RompOrTos issued server command: /gamemode survival
[23:01:01] [Server thread/INFO]: Jer_efece issued server command: /tp @a Jer_efece
[23:01:41] [Server thread/INFO]: La maldición de un Gato Galáctico ha comenzado en: 102, 68, -863
[23:01:41] [Server thread/INFO]: Un gato galáctico invocará un mob al azar en: 5
[23:01:42] [Server thread/INFO]: Un gato galáctico invocará un mob al azar en: 4
[23:01:43] [Server thread/INFO]: Un gato galáctico invocará un mob al azar en: 3
[23:01:44] [Server thread/INFO]: Un gato galáctico invocará un mob al azar en: 2
[23:01:45] [Server thread/INFO]: Un gato galáctico invocará un mob al azar en: 1
[23:01:45] [Server thread/INFO]: Un gato galáctico ha invicado un(a) Giga Slime (102.09662278548332, 68.0, -863.0373081787463
[23:01:50] [Async Chat Thread - #5/INFO]: <TTottaly_RED> ´ptm
[23:01:53] [Async Chat Thread - #5/INFO]: <TTottaly_RED> m paltie
[23:02:00] [Server thread/ERROR]: Could not pass event CreatureSpawnEvent to Permadeath v1.3
java.lang.NullPointerException: null
	at tech.sebazcrc.permadeath.nms.v1_16_R3.NMSHandlerImpl.spawnNMSEntity(NMSHandlerImpl.java:326) ~[?:?]
	at tech.sebazcrc.permadeath.event.entity.SpawnListener.onSpawn(SpawnListener.java:127) ~[?:?]
	at com.destroystokyo.paper.event.executor.asm.generated.GeneratedEventExecutor9.execute(Unknown Source) ~[?:?]
	at org.bukkit.plugin.EventExecutor.lambda$create$1(EventExecutor.java:69) ~[patched_1.16.5.jar:git-Paper-794]
	at co.aikar.timings.TimedEventExecutor.execute(TimedEventExecutor.java:80) ~[patched_1.16.5.jar:git-Paper-794]
	at org.bukkit.plugin.RegisteredListener.callEvent(RegisteredListener.java:70) ~[patched_1.16.5.jar:git-Paper-794]
	at org.bukkit.plugin.SimplePluginManager.callEvent(SimplePluginManager.java:624) ~[patched_1.16.5.jar:git-Paper-794]
	at org.bukkit.craftbukkit.v1_16_R3.event.CraftEventFactory.callCreatureSpawnEvent(CraftEventFactory.java:722) ~[patched_1.16.5.jar:git-Paper-794]
	at org.bukkit.craftbukkit.v1_16_R3.event.CraftEventFactory.doEntityAddEventCalling(CraftEventFactory.java:640) ~[patched_1.16.5.jar:git-Paper-794]
	at net.minecraft.server.v1_16_R3.WorldServer.addEntity0(WorldServer.java:1302) ~[patched_1.16.5.jar:git-Paper-794]
	at net.minecraft.server.v1_16_R3.WorldServer.addEntity(WorldServer.java:1203) ~[patched_1.16.5.jar:git-Paper-794]
	at net.minecraft.server.v1_16_R3.WorldAccess.lambda$addAllEntities$0(WorldAccess.java:16) ~[patched_1.16.5.jar:git-Paper-794]
	at java.util.stream.Streams$StreamBuilderImpl.forEachRemaining(Streams.java:411) ~[?:?]
	at java.util.stream.Streams$ConcatSpliterator.forEachRemaining(Streams.java:734) ~[?:?]
	at java.util.stream.ReferencePipeline$Head.forEach(ReferencePipeline.java:658) ~[?:?]
	at net.minecraft.server.v1_16_R3.WorldAccess.addAllEntities(WorldAccess.java:16) ~[patched_1.16.5.jar:git-Paper-794]
	at net.minecraft.server.v1_16_R3.MobSpawnerPhantom.a(MobSpawnerPhantom.java:90) ~[patched_1.16.5.jar:git-Paper-794]
	at net.minecraft.server.v1_16_R3.WorldServer.doMobSpawning(WorldServer.java:714) ~[patched_1.16.5.jar:git-Paper-794]
	at net.minecraft.server.v1_16_R3.ChunkProviderServer.tickChunks(ChunkProviderServer.java:883) ~[patched_1.16.5.jar:git-Paper-794]
	at net.minecraft.server.v1_16_R3.ChunkProviderServer.tick(ChunkProviderServer.java:767) ~[patched_1.16.5.jar:git-Paper-794]
	at net.minecraft.server.v1_16_R3.WorldServer.doTick(WorldServer.java:576) ~[patched_1.16.5.jar:git-Paper-794]
	at net.minecraft.server.v1_16_R3.MinecraftServer.b(MinecraftServer.java:1495) ~[patched_1.16.5.jar:git-Paper-794]
	at net.minecraft.server.v1_16_R3.DedicatedServer.b(DedicatedServer.java:436) ~[patched_1.16.5.jar:git-Paper-794]
	at net.minecraft.server.v1_16_R3.MinecraftServer.a(MinecraftServer.java:1347) ~[patched_1.16.5.jar:git-Paper-794]
	at net.minecraft.server.v1_16_R3.MinecraftServer.w(MinecraftServer.java:1135) ~[patched_1.16.5.jar:git-Paper-794]
	at net.minecraft.server.v1_16_R3.MinecraftServer.lambda$a$0(MinecraftServer.java:291) ~[patched_1.16.5.jar:git-Paper-794]
	at java.lang.Thread.run(Thread.java:829) [?:?]
[23:02:06] [Server thread/ERROR]: Could not pass event ProjectileHitEvent to Permadeath v1.3
java.lang.NullPointerException: null
	at tech.sebazcrc.permadeath.util.mob.CustomSkeletons.onH(CustomSkeletons.java:35) ~[?:?]
	at com.destroystokyo.paper.event.executor.asm.generated.GeneratedEventExecutor11.execute(Unknown Source) ~[?:?]
	at org.bukkit.plugin.EventExecutor.lambda$create$1(EventExecutor.java:69) ~[patched_1.16.5.jar:git-Paper-794]
	at co.aikar.timings.TimedEventExecutor.execute(TimedEventExecutor.java:80) ~[patched_1.16.5.jar:git-Paper-794]
	at org.bukkit.plugin.RegisteredListener.callEvent(RegisteredListener.java:70) ~[patched_1.16.5.jar:git-Paper-794]
	at org.bukkit.plugin.SimplePluginManager.callEvent(SimplePluginManager.java:624) ~[patched_1.16.5.jar:git-Paper-794]
	at org.bukkit.craftbukkit.v1_16_R3.event.CraftEventFactory.callProjectileHitEvent(CraftEventFactory.java:1359) ~[patched_1.16.5.jar:git-Paper-794]
	at net.minecraft.server.v1_16_R3.IProjectile.preOnHit(IProjectile.java:138) ~[patched_1.16.5.jar:git-Paper-794]
	at net.minecraft.server.v1_16_R3.EntityArrow.tick(EntityArrow.java:214) ~[patched_1.16.5.jar:git-Paper-794]
	at net.minecraft.server.v1_16_R3.EntityTippedArrow.tick(EntityTippedArrow.java:108) ~[patched_1.16.5.jar:git-Paper-794]
	at net.minecraft.server.v1_16_R3.WorldServer.entityJoinedWorld(WorldServer.java:960) ~[patched_1.16.5.jar:git-Paper-794]
	at net.minecraft.server.v1_16_R3.World.a(World.java:955) ~[patched_1.16.5.jar:git-Paper-794]
	at net.minecraft.server.v1_16_R3.WorldServer.doTick(WorldServer.java:646) ~[patched_1.16.5.jar:git-Paper-794]
	at net.minecraft.server.v1_16_R3.MinecraftServer.b(MinecraftServer.java:1495) ~[patched_1.16.5.jar:git-Paper-794]
	at net.minecraft.server.v1_16_R3.DedicatedServer.b(DedicatedServer.java:436) ~[patched_1.16.5.jar:git-Paper-794]
	at net.minecraft.server.v1_16_R3.MinecraftServer.a(MinecraftServer.java:1347) ~[patched_1.16.5.jar:git-Paper-794]
	at net.minecraft.server.v1_16_R3.MinecraftServer.w(MinecraftServer.java:1135) ~[patched_1.16.5.jar:git-Paper-794]
	at net.minecraft.server.v1_16_R3.MinecraftServer.lambda$a$0(MinecraftServer.java:291) ~[patched_1.16.5.jar:git-Paper-794]
	at java.lang.Thread.run(Thread.java:829) [?:?]
[23:02:12] [Server thread/INFO]: El jugador TTottaly_RED ha consumido tres tótems (Probabilidad: 52 != 93)
[23:02:24] [Async Chat Thread - #5/INFO]: <TTottaly_RED> tu ptm
[23:02:33] [Server thread/INFO]: RompOrTos issued server command: /summon minecraft:cat
[23:03:16] [Server thread/INFO]: La maldición de un Gato Galáctico ha comenzado en: 61, 66, -856
[23:03:16] [Server thread/INFO]: Un gato galáctico invocará un mob al azar en: 5
[23:03:17] [Server thread/INFO]: Un gato galáctico invocará un mob al azar en: 4
[23:03:18] [Server thread/INFO]: Un gato galáctico invocará un mob al azar en: 3
[23:03:19] [Server thread/INFO]: Un gato galáctico invocará un mob al azar en: 2
[23:03:20] [Server thread/INFO]: Un gato galáctico invocará un mob al azar en: 1
[23:03:20] [Server thread/INFO]: Un gato galáctico ha invicado un(a) Araña con Efectos (61.670019793761405, 66.0, -856.7538883543275
[23:03:23] [Server thread/INFO]: El jugador RompOrTos ha consumido tres tótems (Probabilidad: 6 != 93)
[23:03:23] [Server thread/INFO]: El jugador Jer_efece ha consumido tres tótems (Probabilidad: 61 != 93)
[23:03:27] [Async Chat Thread - #6/INFO]: <TTottaly_RED> q mrd
[23:03:31] [Server thread/INFO]: Jer_efece issued server command: /gamemode creative
[23:03:33] [Async Chat Thread - #6/INFO]: <TTottaly_RED> jajaj
[23:03:46] [Server thread/INFO]: Jer_efece issued server command: /gamemode survival
[23:04:08] [Server thread/INFO]: Jer_efece issued server command: /summon minecraft:cat
[23:04:18] [Server thread/INFO]: La maldición de un Gato Galáctico ha comenzado en: 62, 66, -862
[23:04:18] [Server thread/INFO]: Un gato galáctico invocará un mob al azar en: 5
[23:04:19] [Server thread/INFO]: Un gato galáctico invocará un mob al azar en: 4
[23:04:20] [Server thread/INFO]: Un gato galáctico invocará un mob al azar en: 3
[23:04:21] [Server thread/INFO]: Un gato galáctico invocará un mob al azar en: 2
[23:04:22] [Server thread/INFO]: Un gato galáctico invocará un mob al azar en: 1
[23:04:22] [Server thread/INFO]: Un gato galáctico ha invicado un(a) Giga Slime (62.50684972730855, 66.0, -862.7915868119759
[23:04:33] [Server thread/INFO]: Jer_efece issued server command: /summon minecraft:cat
[23:04:39] [Server thread/INFO]: La maldición de un Gato Galáctico ha comenzado en: 64, 68, -847
[23:04:39] [Server thread/INFO]: Un gato galáctico invocará un mob al azar en: 5
[23:04:40] [Server thread/INFO]: Un gato galáctico invocará un mob al azar en: 4
[23:04:41] [Server thread/INFO]: Un gato galáctico invocará un mob al azar en: 3
[23:04:42] [Server thread/INFO]: Un gato galáctico invocará un mob al azar en: 2
[23:04:43] [Server thread/INFO]: Un gato galáctico invocará un mob al azar en: 1
[23:04:43] [Server thread/INFO]: Un gato galáctico ha invicado un(a) Araña con Efectos (64.2901587470202, 68.0, -847.6999999880791
[23:04:51] [Server thread/INFO]: RompOrTos issued server command: /pdc give medalla
[23:04:54] [Server thread/INFO]: Jer_efece issued server command: /summon minecraft:cat
[23:04:57] [Server thread/INFO]: La maldición de un Gato Galáctico ha comenzado en: 70, 71, -854
[23:04:57] [Server thread/INFO]: Un gato galáctico invocará un mob al azar en: 5
[23:04:58] [Server thread/INFO]: Un gato galáctico invocará un mob al azar en: 4
[23:04:58] [Server thread/INFO]: Jer_efece issued server command: /summon minecraft:cat
[23:04:59] [Server thread/INFO]: Un gato galáctico invocará un mob al azar en: 3
[23:05:00] [Server thread/INFO]: Un gato galáctico invocará un mob al azar en: 2
[23:05:01] [Server thread/INFO]: Un gato galáctico invocará un mob al azar en: 1
[23:05:01] [Server thread/INFO]: Un gato galáctico ha invicado un(a) Giga MagmaCube (70.22315023240135, 71.47844782862316, -854.5743293778794
[23:05:08] [Server thread/INFO]: RompOrTos issued server command: /summon minecraft:cat ~ ~ ~
[23:05:32] [Server thread/INFO]: Jer_efece issued server command: /gamemode creative
[23:05:38] [Server thread/INFO]: RompOrTos issued server command: /summon minecraft:cat
[23:05:42] [Server thread/INFO]: Jer_efece issued server command: /summon minecraft:cat
[23:05:43] [Server thread/INFO]: Jer_efece issued server command: /summon minecraft:cat
[23:05:45] [Server thread/INFO]: La maldición de un Gato Galáctico ha comenzado en: 65, 75, -855
[23:05:45] [Server thread/INFO]: Un gato galáctico invocará un mob al azar en: 5
[23:05:46] [Server thread/INFO]: Un gato galáctico invocará un mob al azar en: 4
[23:05:47] [Server thread/INFO]: Un gato galáctico invocará un mob al azar en: 3
[23:05:47] [Server thread/INFO]: RompOrTos issued server command: /summon minecraft:cat
[23:05:48] [Server thread/INFO]: Un gato galáctico invocará un mob al azar en: 2
[23:05:49] [Server thread/INFO]: Un gato galáctico invocará un mob al azar en: 1
[23:05:49] [Server thread/INFO]: Un gato galáctico ha invicado un(a) Araña con Efectos (65.11198000592096, 75.0, -855.3307141884222
[23:05:49] [Server thread/INFO]: La maldición de un Gato Galáctico ha comenzado en: 66, 75, -851
[23:05:49] [Server thread/INFO]: Un gato galáctico invocará un mob al azar en: 5
[23:05:50] [Server thread/INFO]: Un gato galáctico invocará un mob al azar en: 4
[23:05:51] [Server thread/INFO]: Un gato galáctico invocará un mob al azar en: 3
[23:05:52] [Server thread/INFO]: La maldición de un Gato Galáctico ha comenzado en: 61, 66, -843
[23:05:52] [Server thread/INFO]: Un gato galáctico invocará un mob al azar en: 5
[23:05:52] [Server thread/INFO]: Un gato galáctico invocará un mob al azar en: 2
[23:05:53] [Server thread/INFO]: Un gato galáctico invocará un mob al azar en: 4
[23:05:53] [Server thread/INFO]: Un gato galáctico invocará un mob al azar en: 1
[23:05:53] [Server thread/INFO]: Un gato galáctico ha invicado un(a) Giga Phantom (66.26173259319894, 75.375, -851.5263804585804
[23:05:54] [Server thread/INFO]: Un gato galáctico invocará un mob al azar en: 3
[23:05:55] [Server thread/INFO]: Un gato galáctico invocará un mob al azar en: 2
[23:05:56] [Server thread/INFO]: Un gato galáctico invocará un mob al azar en: 1
[23:05:56] [Server thread/INFO]: Un gato galáctico ha invicado un(a) Giga MagmaCube (61.193133434069054, 66.9375, -843.474902426724
[23:06:02] [Server thread/INFO]: Jer_efece issued server command: /summon minecraft:cat
[23:06:04] [Server thread/INFO]: La maldición de un Gato Galáctico ha comenzado en: 64, 66, -842
[23:06:04] [Server thread/INFO]: Un gato galáctico invocará un mob al azar en: 5
[23:06:05] [Server thread/INFO]: Un gato galáctico invocará un mob al azar en: 4
[23:06:06] [Server thread/INFO]: Un gato galáctico invocará un mob al azar en: 3
[23:06:06] [Server thread/INFO]: RompOrTos issued server command: /gamemode creative
[23:06:07] [Server thread/INFO]: Un gato galáctico invocará un mob al azar en: 2
[23:06:08] [Server thread/INFO]: Un gato galáctico invocará un mob al azar en: 1
[23:06:08] [Server thread/INFO]: Un gato galáctico ha invicado un(a) Ghast Demoníaco (64.97481497411103, 66.0392325102667, -842.9519362976246
[23:06:18] [Server thread/INFO]: Jer_efece issued server command: /gamemode survival
[23:06:27] [Server thread/INFO]: La maldición de un Gato Galáctico ha comenzado en: 18, 61, -833
[23:06:27] [Server thread/INFO]: Un gato galáctico invocará un mob al azar en: 5
[23:06:27] [Server thread/INFO]: La maldición de un Gato Galáctico ha comenzado en: 18, 61, -833
[23:06:27] [Server thread/INFO]: Un gato galáctico invocará un mob al azar en: 5
[23:06:27] [Server thread/INFO]: La maldición de un Gato Galáctico ha comenzado en: 18, 61, -833
[23:06:27] [Server thread/INFO]: La maldición de un Gato Galáctico ha comenzado en: 18, 61, -833
[23:06:27] [Server thread/INFO]: La maldición de un Gato Galáctico ha comenzado en: 18, 61, -833
[23:06:27] [Server thread/INFO]: La maldición de un Gato Galáctico ha comenzado en: 18, 61, -833
[23:06:27] [Server thread/INFO]: Un gato galáctico invocará un mob al azar en: 5
[23:06:27] [Server thread/INFO]: Un gato galáctico invocará un mob al azar en: 5
[23:06:27] [Server thread/INFO]: Un gato galáctico invocará un mob al azar en: 5
[23:06:27] [Server thread/INFO]: Un gato galáctico invocará un mob al azar en: 5
[23:06:27] [Server thread/INFO]: La maldición de un Gato Galáctico ha comenzado en: 18, 61, -833
[23:06:27] [Server thread/INFO]: Un gato galáctico invocará un mob al azar en: 5
[23:06:27] [Server thread/INFO]: La maldición de un Gato Galáctico ha comenzado en: 18, 61, -833
[23:06:27] [Server thread/INFO]: La maldición de un Gato Galáctico ha comenzado en: 18, 61, -833
[23:06:27] [Server thread/INFO]: Un gato galáctico invocará un mob al azar en: 5
[23:06:27] [Server thread/INFO]: Un gato galáctico invocará un mob al azar en: 5
[23:06:27] [Server thread/INFO]: La maldición de un Gato Galáctico ha comenzado en: 18, 61, -833
[23:06:27] [Server thread/INFO]: Un gato galáctico invocará un mob al azar en: 5
[23:06:28] [Server thread/INFO]: Un gato galáctico invocará un mob al azar en: 4
[23:06:28] [Server thread/INFO]: Un gato galáctico invocará un mob al azar en: 4
[23:06:28] [Server thread/INFO]: Un gato galáctico invocará un mob al azar en: 4
[23:06:28] [Server thread/INFO]: Un gato galáctico invocará un mob al azar en: 4
[23:06:28] [Server thread/INFO]: Un gato galáctico invocará un mob al azar en: 4
[23:06:28] [Server thread/INFO]: Un gato galáctico invocará un mob al azar en: 4
[23:06:28] [Server thread/INFO]: Un gato galáctico invocará un mob al azar en: 4
[23:06:28] [Server thread/INFO]: Un gato galáctico invocará un mob al azar en: 4
[23:06:28] [Server thread/INFO]: Un gato galáctico invocará un mob al azar en: 4
[23:06:28] [Server thread/INFO]: Un gato galáctico invocará un mob al azar en: 4
[23:06:29] [Server thread/INFO]: Un gato galáctico invocará un mob al azar en: 3
[23:06:29] [Server thread/INFO]: Un gato galáctico invocará un mob al azar en: 3
[23:06:29] [Server thread/INFO]: Un gato galáctico invocará un mob al azar en: 3
[23:06:29] [Server thread/INFO]: Un gato galáctico invocará un mob al azar en: 3
[23:06:29] [Server thread/INFO]: Un gato galáctico invocará un mob al azar en: 3
[23:06:29] [Server thread/INFO]: Un gato galáctico invocará un mob al azar en: 3
[23:06:29] [Server thread/INFO]: Un gato galáctico invocará un mob al azar en: 3
[23:06:29] [Server thread/INFO]: Un gato galáctico invocará un mob al azar en: 3
[23:06:29] [Server thread/INFO]: Un gato galáctico invocará un mob al azar en: 3
[23:06:29] [Server thread/INFO]: Un gato galáctico invocará un mob al azar en: 3
[23:06:30] [Server thread/INFO]: Un gato galáctico invocará un mob al azar en: 2
[23:06:30] [Server thread/INFO]: Un gato galáctico invocará un mob al azar en: 2
[23:06:30] [Server thread/INFO]: Un gato galáctico invocará un mob al azar en: 2
[23:06:30] [Server thread/INFO]: Un gato galáctico invocará un mob al azar en: 2
[23:06:30] [Server thread/INFO]: Un gato galáctico invocará un mob al azar en: 2
[23:06:30] [Server thread/INFO]: Un gato galáctico invocará un mob al azar en: 2
[23:06:30] [Server thread/INFO]: Un gato galáctico invocará un mob al azar en: 2
[23:06:30] [Server thread/INFO]: Un gato galáctico invocará un mob al azar en: 2
[23:06:30] [Server thread/INFO]: Un gato galáctico invocará un mob al azar en: 2
[23:06:30] [Server thread/INFO]: Un gato galáctico invocará un mob al azar en: 2
[23:06:31] [Server thread/INFO]: Un gato galáctico invocará un mob al azar en: 1
[23:06:31] [Server thread/WARN]: [Permadeath] Task #187402 for Permadeath v1.3 generated an exception
java.lang.NullPointerException: null
	at tech.sebazcrc.permadeath.nms.v1_16_R3.NMSHandlerImpl.spawnNMSEntity(NMSHandlerImpl.java:326) ~[?:?]
	at tech.sebazcrc.permadeath.task.GatoGalacticoTask.run(GatoGalacticoTask.java:150) ~[?:?]
	at org.bukkit.craftbukkit.v1_16_R3.scheduler.CraftTask.run(CraftTask.java:101) ~[patched_1.16.5.jar:git-Paper-794]
	at org.bukkit.craftbukkit.v1_16_R3.scheduler.CraftScheduler.mainThreadHeartbeat(CraftScheduler.java:485) ~[patched_1.16.5.jar:git-Paper-794]
	at net.minecraft.server.v1_16_R3.MinecraftServer.b(MinecraftServer.java:1432) ~[patched_1.16.5.jar:git-Paper-794]
	at net.minecraft.server.v1_16_R3.DedicatedServer.b(DedicatedServer.java:436) ~[patched_1.16.5.jar:git-Paper-794]
	at net.minecraft.server.v1_16_R3.MinecraftServer.a(MinecraftServer.java:1347) ~[patched_1.16.5.jar:git-Paper-794]
	at net.minecraft.server.v1_16_R3.MinecraftServer.w(MinecraftServer.java:1135) ~[patched_1.16.5.jar:git-Paper-794]
	at net.minecraft.server.v1_16_R3.MinecraftServer.lambda$a$0(MinecraftServer.java:291) ~[patched_1.16.5.jar:git-Paper-794]
	at java.lang.Thread.run(Thread.java:829) [?:?]
[23:06:31] [Server thread/INFO]: La maldición de un Gato Galáctico ha comenzado en: 18, 61, -833
[23:06:31] [Server thread/INFO]: Un gato galáctico invocará un mob al azar en: 5
[23:06:31] [Server thread/INFO]: Un gato galáctico invocará un mob al azar en: 1
[23:06:31] [Server thread/INFO]: Un gato galáctico ha invicado un(a) Ultra Ravager (18.5, 61.0, -833.5
[23:06:31] [Server thread/INFO]: La maldición de un Gato Galáctico ha comenzado en: 18, 61, -833
[23:06:31] [Server thread/INFO]: La maldición de un Gato Galáctico ha comenzado en: 18, 61, -833
[23:06:31] [Server thread/INFO]: Un gato galáctico invocará un mob al azar en: 5
[23:06:31] [Server thread/INFO]: Un gato galáctico invocará un mob al azar en: 5
[23:06:31] [Server thread/INFO]: Un gato galáctico invocará un mob al azar en: 1
[23:06:31] [Server thread/INFO]: Un gato galáctico ha invicado un(a) Permadeath Demon (18.5, 61.0, -833.5
[23:06:31] [Server thread/INFO]: Un gato galáctico invocará un mob al azar en: 1
[23:06:31] [Server thread/INFO]: Un gato galáctico ha invicado un(a) Quantum Creeper (18.5, 61.0, -833.5
[23:06:31] [Server thread/INFO]: Un gato galáctico invocará un mob al azar en: 1
[23:06:31] [Server thread/INFO]: Un gato galáctico ha invicado un(a) Giga Slime (18.5, 61.0, -833.5
[23:06:31] [Server thread/INFO]: Un gato galáctico invocará un mob al azar en: 1
[23:06:31] [Server thread/INFO]: Un gato galáctico ha invicado un(a) Araña con Efectos (18.5, 61.0, -833.5
[23:06:31] [Server thread/INFO]: La maldición de un Gato Galáctico ha comenzado en: 18, 61, -833
[23:06:31] [Server thread/INFO]: La maldición de un Gato Galáctico ha comenzado en: 18, 61, -833
[23:06:31] [Server thread/INFO]: La maldición de un Gato Galáctico ha comenzado en: 18, 61, -833
[23:06:31] [Server thread/INFO]: La maldición de un Gato Galáctico ha comenzado en: 18, 61, -833
[23:06:31] [Server thread/INFO]: La maldición de un Gato Galáctico ha comenzado en: 18, 61, -833
[23:06:31] [Server thread/INFO]: La maldición de un Gato Galáctico ha comenzado en: 18, 61, -833
[23:06:31] [Server thread/INFO]: La maldición de un Gato Galáctico ha comenzado en: 18, 61, -833
[23:06:31] [Server thread/INFO]: La maldición de un Gato Galáctico ha comenzado en: 18, 61, -833
[23:06:31] [Server thread/INFO]: La maldición de un Gato Galáctico ha comenzado en: 18, 61, -833
[23:06:31] [Server thread/INFO]: La maldición de un Gato Galáctico ha comenzado en: 18, 61, -833
[23:06:31] [Server thread/INFO]: La maldición de un Gato Galáctico ha comenzado en: 18, 61, -833
[23:06:31] [Server thread/INFO]: La maldición de un Gato Galáctico ha comenzado en: 18, 61, -833
[23:06:31] [Server thread/INFO]: La maldición de un Gato Galáctico ha comenzado en: 18, 61, -833
[23:06:31] [Server thread/INFO]: La maldición de un Gato Galáctico ha comenzado en: 18, 61, -833
[23:06:31] [Server thread/INFO]: Un gato galáctico invocará un mob al azar en: 5
[23:06:31] [Server thread/INFO]: Un gato galáctico invocará un mob al azar en: 5
[23:06:31] [Server thread/INFO]: Un gato galáctico invocará un mob al azar en: 5
[23:06:31] [Server thread/INFO]: Un gato galáctico invocará un mob al azar en: 5
[23:06:31] [Server thread/INFO]: Un gato galáctico invocará un mob al azar en: 5
[23:06:31] [Server thread/INFO]: Un gato galáctico invocará un mob al azar en: 5
[23:06:31] [Server thread/INFO]: Un gato galáctico invocará un mob al azar en: 5
[23:06:31] [Server thread/INFO]: Un gato galáctico invocará un mob al azar en: 5
[23:06:31] [Server thread/INFO]: Un gato galáctico invocará un mob al azar en: 5
[23:06:31] [Server thread/INFO]: Un gato galáctico invocará un mob al azar en: 5
[23:06:31] [Server thread/INFO]: Un gato galáctico invocará un mob al azar en: 5
[23:06:31] [Server thread/INFO]: Un gato galáctico invocará un mob al azar en: 5
[23:06:31] [Server thread/INFO]: Un gato galáctico invocará un mob al azar en: 5
[23:06:31] [Server thread/INFO]: Un gato galáctico invocará un mob al azar en: 5
[23:06:31] [Server thread/INFO]: Un gato galáctico invocará un mob al azar en: 1
[23:06:31] [Server thread/INFO]: Un gato galáctico ha invicado un(a) Giga Slime (18.5, 61.0, -833.5
[23:06:31] [Server thread/INFO]: Un gato galáctico invocará un mob al azar en: 1
[23:06:31] [Server thread/INFO]: Un gato galáctico ha invicado un(a) Wither Skeleton Emperador (18.5, 61.0, -833.5
[23:06:31] [Server thread/INFO]: Un gato galáctico invocará un mob al azar en: 1
[23:06:31] [Server thread/INFO]: Un gato galáctico ha invicado un(a) Ender Ghast (18.5, 61.0, -833.5
[23:06:31] [Server thread/INFO]: Un gato galáctico invocará un mob al azar en: 1
[23:06:31] [Server thread/INFO]: Un gato galáctico ha invicado un(a) Bruja Imposible (18.5, 61.0, -833.5
[23:06:32] [Server thread/INFO]: Un gato galáctico ha invicado un(a) Giga Phantom (18.5, 61.0, -833.5
[23:06:32] [Server thread/INFO]: Un gato galáctico invocará un mob al azar en: 4
[23:06:32] [Server thread/INFO]: Un gato galáctico invocará un mob al azar en: 4
[23:06:32] [Server thread/INFO]: Un gato galáctico invocará un mob al azar en: 4
[23:06:32] [Server thread/INFO]: Un gato galáctico invocará un mob al azar en: 4
[23:06:32] [Server thread/INFO]: Un gato galáctico invocará un mob al azar en: 4
[23:06:32] [Server thread/INFO]: Un gato galáctico invocará un mob al azar en: 4
[23:06:32] [Server thread/INFO]: Un gato galáctico invocará un mob al azar en: 4
[23:06:32] [Server thread/INFO]: Un gato galáctico invocará un mob al azar en: 4
[23:06:32] [Server thread/INFO]: Un gato galáctico invocará un mob al azar en: 4
[23:06:32] [Server thread/INFO]: Un gato galáctico invocará un mob al azar en: 4
[23:06:32] [Server thread/INFO]: Un gato galáctico invocará un mob al azar en: 4
[23:06:32] [Server thread/INFO]: Un gato galáctico invocará un mob al azar en: 4
[23:06:32] [Server thread/INFO]: Un gato galáctico invocará un mob al azar en: 4
[23:06:32] [Server thread/INFO]: Un gato galáctico invocará un mob al azar en: 4
[23:06:32] [Server thread/INFO]: Un gato galáctico invocará un mob al azar en: 4
[23:06:32] [Server thread/INFO]: Un gato galáctico invocará un mob al azar en: 4
[23:06:32] [Server thread/INFO]: Un gato galáctico invocará un mob al azar en: 4
[23:06:33] [Server thread/INFO]: Un gato galáctico invocará un mob al azar en: 3
[23:06:33] [Server thread/INFO]: Un gato galáctico invocará un mob al azar en: 3
[23:06:33] [Server thread/INFO]: Un gato galáctico invocará un mob al azar en: 3
[23:06:33] [Server thread/INFO]: Un gato galáctico invocará un mob al azar en: 3
[23:06:33] [Server thread/INFO]: Un gato galáctico invocará un mob al azar en: 3
[23:06:33] [Server thread/INFO]: Un gato galáctico invocará un mob al azar en: 3
[23:06:33] [Server thread/INFO]: Un gato galáctico invocará un mob al azar en: 3
[23:06:33] [Server thread/INFO]: Un gato galáctico invocará un mob al azar en: 3
[23:06:33] [Server thread/INFO]: Un gato galáctico invocará un mob al azar en: 3
[23:06:33] [Server thread/INFO]: Un gato galáctico invocará un mob al azar en: 3
[23:06:33] [Server thread/INFO]: Un gato galáctico invocará un mob al azar en: 3
[23:06:33] [Server thread/INFO]: Un gato galáctico invocará un mob al azar en: 3
[23:06:33] [Server thread/INFO]: Un gato galáctico invocará un mob al azar en: 3
[23:06:33] [Server thread/INFO]: Un gato galáctico invocará un mob al azar en: 3
[23:06:33] [Server thread/INFO]: Un gato galáctico invocará un mob al azar en: 3
[23:06:33] [Server thread/INFO]: Un gato galáctico invocará un mob al azar en: 3
[23:06:33] [Server thread/INFO]: Un gato galáctico invocará un mob al azar en: 3
[23:06:34] [Server thread/INFO]: Un gato galáctico invocará un mob al azar en: 2
[23:06:34] [Server thread/INFO]: Un gato galáctico invocará un mob al azar en: 2
[23:06:34] [Server thread/INFO]: Un gato galáctico invocará un mob al azar en: 2
[23:06:34] [Server thread/INFO]: Un gato galáctico invocará un mob al azar en: 2
[23:06:34] [Server thread/INFO]: Un gato galáctico invocará un mob al azar en: 2
[23:06:34] [Server thread/INFO]: Un gato galáctico invocará un mob al azar en: 2
[23:06:34] [Server thread/INFO]: Un gato galáctico invocará un mob al azar en: 2
[23:06:34] [Server thread/INFO]: Un gato galáctico invocará un mob al azar en: 2
[23:06:34] [Server thread/INFO]: Un gato galáctico invocará un mob al azar en: 2
[23:06:34] [Server thread/INFO]: Un gato galáctico invocará un mob al azar en: 2
[23:06:34] [Server thread/INFO]: Un gato galáctico invocará un mob al azar en: 2
[23:06:34] [Server thread/INFO]: Un gato galáctico invocará un mob al azar en: 2
[23:06:34] [Server thread/INFO]: Un gato galáctico invocará un mob al azar en: 2
[23:06:34] [Server thread/INFO]: Un gato galáctico invocará un mob al azar en: 2
[23:06:34] [Server thread/INFO]: Un gato galáctico invocará un mob al azar en: 2
[23:06:34] [Server thread/INFO]: Un gato galáctico invocará un mob al azar en: 2
[23:06:34] [Server thread/INFO]: Un gato galáctico invocará un mob al azar en: 2
[23:06:35] [Server thread/INFO]: Un gato galáctico invocará un mob al azar en: 1
[23:06:35] [Server thread/INFO]: Un gato galáctico ha invicado un(a) Giga MagmaCube (18.5, 61.0, -833.5
[23:06:35] [Server thread/INFO]: Un gato galáctico invocará un mob al azar en: 1
[23:06:35] [Server thread/INFO]: Un gato galáctico ha invicado un(a) Pufferfish invulnerable (18.5, 61.0, -833.5
[23:06:35] [Server thread/INFO]: Un gato galáctico invocará un mob al azar en: 1
[23:06:35] [Server thread/INFO]: Un gato galáctico ha invicado un(a) Permadeath Demon (18.5, 61.0, -833.5
[23:06:35] [Server thread/INFO]: Un gato galáctico invocará un mob al azar en: 1
[23:06:35] [Server thread/INFO]: Un gato supernova va a explotar en: 18 61 -834 (world).
[23:06:35] [Server thread/INFO]: Un gato galáctico ha invicado un(a) Gato Supernova (18.5, 61.0, -833.5
[23:06:35] [Server thread/INFO]: Un gato galáctico invocará un mob al azar en: 1
[23:06:35] [Server thread/INFO]: Un gato galáctico ha invicado un(a) Araña con Efectos (18.5, 61.0, -833.5
[23:06:35] [Server thread/INFO]: Un gato galáctico invocará un mob al azar en: 1
[23:06:35] [Server thread/INFO]: Un gato galáctico ha invicado un(a) Permadeath Demon (18.5, 61.0, -833.5
[23:06:35] [Server thread/INFO]: Un gato galáctico invocará un mob al azar en: 1
[23:06:35] [Server thread/INFO]: Un gato galáctico ha invicado un(a) Shulker Tnt (18.5, 61.0, -833.5
[23:06:35] [Server thread/INFO]: Un gato galáctico invocará un mob al azar en: 1
[23:06:35] [Server thread/INFO]: Un gato galáctico ha invicado un(a) Shulker Tnt (18.5, 61.0, -833.5
[23:06:35] [Server thread/INFO]: Un gato galáctico invocará un mob al azar en: 1
[23:06:35] [Server thread/INFO]: Un gato galáctico ha invicado un(a) Shulker Tnt (18.5, 61.0, -833.5
[23:06:35] [Server thread/INFO]: Un gato galáctico invocará un mob al azar en: 1
[23:06:35] [Server thread/INFO]: Un gato galáctico ha invicado un(a) Giga Slime (18.5, 61.0, -833.5
[23:06:35] [Server thread/INFO]: Un gato galáctico invocará un mob al azar en: 1
[23:06:35] [Server thread/INFO]: Un gato galáctico ha invicado un(a) Gigante (18.5, 61.0, -833.5
[23:06:35] [Server thread/INFO]: Un gato galáctico invocará un mob al azar en: 1
[23:06:35] [Server thread/INFO]: Un gato galáctico ha invicado un(a) Endermite Misterioso (18.5, 61.0, -833.5
[23:06:35] [Server thread/INFO]: Un gato galáctico invocará un mob al azar en: 1
[23:06:35] [Server thread/INFO]: Un gato galáctico ha invicado un(a) Gigante (18.5, 61.0, -833.5
[23:06:35] [Server thread/INFO]: Un gato galáctico invocará un mob al azar en: 1
[23:06:35] [Server thread/INFO]: Un gato galáctico ha invicado un(a) Silverfish de la Muerte (18.5, 61.0, -833.5
[23:06:35] [Server thread/INFO]: Un gato galáctico invocará un mob al azar en: 1
[23:06:35] [Server thread/INFO]: Un gato galáctico ha invicado un(a) Gigante (18.5, 61.0, -833.5
[23:06:35] [Server thread/INFO]: Un gato galáctico invocará un mob al azar en: 1
[23:06:35] [Server thread/INFO]: Un gato galáctico ha invicado un(a) Bruja Imposible (18.5, 61.0, -833.5
[23:06:35] [Server thread/INFO]: Un gato galáctico invocará un mob al azar en: 1
[23:06:35] [Server thread/INFO]: Un gato galáctico ha invicado un(a) Bruja Imposible (18.5, 61.0, -833.5
[23:06:35] [Server thread/INFO]: El jugador Jer_efece ha consumido tres tótems (Probabilidad: 61 != 93)
[23:06:38] [Server thread/INFO]: Jer_efece issued server command: /gamemode creative
[23:06:44] [Server thread/INFO]: RompOrTos issued server command: /gamemode survival
[23:06:45] [Async Chat Thread - #7/INFO]: <TTottaly_RED> q fue mrd
[23:06:49] [Async Chat Thread - #7/INFO]: <TTottaly_RED> un pto dragon
[23:07:05] [Server thread/INFO]: RompOrTos issued server command: /give RompOrTos minecraft:firework_star 64
[23:07:05] [Server thread/INFO]: La maldición de un Gato Galáctico ha comenzado en: -14, 65, -824
[23:07:05] [Server thread/INFO]: La maldición de un Gato Galáctico ha comenzado en: 27, 61, -831
[23:07:06] [Server thread/INFO]: El jugador TTottaly_RED ha consumido tres tótems (Probabilidad: 62 != 93)
[23:07:07] [Server thread/INFO]: Un gato galáctico invocará un mob al azar en: 5
[23:07:07] [Server thread/INFO]: Un gato galáctico invocará un mob al azar en: 5
[23:07:08] [Server thread/INFO]: Un gato galáctico invocará un mob al azar en: 4
[23:07:08] [Server thread/INFO]: Un gato galáctico invocará un mob al azar en: 4
[23:07:08] [Server thread/INFO]: Un gato galáctico invocará un mob al azar en: 3
[23:07:08] [Server thread/INFO]: Un gato galáctico invocará un mob al azar en: 3
[23:07:09] [Server thread/INFO]: Un gato galáctico invocará un mob al azar en: 2
[23:07:09] [Server thread/INFO]: Un gato galáctico invocará un mob al azar en: 2
[23:07:10] [Server thread/INFO]: Un gato galáctico invocará un mob al azar en: 1
[23:07:10] [Server thread/INFO]: Un gato galáctico ha invicado un(a) Giga MagmaCube (-14.699999988079071, 65.9375, -824.3000000119209
[23:07:10] [Server thread/INFO]: Un gato galáctico invocará un mob al azar en: 1
[23:07:10] [Server thread/INFO]: Un gato galáctico ha invicado un(a) Pufferfish invulnerable (27.472965169912595, 61.0, -831.3772186893136
[23:07:18] [Async Chat Thread - #7/INFO]: <TTottaly_RED> CARAJO
[23:07:22] [Server thread/INFO]: Jer_efece issued server command: /gamemode survival
[23:07:22] [Server thread/INFO]: RompOrTos issued server command: /give RompOrTos minecraft:firework_rocket
[23:07:40] [Server thread/INFO]: RompOrTos issued server command: /give RompOrTos minecraft:firework_rocket 64
[23:07:42] [Server thread/INFO]: Jer_efece issued server command: /tp @a Jer_efece
[23:07:52] [Server thread/INFO]: Jer_efece issued server command: /tp @a Jer_efece
[23:08:02] [Server thread/INFO]: Jer_efece issued server command: /tp @a Jer_efece
[23:08:07] [Server thread/INFO]: La maldición de un Gato Galáctico ha comenzado en: 70, 66, -860
[23:08:07] [Server thread/INFO]: Un gato galáctico invocará un mob al azar en: 5
[23:08:08] [Server thread/INFO]: Un gato galáctico invocará un mob al azar en: 4
[23:08:09] [Server thread/INFO]: Un gato galáctico invocará un mob al azar en: 3
[23:08:10] [Server thread/INFO]: Un gato galáctico invocará un mob al azar en: 2
[23:08:11] [Server thread/INFO]: Un gato galáctico invocará un mob al azar en: 1
[23:08:11] [Server thread/INFO]: Un gato galáctico ha invicado un(a) Pufferfish invulnerable (70.38652595916976, 66.0, -860.4985814437631
[23:08:17] [Server thread/INFO]: Jer_efece issued server command: /tp @a Jer_efece
[23:08:30] [Server thread/INFO]: Jer_efece issued server command: /summon minecraft:cat
[23:08:37] [Server thread/INFO]: La maldición de un Gato Galáctico ha comenzado en: 85, 66, -847
[23:08:37] [Server thread/INFO]: Un gato galáctico invocará un mob al azar en: 5
[23:08:38] [Server thread/INFO]: Un gato galáctico invocará un mob al azar en: 4
[23:08:39] [Server thread/INFO]: Jer_efece issued server command: /gamemode creative
[23:08:39] [Server thread/INFO]: Un gato galáctico invocará un mob al azar en: 3
[23:08:39] [Server thread/INFO]: RompOrTos issued server command: /effect clear
[23:08:40] [Server thread/INFO]: Un gato galáctico invocará un mob al azar en: 2
[23:08:41] [Server thread/INFO]: Un gato galáctico invocará un mob al azar en: 1
[23:08:41] [Server thread/INFO]: Un gato galáctico ha invicado un(a) Pufferfish invulnerable (85.65549120814879, 66.0, -847.5034577540969
[23:08:43] [Server thread/INFO]: Jer_efece issued server command: /gamemode survival
[23:08:44] [Server thread/INFO]: El jugador TTottaly_RED ha consumido tres tótems (Probabilidad: 55 != 93)
[23:08:59] [Server thread/INFO]: RompOrTos issued server command: /gamemode creative
[23:09:01] [Server thread/INFO]: El jugador TTottaly_RED ha consumido tres tótems (Probabilidad: 46 != 93)
[23:09:12] [Server thread/INFO]: La maldición de un Gato Galáctico ha comenzado en: 78, 72, -853
[23:09:12] [Server thread/INFO]: La maldición de un Gato Galáctico ha comenzado en: 78, 72, -853
[23:09:12] [Server thread/INFO]: Un gato galáctico invocará un mob al azar en: 5
[23:09:12] [Server thread/INFO]: Un gato galáctico invocará un mob al azar en: 5
[23:09:12] [Server thread/INFO]: La maldición de un Gato Galáctico ha comenzado en: 78, 72, -853
[23:09:12] [Server thread/INFO]: La maldición de un Gato Galáctico ha comenzado en: 78, 72, -853
[23:09:12] [Server thread/INFO]: Un gato galáctico invocará un mob al azar en: 5
[23:09:12] [Server thread/INFO]: Un gato galáctico invocará un mob al azar en: 5
[23:09:12] [Server thread/INFO]: La maldición de un Gato Galáctico ha comenzado en: 78, 72, -853
[23:09:12] [Server thread/INFO]: Un gato galáctico invocará un mob al azar en: 5
[23:09:12] [Server thread/INFO]: La maldición de un Gato Galáctico ha comenzado en: 78, 72, -853
[23:09:12] [Server thread/INFO]: La maldición de un Gato Galáctico ha comenzado en: 78, 72, -853
[23:09:12] [Server thread/INFO]: Un gato galáctico invocará un mob al azar en: 5
[23:09:12] [Server thread/INFO]: Un gato galáctico invocará un mob al azar en: 5
[23:09:12] [Server thread/INFO]: La maldición de un Gato Galáctico ha comenzado en: 78, 72, -853
[23:09:12] [Server thread/INFO]: La maldición de un Gato Galáctico ha comenzado en: 78, 72, -853
[23:09:12] [Server thread/INFO]: La maldición de un Gato Galáctico ha comenzado en: 78, 72, -853
[23:09:12] [Server thread/INFO]: Un gato galáctico invocará un mob al azar en: 5
[23:09:12] [Server thread/INFO]: Un gato galáctico invocará un mob al azar en: 5
[23:09:12] [Server thread/INFO]: Un gato galáctico invocará un mob al azar en: 5
[23:09:13] [Server thread/INFO]: Un gato galáctico invocará un mob al azar en: 4
[23:09:13] [Server thread/INFO]: Un gato galáctico invocará un mob al azar en: 4
[23:09:13] [Server thread/INFO]: Un gato galáctico invocará un mob al azar en: 4
[23:09:13] [Server thread/INFO]: Un gato galáctico invocará un mob al azar en: 4
[23:09:13] [Server thread/INFO]: Un gato galáctico invocará un mob al azar en: 4
[23:09:13] [Server thread/INFO]: Un gato galáctico invocará un mob al azar en: 4
[23:09:13] [Server thread/INFO]: Un gato galáctico invocará un mob al azar en: 4
[23:09:13] [Server thread/INFO]: Un gato galáctico invocará un mob al azar en: 4
[23:09:13] [Server thread/INFO]: Un gato galáctico invocará un mob al azar en: 4
[23:09:13] [Server thread/INFO]: Un gato galáctico invocará un mob al azar en: 4
[23:09:13] [Server thread/INFO]: La maldición de un Gato Galáctico ha comenzado en: 78, 72, -853
[23:09:13] [Server thread/INFO]: La maldición de un Gato Galáctico ha comenzado en: 78, 72, -853
[23:09:13] [Server thread/INFO]: La maldición de un Gato Galáctico ha comenzado en: 78, 72, -853
[23:09:13] [Server thread/INFO]: La maldición de un Gato Galáctico ha comenzado en: 78, 72, -853
[23:09:13] [Server thread/INFO]: La maldición de un Gato Galáctico ha comenzado en: 78, 72, -853
[23:09:13] [Server thread/INFO]: La maldición de un Gato Galáctico ha comenzado en: 78, 72, -853
[23:09:13] [Server thread/INFO]: La maldición de un Gato Galáctico ha comenzado en: 78, 72, -853
[23:09:13] [Server thread/INFO]: La maldición de un Gato Galáctico ha comenzado en: 78, 72, -853
[23:09:13] [Server thread/INFO]: La maldición de un Gato Galáctico ha comenzado en: 78, 72, -853
[23:09:13] [Server thread/INFO]: La maldición de un Gato Galáctico ha comenzado en: 78, 72, -853
[23:09:13] [Server thread/INFO]: La maldición de un Gato Galáctico ha comenzado en: 78, 72, -853
[23:09:13] [Server thread/INFO]: La maldición de un Gato Galáctico ha comenzado en: 78, 72, -853
[23:09:13] [Server thread/INFO]: La maldición de un Gato Galáctico ha comenzado en: 78, 72, -853
[23:09:13] [Server thread/INFO]: La maldición de un Gato Galáctico ha comenzado en: 78, 72, -853
[23:09:13] [Server thread/INFO]: La maldición de un Gato Galáctico ha comenzado en: 78, 72, -853
[23:09:13] [Server thread/INFO]: Un gato galáctico invocará un mob al azar en: 5
[23:09:13] [Server thread/INFO]: Un gato galáctico invocará un mob al azar en: 5
[23:09:13] [Server thread/INFO]: Un gato galáctico invocará un mob al azar en: 5
[23:09:13] [Server thread/INFO]: Un gato galáctico invocará un mob al azar en: 5
[23:09:13] [Server thread/INFO]: Un gato galáctico invocará un mob al azar en: 5
[23:09:13] [Server thread/INFO]: Un gato galáctico invocará un mob al azar en: 5
[23:09:13] [Server thread/INFO]: Un gato galáctico invocará un mob al azar en: 5
[23:09:13] [Server thread/INFO]: Un gato galáctico invocará un mob al azar en: 5
[23:09:13] [Server thread/INFO]: Un gato galáctico invocará un mob al azar en: 5
[23:09:13] [Server thread/INFO]: Un gato galáctico invocará un mob al azar en: 5
[23:09:13] [Server thread/INFO]: Un gato galáctico invocará un mob al azar en: 5
[23:09:13] [Server thread/INFO]: Un gato galáctico invocará un mob al azar en: 5
[23:09:13] [Server thread/INFO]: Un gato galáctico invocará un mob al azar en: 5
[23:09:13] [Server thread/INFO]: Un gato galáctico invocará un mob al azar en: 5
[23:09:13] [Server thread/INFO]: Un gato galáctico invocará un mob al azar en: 5
[23:09:14] [Server thread/INFO]: Un gato galáctico invocará un mob al azar en: 3
[23:09:14] [Server thread/INFO]: Un gato galáctico invocará un mob al azar en: 3
[23:09:14] [Server thread/INFO]: Un gato galáctico invocará un mob al azar en: 3
[23:09:14] [Server thread/INFO]: Un gato galáctico invocará un mob al azar en: 3
[23:09:14] [Server thread/INFO]: Un gato galáctico invocará un mob al azar en: 3
[23:09:14] [Server thread/INFO]: Un gato galáctico invocará un mob al azar en: 3
[23:09:14] [Server thread/INFO]: Un gato galáctico invocará un mob al azar en: 3
[23:09:14] [Server thread/INFO]: Un gato galáctico invocará un mob al azar en: 3
[23:09:14] [Server thread/INFO]: Un gato galáctico invocará un mob al azar en: 3
[23:09:14] [Server thread/INFO]: Un gato galáctico invocará un mob al azar en: 3
[23:09:14] [Server thread/INFO]: Jer_efece issued server command: /gamemode creative
[23:09:14] [Server thread/INFO]: Un gato galáctico invocará un mob al azar en: 4
[23:09:14] [Server thread/INFO]: Un gato galáctico invocará un mob al azar en: 4
[23:09:14] [Server thread/INFO]: Un gato galáctico invocará un mob al azar en: 4
[23:09:14] [Server thread/INFO]: Un gato galáctico invocará un mob al azar en: 4
[23:09:14] [Server thread/INFO]: Un gato galáctico invocará un mob al azar en: 4
[23:09:14] [Server thread/INFO]: Un gato galáctico invocará un mob al azar en: 4
[23:09:14] [Server thread/INFO]: Un gato galáctico invocará un mob al azar en: 4
[23:09:14] [Server thread/INFO]: Un gato galáctico invocará un mob al azar en: 4
[23:09:14] [Server thread/INFO]: Un gato galáctico invocará un mob al azar en: 4
[23:09:14] [Server thread/INFO]: Un gato galáctico invocará un mob al azar en: 4
[23:09:14] [Server thread/INFO]: Un gato galáctico invocará un mob al azar en: 4
[23:09:14] [Server thread/INFO]: Un gato galáctico invocará un mob al azar en: 4
[23:09:14] [Server thread/INFO]: Un gato galáctico invocará un mob al azar en: 4
[23:09:14] [Server thread/INFO]: Un gato galáctico invocará un mob al azar en: 4
[23:09:14] [Server thread/INFO]: Un gato galáctico invocará un mob al azar en: 4
[23:09:14] [Server thread/ERROR]: Could not pass event CreatureSpawnEvent to Permadeath v1.3
java.lang.NullPointerException: null
	at tech.sebazcrc.permadeath.nms.v1_16_R3.NMSHandlerImpl.spawnNMSEntity(NMSHandlerImpl.java:326) ~[?:?]
	at tech.sebazcrc.permadeath.event.entity.SpawnListener.onSpawn(SpawnListener.java:127) ~[?:?]
	at com.destroystokyo.paper.event.executor.asm.generated.GeneratedEventExecutor9.execute(Unknown Source) ~[?:?]
	at org.bukkit.plugin.EventExecutor.lambda$create$1(EventExecutor.java:69) ~[patched_1.16.5.jar:git-Paper-794]
	at co.aikar.timings.TimedEventExecutor.execute(TimedEventExecutor.java:80) ~[patched_1.16.5.jar:git-Paper-794]
	at org.bukkit.plugin.RegisteredListener.callEvent(RegisteredListener.java:70) ~[patched_1.16.5.jar:git-Paper-794]
	at org.bukkit.plugin.SimplePluginManager.callEvent(SimplePluginManager.java:624) ~[patched_1.16.5.jar:git-Paper-794]
	at org.bukkit.craftbukkit.v1_16_R3.event.CraftEventFactory.callCreatureSpawnEvent(CraftEventFactory.java:722) ~[patched_1.16.5.jar:git-Paper-794]
	at org.bukkit.craftbukkit.v1_16_R3.event.CraftEventFactory.doEntityAddEventCalling(CraftEventFactory.java:640) ~[patched_1.16.5.jar:git-Paper-794]
	at net.minecraft.server.v1_16_R3.WorldServer.addEntity0(WorldServer.java:1302) ~[patched_1.16.5.jar:git-Paper-794]
	at net.minecraft.server.v1_16_R3.WorldServer.addEntity(WorldServer.java:1203) ~[patched_1.16.5.jar:git-Paper-794]
	at net.minecraft.server.v1_16_R3.WorldAccess.lambda$addAllEntities$0(WorldAccess.java:16) ~[patched_1.16.5.jar:git-Paper-794]
	at java.util.stream.Streams$StreamBuilderImpl.forEachRemaining(Streams.java:411) ~[?:?]
	at java.util.stream.Streams$ConcatSpliterator.forEachRemaining(Streams.java:734) ~[?:?]
	at java.util.stream.ReferencePipeline$Head.forEach(ReferencePipeline.java:658) ~[?:?]
	at net.minecraft.server.v1_16_R3.WorldAccess.addAllEntities(WorldAccess.java:16) ~[patched_1.16.5.jar:git-Paper-794]
	at net.minecraft.server.v1_16_R3.MobSpawnerPhantom.a(MobSpawnerPhantom.java:90) ~[patched_1.16.5.jar:git-Paper-794]
	at net.minecraft.server.v1_16_R3.WorldServer.doMobSpawning(WorldServer.java:714) ~[patched_1.16.5.jar:git-Paper-794]
	at net.minecraft.server.v1_16_R3.ChunkProviderServer.tickChunks(ChunkProviderServer.java:883) ~[patched_1.16.5.jar:git-Paper-794]
	at net.minecraft.server.v1_16_R3.ChunkProviderServer.tick(ChunkProviderServer.java:767) ~[patched_1.16.5.jar:git-Paper-794]
	at net.minecraft.server.v1_16_R3.WorldServer.doTick(WorldServer.java:576) ~[patched_1.16.5.jar:git-Paper-794]
	at net.minecraft.server.v1_16_R3.MinecraftServer.b(MinecraftServer.java:1495) ~[patched_1.16.5.jar:git-Paper-794]
	at net.minecraft.server.v1_16_R3.DedicatedServer.b(DedicatedServer.java:436) ~[patched_1.16.5.jar:git-Paper-794]
	at net.minecraft.server.v1_16_R3.MinecraftServer.a(MinecraftServer.java:1347) ~[patched_1.16.5.jar:git-Paper-794]
	at net.minecraft.server.v1_16_R3.MinecraftServer.w(MinecraftServer.java:1135) ~[patched_1.16.5.jar:git-Paper-794]
	at net.minecraft.server.v1_16_R3.MinecraftServer.lambda$a$0(MinecraftServer.java:291) ~[patched_1.16.5.jar:git-Paper-794]
	at java.lang.Thread.run(Thread.java:829) [?:?]
[23:09:14] [Server thread/ERROR]: Could not pass event CreatureSpawnEvent to Permadeath v1.3
java.lang.NullPointerException: null
	at tech.sebazcrc.permadeath.nms.v1_16_R3.NMSHandlerImpl.spawnNMSEntity(NMSHandlerImpl.java:326) ~[?:?]
	at tech.sebazcrc.permadeath.event.entity.SpawnListener.onSpawn(SpawnListener.java:127) ~[?:?]
	at com.destroystokyo.paper.event.executor.asm.generated.GeneratedEventExecutor9.execute(Unknown Source) ~[?:?]
	at org.bukkit.plugin.EventExecutor.lambda$create$1(EventExecutor.java:69) ~[patched_1.16.5.jar:git-Paper-794]
	at co.aikar.timings.TimedEventExecutor.execute(TimedEventExecutor.java:80) ~[patched_1.16.5.jar:git-Paper-794]
	at org.bukkit.plugin.RegisteredListener.callEvent(RegisteredListener.java:70) ~[patched_1.16.5.jar:git-Paper-794]
	at org.bukkit.plugin.SimplePluginManager.callEvent(SimplePluginManager.java:624) ~[patched_1.16.5.jar:git-Paper-794]
	at org.bukkit.craftbukkit.v1_16_R3.event.CraftEventFactory.callCreatureSpawnEvent(CraftEventFactory.java:722) ~[patched_1.16.5.jar:git-Paper-794]
	at org.bukkit.craftbukkit.v1_16_R3.event.CraftEventFactory.doEntityAddEventCalling(CraftEventFactory.java:640) ~[patched_1.16.5.jar:git-Paper-794]
	at net.minecraft.server.v1_16_R3.WorldServer.addEntity0(WorldServer.java:1302) ~[patched_1.16.5.jar:git-Paper-794]
	at net.minecraft.server.v1_16_R3.WorldServer.addEntity(WorldServer.java:1203) ~[patched_1.16.5.jar:git-Paper-794]
	at net.minecraft.server.v1_16_R3.WorldAccess.lambda$addAllEntities$0(WorldAccess.java:16) ~[patched_1.16.5.jar:git-Paper-794]
	at java.util.stream.Streams$StreamBuilderImpl.forEachRemaining(Streams.java:411) ~[?:?]
	at java.util.stream.Streams$ConcatSpliterator.forEachRemaining(Streams.java:734) ~[?:?]
	at java.util.stream.ReferencePipeline$Head.forEach(ReferencePipeline.java:658) ~[?:?]
	at net.minecraft.server.v1_16_R3.WorldAccess.addAllEntities(WorldAccess.java:16) ~[patched_1.16.5.jar:git-Paper-794]
	at net.minecraft.server.v1_16_R3.MobSpawnerPhantom.a(MobSpawnerPhantom.java:90) ~[patched_1.16.5.jar:git-Paper-794]
	at net.minecraft.server.v1_16_R3.WorldServer.doMobSpawning(WorldServer.java:714) ~[patched_1.16.5.jar:git-Paper-794]
	at net.minecraft.server.v1_16_R3.ChunkProviderServer.tickChunks(ChunkProviderServer.java:883) ~[patched_1.16.5.jar:git-Paper-794]
	at net.minecraft.server.v1_16_R3.ChunkProviderServer.tick(ChunkProviderServer.java:767) ~[patched_1.16.5.jar:git-Paper-794]
	at net.minecraft.server.v1_16_R3.WorldServer.doTick(WorldServer.java:576) ~[patched_1.16.5.jar:git-Paper-794]
	at net.minecraft.server.v1_16_R3.MinecraftServer.b(MinecraftServer.java:1495) ~[patched_1.16.5.jar:git-Paper-794]
	at net.minecraft.server.v1_16_R3.DedicatedServer.b(DedicatedServer.java:436) ~[patched_1.16.5.jar:git-Paper-794]
	at net.minecraft.server.v1_16_R3.MinecraftServer.a(MinecraftServer.java:1347) ~[patched_1.16.5.jar:git-Paper-794]
	at net.minecraft.server.v1_16_R3.MinecraftServer.w(MinecraftServer.java:1135) ~[patched_1.16.5.jar:git-Paper-794]
	at net.minecraft.server.v1_16_R3.MinecraftServer.lambda$a$0(MinecraftServer.java:291) ~[patched_1.16.5.jar:git-Paper-794]
	at java.lang.Thread.run(Thread.java:829) [?:?]
[23:09:15] [Server thread/INFO]: Un gato galáctico invocará un mob al azar en: 2
[23:09:15] [Server thread/INFO]: Un gato galáctico invocará un mob al azar en: 2
[23:09:15] [Server thread/INFO]: Un gato galáctico invocará un mob al azar en: 2
[23:09:15] [Server thread/INFO]: Un gato galáctico invocará un mob al azar en: 2
[23:09:15] [Server thread/INFO]: Un gato galáctico invocará un mob al azar en: 2
[23:09:15] [Server thread/INFO]: Un gato galáctico invocará un mob al azar en: 2
[23:09:15] [Server thread/INFO]: Un gato galáctico invocará un mob al azar en: 2
[23:09:15] [Server thread/INFO]: Un gato galáctico invocará un mob al azar en: 2
[23:09:15] [Server thread/INFO]: Un gato galáctico invocará un mob al azar en: 2
[23:09:15] [Server thread/INFO]: Un gato galáctico invocará un mob al azar en: 2
[23:09:15] [Server thread/INFO]: Un gato galáctico invocará un mob al azar en: 3
[23:09:15] [Server thread/INFO]: Un gato galáctico invocará un mob al azar en: 3
[23:09:15] [Server thread/INFO]: Un gato galáctico invocará un mob al azar en: 3
[23:09:15] [Server thread/INFO]: Un gato galáctico invocará un mob al azar en: 3
[23:09:15] [Server thread/INFO]: Un gato galáctico invocará un mob al azar en: 3
[23:09:15] [Server thread/INFO]: Un gato galáctico invocará un mob al azar en: 3
[23:09:15] [Server thread/INFO]: Un gato galáctico invocará un mob al azar en: 3
[23:09:15] [Server thread/INFO]: Un gato galáctico invocará un mob al azar en: 3
[23:09:15] [Server thread/INFO]: Un gato galáctico invocará un mob al azar en: 3
[23:09:15] [Server thread/INFO]: Un gato galáctico invocará un mob al azar en: 3
[23:09:15] [Server thread/INFO]: Un gato galáctico invocará un mob al azar en: 3
[23:09:15] [Server thread/INFO]: Un gato galáctico invocará un mob al azar en: 3
[23:09:15] [Server thread/INFO]: Un gato galáctico invocará un mob al azar en: 3
[23:09:15] [Server thread/INFO]: Un gato galáctico invocará un mob al azar en: 3
[23:09:15] [Server thread/INFO]: Un gato galáctico invocará un mob al azar en: 3
[23:09:16] [Server thread/INFO]: Un gato galáctico invocará un mob al azar en: 1
[23:09:16] [Server thread/ERROR]: Could not pass event CreatureSpawnEvent to Permadeath v1.3
java.lang.NullPointerException: null
	at tech.sebazcrc.permadeath.nms.v1_16_R3.NMSHandlerImpl.spawnNMSEntity(NMSHandlerImpl.java:326) ~[?:?]
	at tech.sebazcrc.permadeath.event.entity.SpawnListener.onSpawn(SpawnListener.java:127) ~[?:?]
	at com.destroystokyo.paper.event.executor.asm.generated.GeneratedEventExecutor9.execute(Unknown Source) ~[?:?]
	at org.bukkit.plugin.EventExecutor.lambda$create$1(EventExecutor.java:69) ~[patched_1.16.5.jar:git-Paper-794]
	at co.aikar.timings.TimedEventExecutor.execute(TimedEventExecutor.java:80) ~[patched_1.16.5.jar:git-Paper-794]
	at org.bukkit.plugin.RegisteredListener.callEvent(RegisteredListener.java:70) ~[patched_1.16.5.jar:git-Paper-794]
	at org.bukkit.plugin.SimplePluginManager.callEvent(SimplePluginManager.java:624) ~[patched_1.16.5.jar:git-Paper-794]
	at org.bukkit.craftbukkit.v1_16_R3.event.CraftEventFactory.callCreatureSpawnEvent(CraftEventFactory.java:722) ~[patched_1.16.5.jar:git-Paper-794]
	at org.bukkit.craftbukkit.v1_16_R3.event.CraftEventFactory.doEntityAddEventCalling(CraftEventFactory.java:640) ~[patched_1.16.5.jar:git-Paper-794]
	at net.minecraft.server.v1_16_R3.WorldServer.addEntity0(WorldServer.java:1302) ~[patched_1.16.5.jar:git-Paper-794]
	at net.minecraft.server.v1_16_R3.WorldServer.addEntity(WorldServer.java:1203) ~[patched_1.16.5.jar:git-Paper-794]
	at net.minecraft.server.v1_16_R3.WorldAccess.lambda$addAllEntities$0(WorldAccess.java:16) ~[patched_1.16.5.jar:git-Paper-794]
	at java.util.stream.Streams$StreamBuilderImpl.forEachRemaining(Streams.java:411) ~[?:?]
	at java.util.stream.Streams$ConcatSpliterator.forEachRemaining(Streams.java:734) ~[?:?]
	at java.util.stream.ReferencePipeline$Head.forEach(ReferencePipeline.java:658) ~[?:?]
	at net.minecraft.server.v1_16_R3.WorldAccess.addAllEntities(WorldAccess.java:16) ~[patched_1.16.5.jar:git-Paper-794]
	at net.minecraft.server.v1_16_R3.EntityTypes.spawnCreature(EntityTypes.java:346) ~[patched_1.16.5.jar:git-Paper-794]
	at net.minecraft.server.v1_16_R3.EntityTypes.spawnCreature(EntityTypes.java:323) ~[patched_1.16.5.jar:git-Paper-794]
	at tech.sebazcrc.permadeath.nms.v1_16_R3.NMSHandlerImpl.spawnNMSEntity(NMSHandlerImpl.java:326) ~[?:?]
	at tech.sebazcrc.permadeath.task.GatoGalacticoTask.run(GatoGalacticoTask.java:170) ~[?:?]
	at org.bukkit.craftbukkit.v1_16_R3.scheduler.CraftTask.run(CraftTask.java:101) ~[patched_1.16.5.jar:git-Paper-794]
	at org.bukkit.craftbukkit.v1_16_R3.scheduler.CraftScheduler.mainThreadHeartbeat(CraftScheduler.java:485) ~[patched_1.16.5.jar:git-Paper-794]
	at net.minecraft.server.v1_16_R3.MinecraftServer.b(MinecraftServer.java:1432) ~[patched_1.16.5.jar:git-Paper-794]
	at net.minecraft.server.v1_16_R3.DedicatedServer.b(DedicatedServer.java:436) ~[patched_1.16.5.jar:git-Paper-794]
	at net.minecraft.server.v1_16_R3.MinecraftServer.a(MinecraftServer.java:1347) ~[patched_1.16.5.jar:git-Paper-794]
	at net.minecraft.server.v1_16_R3.MinecraftServer.w(MinecraftServer.java:1135) ~[patched_1.16.5.jar:git-Paper-794]
	at net.minecraft.server.v1_16_R3.MinecraftServer.lambda$a$0(MinecraftServer.java:291) ~[patched_1.16.5.jar:git-Paper-794]
	at java.lang.Thread.run(Thread.java:829) [?:?]
[23:09:16] [Server thread/INFO]: Un gato galáctico ha invicado un(a) Giga Phantom (78.5, 72.0, -853.5
[23:09:16] [Server thread/INFO]: Un gato galáctico invocará un mob al azar en: 1
[23:09:16] [Server thread/INFO]: Un gato galáctico ha invicado un(a) Bruja Imposible (78.5, 72.0, -853.5
[23:09:16] [Server thread/INFO]: Un gato galáctico invocará un mob al azar en: 1
[23:09:16] [Server thread/INFO]: Un gato galáctico ha invicado un(a) Endermite Misterioso (78.5, 72.0, -853.5
[23:09:16] [Server thread/INFO]: Un gato galáctico invocará un mob al azar en: 1
[23:09:16] [Server thread/INFO]: Un gato galáctico ha invicado un(a) Giga Phantom (78.5, 72.0, -853.5
[23:09:16] [Server thread/INFO]: Un gato galáctico invocará un mob al azar en: 1
[23:09:16] [Server thread/INFO]: Un gato galáctico ha invicado un(a) Permadeath Demon (78.5, 72.0, -853.5
[23:09:16] [Server thread/INFO]: La maldición de un Gato Galáctico ha comenzado en: 78, 71, -853
[23:09:16] [Server thread/INFO]: La maldición de un Gato Galáctico ha comenzado en: 78, 72, -853
[23:09:16] [Server thread/INFO]: La maldición de un Gato Galáctico ha comenzado en: 78, 72, -853
[23:09:16] [Server thread/INFO]: La maldición de un Gato Galáctico ha comenzado en: 78, 72, -853
[23:09:16] [Server thread/INFO]: La maldición de un Gato Galáctico ha comenzado en: 78, 72, -853
[23:09:16] [Server thread/INFO]: La maldición de un Gato Galáctico ha comenzado en: 78, 72, -853
[23:09:16] [Server thread/INFO]: La maldición de un Gato Galáctico ha comenzado en: 78, 72, -853
[23:09:16] [Server thread/INFO]: La maldición de un Gato Galáctico ha comenzado en: 78, 72, -853
[23:09:16] [Server thread/INFO]: Un gato galáctico invocará un mob al azar en: 5
[23:09:16] [Server thread/INFO]: Un gato galáctico invocará un mob al azar en: 5
[23:09:16] [Server thread/INFO]: Un gato galáctico invocará un mob al azar en: 5
[23:09:16] [Server thread/INFO]: Un gato galáctico invocará un mob al azar en: 5
[23:09:16] [Server thread/INFO]: Un gato galáctico invocará un mob al azar en: 5
[23:09:16] [Server thread/INFO]: Un gato galáctico invocará un mob al azar en: 5
[23:09:16] [Server thread/INFO]: Un gato galáctico invocará un mob al azar en: 5
[23:09:16] [Server thread/INFO]: Un gato galáctico invocará un mob al azar en: 5
[23:09:16] [Server thread/INFO]: Un gato galáctico invocará un mob al azar en: 1
[23:09:16] [Server thread/INFO]: Un gato galáctico ha invicado un(a) Endermite Misterioso (78.5, 72.0, -853.5
[23:09:16] [Server thread/INFO]: Un gato galáctico invocará un mob al azar en: 1
[23:09:16] [Server thread/INFO]: Un gato galáctico ha invicado un(a) Giga Slime (78.5, 72.0, -853.5
[23:09:16] [Server thread/INFO]: Un gato galáctico invocará un mob al azar en: 1
[23:09:16] [Server thread/INFO]: Un gato galáctico ha invicado un(a) Wither Skeleton Emperador (78.5, 72.0, -853.5
[23:09:16] [Server thread/INFO]: Un gato galáctico invocará un mob al azar en: 1
[23:09:16] [Server thread/INFO]: Un gato galáctico ha invicado un(a) Ultra Ravager (78.5, 72.0, -853.5
[23:09:16] [Server thread/INFO]: Un gato galáctico invocará un mob al azar en: 1
[23:09:16] [Server thread/INFO]: Un gato galáctico ha invicado un(a) Gigante (78.5, 72.0, -853.5
[23:09:16] [Server thread/INFO]: Un gato galáctico invocará un mob al azar en: 2
[23:09:16] [Server thread/INFO]: Un gato galáctico invocará un mob al azar en: 2
[23:09:16] [Server thread/INFO]: Un gato galáctico invocará un mob al azar en: 2
[23:09:16] [Server thread/INFO]: Un gato galáctico invocará un mob al azar en: 2
[23:09:16] [Server thread/INFO]: Un gato galáctico invocará un mob al azar en: 2
[23:09:16] [Server thread/INFO]: Un gato galáctico invocará un mob al azar en: 2
[23:09:16] [Server thread/INFO]: Un gato galáctico invocará un mob al azar en: 2
[23:09:16] [Server thread/INFO]: Un gato galáctico invocará un mob al azar en: 2
[23:09:16] [Server thread/INFO]: Un gato galáctico invocará un mob al azar en: 2
[23:09:16] [Server thread/INFO]: Un gato galáctico invocará un mob al azar en: 2
[23:09:16] [Server thread/INFO]: Un gato galáctico invocará un mob al azar en: 2
[23:09:16] [Server thread/INFO]: Un gato galáctico invocará un mob al azar en: 2
[23:09:16] [Server thread/INFO]: Un gato galáctico invocará un mob al azar en: 2
[23:09:16] [Server thread/INFO]: Un gato galáctico invocará un mob al azar en: 2
[23:09:16] [Server thread/INFO]: Un gato galáctico invocará un mob al azar en: 2
[23:09:17] [Server thread/INFO]: Un gato galáctico invocará un mob al azar en: 4
[23:09:17] [Server thread/INFO]: Un gato galáctico invocará un mob al azar en: 4
[23:09:17] [Server thread/INFO]: Un gato galáctico invocará un mob al azar en: 4
[23:09:17] [Server thread/INFO]: Un gato galáctico invocará un mob al azar en: 4
[23:09:17] [Server thread/INFO]: Un gato galáctico invocará un mob al azar en: 4
[23:09:17] [Server thread/INFO]: Un gato galáctico invocará un mob al azar en: 4
[23:09:17] [Server thread/INFO]: Un gato galáctico invocará un mob al azar en: 4
[23:09:17] [Server thread/INFO]: Un gato galáctico invocará un mob al azar en: 4
[23:09:17] [Server thread/INFO]: Un gato galáctico invocará un mob al azar en: 1
[23:09:17] [Server thread/INFO]: Un gato supernova va a explotar en: 78 72 -854 (world).
[23:09:17] [Server thread/INFO]: Un gato galáctico ha invicado un(a) Gato Supernova (78.69999998807907, 72.56725773578655, -853.3000000119209
[23:09:17] [Server thread/INFO]: Un gato galáctico invocará un mob al azar en: 1
[23:09:17] [Server thread/INFO]: Un gato galáctico ha invicado un(a) Giga Slime (78.69999998807907, 72.0, -853.3000000119209
[23:09:17] [Server thread/INFO]: Un gato galáctico invocará un mob al azar en: 1
[23:09:17] [Server thread/INFO]: Un gato galáctico ha invicado un(a) Pufferfish invulnerable (78.69999998807907, 72.0, -853.3000000119209
[23:09:17] [Server thread/INFO]: Un gato galáctico invocará un mob al azar en: 1
[23:09:17] [Server thread/INFO]: Un gato galáctico ha invicado un(a) Giga MagmaCube (78.69999998807907, 72.51560002779961, -853.3000000119209
[23:09:17] [Server thread/INFO]: Un gato galáctico invocará un mob al azar en: 1
[23:09:17] [Server thread/INFO]: Un gato galáctico ha invicado un(a) Ender Ghast (78.69999998807907, 72.0, -853.3000000119209
[23:09:17] [Server thread/INFO]: Un gato galáctico invocará un mob al azar en: 1
[23:09:17] [Server thread/INFO]: Un gato galáctico ha invicado un(a) Bruja Imposible (78.69999998807907, 72.0, -853.3000000119209
[23:09:17] [Server thread/INFO]: Un gato galáctico invocará un mob al azar en: 1
[23:09:17] [Server thread/INFO]: Un gato galáctico ha invicado un(a) Giga MagmaCube (78.30000001192093, 72.0, -853.6999999880791
[23:09:17] [Server thread/INFO]: Un gato galáctico invocará un mob al azar en: 1
[23:09:17] [Server thread/INFO]: Un gato galáctico ha invicado un(a) Esqueleto de Clase (78.30000001192093, 72.0, -853.6999999880791
[23:09:17] [Server thread/INFO]: Un gato galáctico invocará un mob al azar en: 1
[23:09:17] [Server thread/INFO]: Un gato galáctico ha invicado un(a) Permadeath Demon (78.30000001192093, 72.0, -853.6999999880791
[23:09:17] [Server thread/INFO]: Un gato galáctico invocará un mob al azar en: 1
[23:09:17] [Server thread/INFO]: Un gato galáctico ha invicado un(a) Bruja Imposible (78.66212728578205, 72.51560002779961, -853.5852078008604
[23:09:17] [Server thread/INFO]: Un gato galáctico invocará un mob al azar en: 1
[23:09:17] [Server thread/INFO]: Un gato galáctico ha invicado un(a) Permadeath Demon (78.69999998807907, 72.70031830474035, -853.3000000119209
[23:09:17] [Server thread/INFO]: Un gato galáctico invocará un mob al azar en: 1
[23:09:17] [Server thread/INFO]: Un gato galáctico ha invicado un(a) Gigante (78.64914883769521, 72.51560002779961, -853.6090920348245
[23:09:17] [Server thread/INFO]: Un gato galáctico invocará un mob al azar en: 1
[23:09:17] [Server thread/INFO]: Un gato galáctico ha invicado un(a) Giga Phantom (78.30000001192093, 72.0, -853.6999999880791
[23:09:17] [Server thread/INFO]: Un gato galáctico invocará un mob al azar en: 1
[23:09:17] [Server thread/INFO]: Un gato galáctico ha invicado un(a) Bruja Imposible (78.30000001192093, 72.0, -853.6999999880791
[23:09:17] [Server thread/INFO]: Un gato galáctico invocará un mob al azar en: 1
[23:09:17] [Server thread/INFO]: Un gato galáctico ha invicado un(a) Ender Quantum Creeper (78.30000001192093, 72.0, -853.6999999880791
[23:09:18] [Server thread/INFO]: RompOrTos issued server command: /gamemode survival
[23:09:18] [Server thread/INFO]: Un gato galáctico invocará un mob al azar en: 3
[23:09:18] [Server thread/INFO]: Un gato galáctico invocará un mob al azar en: 3
[23:09:18] [Server thread/INFO]: Un gato galáctico invocará un mob al azar en: 3
[23:09:18] [Server thread/INFO]: Un gato galáctico invocará un mob al azar en: 3
[23:09:18] [Server thread/INFO]: Un gato galáctico invocará un mob al azar en: 3
[23:09:18] [Server thread/INFO]: Un gato galáctico invocará un mob al azar en: 3
[23:09:18] [Server thread/INFO]: Un gato galáctico invocará un mob al azar en: 3
[23:09:18] [Server thread/INFO]: Un gato galáctico invocará un mob al azar en: 3
[23:09:18] [Server thread/INFO]: Jer_efece issued server command: /gamemode survival
[23:09:19] [Server thread/INFO]: Un gato galáctico invocará un mob al azar en: 2
[23:09:19] [Server thread/INFO]: Un gato galáctico invocará un mob al azar en: 2
[23:09:19] [Server thread/INFO]: Un gato galáctico invocará un mob al azar en: 2
[23:09:19] [Server thread/INFO]: Un gato galáctico invocará un mob al azar en: 2
[23:09:19] [Server thread/INFO]: Un gato galáctico invocará un mob al azar en: 2
[23:09:19] [Server thread/INFO]: Un gato galáctico invocará un mob al azar en: 2
[23:09:19] [Server thread/INFO]: Un gato galáctico invocará un mob al azar en: 2
[23:09:19] [Server thread/INFO]: Un gato galáctico invocará un mob al azar en: 2
[23:09:20] [Server thread/INFO]: Un gato galáctico invocará un mob al azar en: 1
[23:09:20] [Server thread/INFO]: Un gato galáctico ha invicado un(a) Araña con Efectos (78.84999999403954, 71.5, -853.1500000059605
[23:09:20] [Server thread/INFO]: Un gato galáctico invocará un mob al azar en: 1
[23:09:20] [Server thread/INFO]: Un gato galáctico ha invicado un(a) Giga Phantom (78.69999998807907, 72.0, -853.3000000119209
[23:09:20] [Server thread/INFO]: Un gato galáctico invocará un mob al azar en: 1
[23:09:20] [Server thread/INFO]: Un gato galáctico ha invicado un(a) Bruja Imposible (78.30000001192093, 72.0, -853.6999999880791
[23:09:20] [Server thread/INFO]: Un gato galáctico invocará un mob al azar en: 1
[23:09:20] [Server thread/INFO]: Un gato galáctico ha invicado un(a) Endermite Misterioso (78.30000001192093, 72.0, -853.6999999880791
[23:09:20] [Server thread/INFO]: Un gato galáctico invocará un mob al azar en: 1
[23:09:20] [Server thread/INFO]: Un gato galáctico ha invicado un(a) Giga Slime (78.69999998807907, 72.0, -853.3000000119209
[23:09:20] [Server thread/INFO]: Un gato galáctico invocará un mob al azar en: 1
[23:09:20] [Server thread/INFO]: Un gato galáctico ha invicado un(a) Esqueleto de Clase (78.30000001192093, 72.0, -853.6999999880791
[23:09:20] [Server thread/INFO]: Un gato galáctico invocará un mob al azar en: 1
[23:09:20] [Server thread/INFO]: Un gato galáctico ha invicado un(a) Giga Slime (78.69999998807907, 72.0, -853.6999999880791
[23:09:20] [Server thread/INFO]: Un gato galáctico invocará un mob al azar en: 1
[23:09:20] [Server thread/INFO]: Un gato galáctico ha invicado un(a) Esqueleto de Clase (78.69999998807907, 72.0, -853.3000000119209
[23:09:33] [Server thread/INFO]: Jer_efece issued server command: /tp @a Jer_efece
[23:09:37] [Server thread/INFO]: Jer_efece issued server command: /tp @a Jer_efece
[23:09:40] [Server thread/INFO]: Jer_efece issued server command: /tp @a Jer_efece
[23:09:41] [Async Chat Thread - #8/INFO]: <TTottaly_RED> estaba con ellos wbn
[23:09:47] [Server thread/INFO]: La maldición de un Gato Galáctico ha comenzado en: -84, 76, -867
[23:09:47] [Server thread/INFO]: La maldición de un Gato Galáctico ha comenzado en: 88, 64, -886
[23:09:47] [Server thread/INFO]: El jugador RompOrTos ha usado su medalla de superviviente.
[23:09:47] [Server thread/INFO]: El jugador TTottaly_RED ha consumido tres tótems (Probabilidad: 5 != 93)
[23:09:47] [Server thread/INFO]: El jugador Jer_efece ha consumido tres tótems (Probabilidad: 93 = 93)
[23:09:47] [Server thread/INFO]: ¡Los tótems de Jer_efece han fallado!
[23:09:47] [Server thread/INFO]: Set the weather to rain & thunder
[23:09:47] [Server thread/INFO]: Permadeath ➤ The Beginning ha cerrado temporalmente (DeathTrain).
[23:09:47] [Server thread/INFO]: Permadeath ➤ ¡Ha comenzado el modo UHC!
[23:09:47] [Server thread/INFO]: Jer_efece ha muerto y ahora descanza en paz.
[23:09:47] [Server thread/INFO]: Este es el comienzo del sufrimiento eterno de Jer_efece. ¡HA SIDO PERMABANEADO!
[23:09:47] [Server thread/INFO]: X: 112 || Y: 88 || Z: -847
[23:09:47] [Server thread/INFO]: Jer_efece was blown up by Gato Supernova
[23:09:48] [Server thread/INFO]: Un gato galáctico invocará un mob al azar en: 5
[23:09:48] [Server thread/INFO]: Un gato galáctico invocará un mob al azar en: 5
[23:09:49] [Server thread/INFO]: Un gato galáctico invocará un mob al azar en: 4
[23:09:49] [Server thread/INFO]: Un gato galáctico invocará un mob al azar en: 4
[23:09:50] [Server thread/INFO]: Un gato galáctico invocará un mob al azar en: 3
[23:09:50] [Server thread/INFO]: Un gato galáctico invocará un mob al azar en: 3
[23:09:51] [Server thread/INFO]: Un gato galáctico invocará un mob al azar en: 2
[23:09:51] [Server thread/INFO]: Un gato galáctico invocará un mob al azar en: 2
[23:09:52] [Server thread/INFO]: Un gato galáctico invocará un mob al azar en: 1
[23:09:52] [Server thread/INFO]: Un gato galáctico ha invicado un(a) Demonio Flotante (-84.49082737149325, 76.92159999847412, -867.4837219543858
[23:09:52] [Server thread/INFO]: Un gato galáctico invocará un mob al azar en: 1
[23:09:52] [Server thread/INFO]: Un gato galáctico ha invicado un(a) Araña con Efectos (88.14491424228895, 64.0, -886.6281111819119
[23:09:52] [Server thread/INFO]: ¡Comienza el Death Train con duración de 5 horas y 30 minutos!
[23:09:58] [Server thread/INFO]: Jer_efece issued server command: /tp RompOrTos
[23:10:00] [Server thread/INFO]: Jer_efece issued server command: /gamemode creative
[23:10:09] [Server thread/INFO]: Jer_efece issued server command: /effect clear
[23:10:10] [Server thread/INFO]: Jer_efece issued server command: /gamemode spectator
[23:10:24] [Server thread/INFO]: Jer_efece issued server command: /gamemode creative
[23:10:35] [Server thread/INFO]: RompOrTos issued server command: /tp RompOrTos TTottaly_RED
[23:10:46] [Async Chat Thread - #9/INFO]: <TTottaly_RED> tengo ceguera wbn
[23:10:47] [Server thread/INFO]: La maldición de un Gato Galáctico ha comenzado en: 28, 62, -850
[23:10:48] [Server thread/INFO]: Un gato galáctico invocará un mob al azar en: 5
[23:10:48] [Server thread/INFO]: La maldición de un Gato Galáctico ha comenzado en: 28, 62, -850
[23:10:48] [Server thread/INFO]: Un gato galáctico invocará un mob al azar en: 5
[23:10:48] [Server thread/INFO]: La maldición de un Gato Galáctico ha comenzado en: 28, 62, -850
[23:10:48] [Server thread/INFO]: La maldición de un Gato Galáctico ha comenzado en: 28, 62, -850
[23:10:48] [Server thread/INFO]: Un gato galáctico invocará un mob al azar en: 5
[23:10:48] [Server thread/INFO]: Un gato galáctico invocará un mob al azar en: 5
[23:10:48] [Server thread/INFO]: La maldición de un Gato Galáctico ha comenzado en: 28, 62, -850
[23:10:48] [Server thread/INFO]: La maldición de un Gato Galáctico ha comenzado en: 28, 62, -850
[23:10:48] [Server thread/INFO]: La maldición de un Gato Galáctico ha comenzado en: 28, 62, -850
[23:10:48] [Server thread/INFO]: La maldición de un Gato Galáctico ha comenzado en: 28, 62, -850
[23:10:48] [Server thread/INFO]: La maldición de un Gato Galáctico ha comenzado en: 28, 62, -850
[23:10:48] [Server thread/INFO]: La maldición de un Gato Galáctico ha comenzado en: 28, 62, -850
[23:10:48] [Server thread/INFO]: Un gato galáctico invocará un mob al azar en: 5
[23:10:48] [Server thread/INFO]: Un gato galáctico invocará un mob al azar en: 5
[23:10:48] [Server thread/INFO]: Un gato galáctico invocará un mob al azar en: 5
[23:10:48] [Server thread/INFO]: Un gato galáctico invocará un mob al azar en: 5
[23:10:48] [Server thread/INFO]: Un gato galáctico invocará un mob al azar en: 5
[23:10:48] [Server thread/INFO]: Un gato galáctico invocará un mob al azar en: 5
[23:10:48] [Server thread/INFO]: La maldición de un Gato Galáctico ha comenzado en: 28, 62, -850
[23:10:48] [Server thread/INFO]: Un gato galáctico invocará un mob al azar en: 5
[23:10:48] [Server thread/INFO]: La maldición de un Gato Galáctico ha comenzado en: 28, 62, -850
[23:10:48] [Server thread/INFO]: La maldición de un Gato Galáctico ha comenzado en: 28, 62, -850
[23:10:48] [Server thread/INFO]: La maldición de un Gato Galáctico ha comenzado en: 28, 62, -850
[23:10:48] [Server thread/INFO]: La maldición de un Gato Galáctico ha comenzado en: 28, 62, -850
[23:10:48] [Server thread/INFO]: La maldición de un Gato Galáctico ha comenzado en: 28, 62, -850
[23:10:48] [Server thread/INFO]: La maldición de un Gato Galáctico ha comenzado en: 28, 62, -850
[23:10:48] [Server thread/INFO]: La maldición de un Gato Galáctico ha comenzado en: 28, 62, -850
[23:10:48] [Server thread/INFO]: Un gato galáctico invocará un mob al azar en: 5
[23:10:48] [Server thread/INFO]: Un gato galáctico invocará un mob al azar en: 5
[23:10:48] [Server thread/INFO]: Un gato galáctico invocará un mob al azar en: 5
[23:10:48] [Server thread/INFO]: Un gato galáctico invocará un mob al azar en: 5
[23:10:48] [Server thread/INFO]: Un gato galáctico invocará un mob al azar en: 5
[23:10:48] [Server thread/INFO]: Un gato galáctico invocará un mob al azar en: 5
[23:10:48] [Server thread/INFO]: Un gato galáctico invocará un mob al azar en: 5
[23:10:48] [Server thread/INFO]: La maldición de un Gato Galáctico ha comenzado en: 28, 62, -850
[23:10:48] [Server thread/INFO]: La maldición de un Gato Galáctico ha comenzado en: 28, 62, -850
[23:10:48] [Server thread/INFO]: La maldición de un Gato Galáctico ha comenzado en: 28, 62, -850
[23:10:48] [Server thread/INFO]: Un gato galáctico invocará un mob al azar en: 5
[23:10:48] [Server thread/INFO]: Un gato galáctico invocará un mob al azar en: 5
[23:10:48] [Server thread/INFO]: Un gato galáctico invocará un mob al azar en: 5
[23:10:48] [Server thread/INFO]: La maldición de un Gato Galáctico ha comenzado en: 28, 62, -850
[23:10:48] [Server thread/INFO]: La maldición de un Gato Galáctico ha comenzado en: 28, 62, -850
[23:10:48] [Server thread/INFO]: La maldición de un Gato Galáctico ha comenzado en: 28, 62, -850
[23:10:48] [Server thread/INFO]: Un gato galáctico invocará un mob al azar en: 5
[23:10:48] [Server thread/INFO]: Un gato galáctico invocará un mob al azar en: 5
[23:10:48] [Server thread/INFO]: Un gato galáctico invocará un mob al azar en: 5
[23:10:48] [Server thread/INFO]: La maldición de un Gato Galáctico ha comenzado en: 28, 62, -850
[23:10:48] [Server thread/INFO]: Un gato galáctico invocará un mob al azar en: 5
[23:10:48] [Server thread/INFO]: La maldición de un Gato Galáctico ha comenzado en: 28, 62, -850
[23:10:48] [Server thread/INFO]: Un gato galáctico invocará un mob al azar en: 5
[23:10:48] [Server thread/INFO]: La maldición de un Gato Galáctico ha comenzado en: 28, 62, -850
[23:10:48] [Server thread/INFO]: Un gato galáctico invocará un mob al azar en: 5
[23:10:48] [Server thread/INFO]: La maldición de un Gato Galáctico ha comenzado en: 28, 62, -850
[23:10:48] [Server thread/INFO]: Un gato galáctico invocará un mob al azar en: 5
[23:10:48] [Server thread/INFO]: La maldición de un Gato Galáctico ha comenzado en: 28, 62, -850
[23:10:48] [Server thread/INFO]: Un gato galáctico invocará un mob al azar en: 5
[23:10:48] [Server thread/INFO]: La maldición de un Gato Galáctico ha comenzado en: 28, 62, -850
[23:10:48] [Server thread/INFO]: La maldición de un Gato Galáctico ha comenzado en: 28, 62, -850
[23:10:48] [Server thread/INFO]: Un gato galáctico invocará un mob al azar en: 5
[23:10:48] [Server thread/INFO]: Un gato galáctico invocará un mob al azar en: 5
[23:10:49] [Server thread/INFO]: Un gato galáctico invocará un mob al azar en: 4
[23:10:49] [Server thread/INFO]: La maldición de un Gato Galáctico ha comenzado en: 28, 62, -850
[23:10:49] [Server thread/INFO]: Un gato galáctico invocará un mob al azar en: 5
[23:10:49] [Server thread/INFO]: Un gato galáctico invocará un mob al azar en: 4
[23:10:49] [Server thread/INFO]: Un gato galáctico invocará un mob al azar en: 4
[23:10:49] [Server thread/INFO]: Un gato galáctico invocará un mob al azar en: 4
[23:10:49] [Server thread/INFO]: Un gato galáctico invocará un mob al azar en: 4
[23:10:49] [Server thread/INFO]: Un gato galáctico invocará un mob al azar en: 4
[23:10:49] [Server thread/INFO]: Un gato galáctico invocará un mob al azar en: 4
[23:10:49] [Server thread/INFO]: Un gato galáctico invocará un mob al azar en: 4
[23:10:49] [Server thread/INFO]: Un gato galáctico invocará un mob al azar en: 4
[23:10:49] [Server thread/INFO]: Un gato galáctico invocará un mob al azar en: 4
[23:10:49] [Server thread/INFO]: Un gato galáctico invocará un mob al azar en: 4
[23:10:49] [Server thread/INFO]: Un gato galáctico invocará un mob al azar en: 4
[23:10:49] [Server thread/INFO]: Un gato galáctico invocará un mob al azar en: 4
[23:10:49] [Server thread/INFO]: Un gato galáctico invocará un mob al azar en: 4
[23:10:49] [Server thread/INFO]: Un gato galáctico invocará un mob al azar en: 4
[23:10:49] [Server thread/INFO]: Un gato galáctico invocará un mob al azar en: 4
[23:10:49] [Server thread/INFO]: Un gato galáctico invocará un mob al azar en: 4
[23:10:49] [Server thread/INFO]: Un gato galáctico invocará un mob al azar en: 4
[23:10:49] [Server thread/INFO]: Un gato galáctico invocará un mob al azar en: 4
[23:10:49] [Server thread/INFO]: Un gato galáctico invocará un mob al azar en: 4
[23:10:49] [Server thread/INFO]: Un gato galáctico invocará un mob al azar en: 4
[23:10:49] [Server thread/INFO]: Un gato galáctico invocará un mob al azar en: 4
[23:10:49] [Server thread/INFO]: Un gato galáctico invocará un mob al azar en: 4
[23:10:49] [Server thread/INFO]: Un gato galáctico invocará un mob al azar en: 4
[23:10:49] [Server thread/INFO]: Un gato galáctico invocará un mob al azar en: 4
[23:10:49] [Server thread/INFO]: Un gato galáctico invocará un mob al azar en: 4
[23:10:49] [Server thread/INFO]: Un gato galáctico invocará un mob al azar en: 4
[23:10:49] [Server thread/INFO]: Un gato galáctico invocará un mob al azar en: 4
[23:10:49] [Server thread/INFO]: Un gato galáctico invocará un mob al azar en: 4
[23:10:49] [Server thread/INFO]: Un gato galáctico invocará un mob al azar en: 4
[23:10:49] [Server thread/INFO]: Un gato galáctico invocará un mob al azar en: 4
[23:10:49] [Server thread/INFO]: Jer_efece issued server command: /tp @a Jer_efece
[23:10:50] [Server thread/INFO]: Un gato galáctico invocará un mob al azar en: 3
[23:10:50] [Server thread/INFO]: Un gato galáctico invocará un mob al azar en: 3
[23:10:50] [Server thread/INFO]: Un gato galáctico invocará un mob al azar en: 4
[23:10:50] [Server thread/INFO]: Un gato galáctico invocará un mob al azar en: 3
[23:10:50] [Server thread/INFO]: Un gato galáctico invocará un mob al azar en: 3
[23:10:50] [Server thread/INFO]: Un gato galáctico invocará un mob al azar en: 3
[23:10:50] [Server thread/INFO]: Un gato galáctico invocará un mob al azar en: 3
[23:10:50] [Server thread/INFO]: Un gato galáctico invocará un mob al azar en: 3
[23:10:50] [Server thread/INFO]: Un gato galáctico invocará un mob al azar en: 3
[23:10:50] [Server thread/INFO]: Un gato galáctico invocará un mob al azar en: 3
[23:10:50] [Server thread/INFO]: Un gato galáctico invocará un mob al azar en: 3
[23:10:50] [Server thread/INFO]: Un gato galáctico invocará un mob al azar en: 3
[23:10:50] [Server thread/INFO]: Un gato galáctico invocará un mob al azar en: 3
[23:10:50] [Server thread/INFO]: Un gato galáctico invocará un mob al azar en: 3
[23:10:50] [Server thread/INFO]: Un gato galáctico invocará un mob al azar en: 3
[23:10:50] [Server thread/INFO]: Un gato galáctico invocará un mob al azar en: 3
[23:10:50] [Server thread/INFO]: Un gato galáctico invocará un mob al azar en: 3
[23:10:50] [Server thread/INFO]: Un gato galáctico invocará un mob al azar en: 3
[23:10:50] [Server thread/INFO]: Un gato galáctico invocará un mob al azar en: 3
[23:10:50] [Server thread/INFO]: Un gato galáctico invocará un mob al azar en: 3
[23:10:50] [Server thread/INFO]: Un gato galáctico invocará un mob al azar en: 3
[23:10:50] [Server thread/INFO]: Un gato galáctico invocará un mob al azar en: 3
[23:10:50] [Server thread/INFO]: Un gato galáctico invocará un mob al azar en: 3
[23:10:50] [Server thread/INFO]: Un gato galáctico invocará un mob al azar en: 3
[23:10:50] [Server thread/INFO]: Un gato galáctico invocará un mob al azar en: 3
[23:10:50] [Server thread/INFO]: Un gato galáctico invocará un mob al azar en: 3
[23:10:50] [Server thread/INFO]: La maldición de un Gato Galáctico ha comenzado en: 28, 62, -850
[23:10:50] [Server thread/INFO]: La maldición de un Gato Galáctico ha comenzado en: 28, 62, -850
[23:10:50] [Server thread/INFO]: Un gato galáctico invocará un mob al azar en: 5
[23:10:50] [Server thread/INFO]: Un gato galáctico invocará un mob al azar en: 5
[23:10:50] [Server thread/INFO]: Un gato galáctico invocará un mob al azar en: 3
[23:10:50] [Server thread/INFO]: Un gato galáctico invocará un mob al azar en: 3
[23:10:50] [Server thread/INFO]: Un gato galáctico invocará un mob al azar en: 3
[23:10:50] [Server thread/INFO]: Un gato galáctico invocará un mob al azar en: 3
[23:10:50] [Server thread/INFO]: Un gato galáctico invocará un mob al azar en: 3
[23:10:50] [Server thread/INFO]: Un gato galáctico invocará un mob al azar en: 3
[23:10:51] [Server thread/INFO]: Un gato galáctico invocará un mob al azar en: 2
[23:10:51] [Server thread/INFO]: Un gato galáctico invocará un mob al azar en: 2
[23:10:51] [Server thread/INFO]: Un gato galáctico invocará un mob al azar en: 3
[23:10:51] [Server thread/INFO]: Un gato galáctico invocará un mob al azar en: 2
[23:10:51] [Server thread/INFO]: Un gato galáctico invocará un mob al azar en: 2
[23:10:51] [Server thread/INFO]: Un gato galáctico invocará un mob al azar en: 2
[23:10:51] [Server thread/INFO]: Un gato galáctico invocará un mob al azar en: 2
[23:10:51] [Server thread/INFO]: Un gato galáctico invocará un mob al azar en: 2
[23:10:51] [Server thread/INFO]: Un gato galáctico invocará un mob al azar en: 2
[23:10:51] [Server thread/INFO]: Un gato galáctico invocará un mob al azar en: 2
[23:10:51] [Server thread/INFO]: Un gato galáctico invocará un mob al azar en: 2
[23:10:51] [Server thread/INFO]: Un gato galáctico invocará un mob al azar en: 2
[23:10:51] [Server thread/INFO]: La maldición de un Gato Galáctico ha comenzado en: 28, 62, -850
[23:10:51] [Server thread/INFO]: Un gato galáctico invocará un mob al azar en: 5
[23:10:51] [Server thread/INFO]: Un gato galáctico invocará un mob al azar en: 2
[23:10:51] [Server thread/INFO]: Un gato galáctico invocará un mob al azar en: 2
[23:10:51] [Server thread/INFO]: Un gato galáctico invocará un mob al azar en: 2
[23:10:51] [Server thread/INFO]: Un gato galáctico invocará un mob al azar en: 2
[23:10:51] [Server thread/INFO]: Un gato galáctico invocará un mob al azar en: 2
[23:10:51] [Server thread/INFO]: Un gato galáctico invocará un mob al azar en: 2
[23:10:51] [Server thread/INFO]: Un gato galáctico invocará un mob al azar en: 2
[23:10:51] [Server thread/INFO]: Un gato galáctico invocará un mob al azar en: 2
[23:10:51] [Server thread/INFO]: Un gato galáctico invocará un mob al azar en: 2
[23:10:51] [Server thread/INFO]: Un gato galáctico invocará un mob al azar en: 2
[23:10:51] [Server thread/INFO]: Un gato galáctico invocará un mob al azar en: 2
[23:10:51] [Server thread/INFO]: Un gato galáctico invocará un mob al azar en: 2
[23:10:51] [Server thread/INFO]: Un gato galáctico invocará un mob al azar en: 2
[23:10:51] [Server thread/INFO]: Un gato galáctico invocará un mob al azar en: 2
[23:10:51] [Server thread/INFO]: Un gato galáctico invocará un mob al azar en: 2
[23:10:51] [Server thread/INFO]: Un gato galáctico invocará un mob al azar en: 4
[23:10:51] [Server thread/INFO]: Un gato galáctico invocará un mob al azar en: 4
[23:10:51] [Server thread/INFO]: Un gato galáctico invocará un mob al azar en: 2
[23:10:51] [Server thread/INFO]: Un gato galáctico invocará un mob al azar en: 2
[23:10:51] [Server thread/INFO]: Un gato galáctico invocará un mob al azar en: 2
[23:10:51] [Server thread/INFO]: Un gato galáctico invocará un mob al azar en: 2
[23:10:51] [Server thread/INFO]: Un gato galáctico invocará un mob al azar en: 2
[23:10:52] [Server thread/INFO]: Un gato galáctico invocará un mob al azar en: 1
[23:10:52] [Server thread/INFO]: Un gato galáctico ha invicado un(a) Shulker Tnt (28.69999998807907, 62.0, -850.3000000119209
[23:10:52] [Server thread/INFO]: Un gato galáctico invocará un mob al azar en: 1
[23:10:52] [Server thread/INFO]: Un gato galáctico ha invicado un(a) Bruja Imposible (28.30000001192093, 62.0, -850.6999999880791
[23:10:52] [Server thread/INFO]: Un gato galáctico invocará un mob al azar en: 2
[23:10:52] [Server thread/INFO]: Un gato galáctico invocará un mob al azar en: 1
[23:10:52] [Server thread/INFO]: Un gato galáctico ha invicado un(a) Silverfish de la Muerte (28.30000001192093, 62.0, -850.6999999880791
[23:10:52] [Server thread/INFO]: Un gato galáctico invocará un mob al azar en: 1
[23:10:52] [Server thread/INFO]: Un gato galáctico ha invicado un(a) Gigante (28.30000001192093, 62.0, -850.6999999880791
[23:10:52] [Server thread/INFO]: Un gato galáctico invocará un mob al azar en: 1
[23:10:52] [Server thread/INFO]: Un gato galáctico ha invicado un(a) Giga Phantom (28.69999998807907, 62.0, -850.3000000119209
[23:10:52] [Server thread/INFO]: Un gato galáctico invocará un mob al azar en: 1
[23:10:52] [Server thread/INFO]: Un gato supernova va a explotar en: 28 62 -851 (world).
[23:10:52] [Server thread/INFO]: Un gato galáctico ha invicado un(a) Gato Supernova (28.30000001192093, 62.0, -850.6999999880791
[23:10:52] [Server thread/INFO]: Un gato galáctico invocará un mob al azar en: 1
[23:10:52] [Server thread/INFO]: Un gato galáctico ha invicado un(a) Gigante (28.30000001192093, 62.0, -850.6999999880791
[23:10:52] [Server thread/INFO]: Un gato galáctico invocará un mob al azar en: 1
[23:10:52] [Server thread/INFO]: Un gato galáctico ha invicado un(a) Giga Slime (28.30000001192093, 62.0, -850.6999999880791
[23:10:52] [Server thread/INFO]: Un gato galáctico invocará un mob al azar en: 1
[23:10:52] [Server thread/INFO]: Un gato galáctico ha invicado un(a) Ultra Ravager (28.30000001192093, 62.0, -850.6999999880791
[23:10:52] [Server thread/INFO]: Un gato galáctico invocará un mob al azar en: 1
[23:10:52] [Server thread/INFO]: Un gato galáctico ha invicado un(a) Araña con Efectos (28.30000001192093, 62.0, -850.6999999880791
[23:10:52] [Server thread/INFO]: Un gato galáctico invocará un mob al azar en: 1
[23:10:52] [Server thread/INFO]: Un gato galáctico ha invicado un(a) Giga MagmaCube (28.30000001192093, 62.0, -850.6999999880791
[23:10:52] [Server thread/INFO]: La maldición de un Gato Galáctico ha comenzado en: 28, 62, -850
[23:10:52] [Server thread/INFO]: Un gato galáctico invocará un mob al azar en: 5
[23:10:52] [Server thread/INFO]: Un gato galáctico invocará un mob al azar en: 1
[23:10:52] [Server thread/INFO]: Un gato galáctico ha invicado un(a) Wither Skeleton Emperador (28.69999998807907, 62.0, -850.3000000119209
[23:10:52] [Server thread/INFO]: Un gato galáctico invocará un mob al azar en: 1
[23:10:52] [Server thread/INFO]: Un gato galáctico ha invicado un(a) Endermite Misterioso (28.30000001192093, 62.0, -850.6999999880791
[23:10:52] [Server thread/INFO]: Un gato galáctico invocará un mob al azar en: 1
[23:10:52] [Server thread/INFO]: Un gato galáctico ha invicado un(a) Giga Slime (28.30000001192093, 62.0, -850.6999999880791
[23:10:52] [Server thread/INFO]: Un gato galáctico invocará un mob al azar en: 1
[23:10:52] [Server thread/INFO]: Un gato galáctico ha invicado un(a) Permadeath Demon (28.30000001192093, 62.0, -850.6999999880791
[23:10:52] [Server thread/INFO]: Un gato galáctico invocará un mob al azar en: 1
[23:10:52] [Server thread/INFO]: Un gato galáctico ha invicado un(a) Permadeath Demon (28.30000001192093, 62.0, -850.6999999880791
[23:10:52] [Server thread/INFO]: Un gato galáctico invocará un mob al azar en: 1
[23:10:52] [Server thread/INFO]: Un gato galáctico ha invicado un(a) Bruja Imposible (28.30000001192093, 62.0, -850.6999999880791
[23:10:52] [Server thread/INFO]: Un gato galáctico invocará un mob al azar en: 1
[23:10:52] [Server thread/INFO]: Un gato galáctico ha invicado un(a) Bruja Imposible (28.30000001192093, 62.0, -850.6999999880791
[23:10:52] [Server thread/INFO]: Un gato galáctico invocará un mob al azar en: 4
[23:10:52] [Server thread/INFO]: La maldición de un Gato Galáctico ha comenzado en: 28, 62, -850
[23:10:52] [Server thread/INFO]: La maldición de un Gato Galáctico ha comenzado en: 28, 62, -850
[23:10:52] [Server thread/INFO]: La maldición de un Gato Galáctico ha comenzado en: 28, 62, -850
[23:10:52] [Server thread/INFO]: La maldición de un Gato Galáctico ha comenzado en: 28, 62, -850
[23:10:52] [Server thread/INFO]: La maldición de un Gato Galáctico ha comenzado en: 28, 62, -850
[23:10:52] [Server thread/INFO]: El jugador TTottaly_RED ha consumido tres tótems (Probabilidad: 63 != 93)
[23:10:52] [Server thread/INFO]: Un gato galáctico invocará un mob al azar en: 5
[23:10:52] [Server thread/INFO]: Un gato galáctico invocará un mob al azar en: 5
[23:10:52] [Server thread/INFO]: Un gato galáctico invocará un mob al azar en: 5
[23:10:52] [Server thread/INFO]: Un gato galáctico invocará un mob al azar en: 5
[23:10:52] [Server thread/INFO]: Un gato galáctico invocará un mob al azar en: 5
[23:10:52] [Server thread/INFO]: Un gato galáctico invocará un mob al azar en: 1
[23:10:52] [Server thread/INFO]: Un gato galáctico ha invicado un(a) Permadeath Demon (28.30000001192093, 62.0, -850.6999999880791
[23:10:52] [Server thread/INFO]: Un gato galáctico invocará un mob al azar en: 1
[23:10:52] [Server thread/INFO]: Un gato galáctico ha invicado un(a) Pufferfish invulnerable (28.30000001192093, 62.0, -850.6999999880791
[23:10:52] [Server thread/INFO]: Un gato galáctico invocará un mob al azar en: 1
[23:10:52] [Server thread/INFO]: Un gato galáctico ha invicado un(a) Shulker Tnt (28.30000001192093, 62.0, -850.6999999880791
[23:10:52] [Server thread/INFO]: Un gato galáctico invocará un mob al azar en: 1
[23:10:52] [Server thread/INFO]: Un gato galáctico ha invicado un(a) Silverfish de la Muerte (28.69999998807907, 62.0, -850.3000000119209
[23:10:52] [Server thread/INFO]: Un gato galáctico invocará un mob al azar en: 1
[23:10:52] [Server thread/INFO]: Un gato galáctico ha invicado un(a) Ender Ghast (28.30000001192093, 62.0, -850.6419052363535
[23:10:52] [Server thread/INFO]: Un gato galáctico invocará un mob al azar en: 1
[23:10:52] [Server thread/INFO]: Un gato galáctico ha invicado un(a) Shulker Tnt (28.30000001192093, 62.0, -850.6999999880791
[23:10:52] [Server thread/INFO]: Un gato galáctico invocará un mob al azar en: 1
[23:10:52] [Server thread/INFO]: Un gato galáctico ha invicado un(a) Shulker Tnt (28.69999998807907, 62.0, -850.3000000119209
[23:10:52] [Server thread/INFO]: Un gato galáctico invocará un mob al azar en: 1
[23:10:52] [Server thread/INFO]: Un gato galáctico ha invicado un(a) Demonio Flotante (28.69999998807907, 62.0, -850.3000000119209
[23:10:52] [Server thread/INFO]: Un gato galáctico invocará un mob al azar en: 3
[23:10:52] [Server thread/INFO]: Un gato galáctico invocará un mob al azar en: 3
[23:10:52] [Server thread/INFO]: Un gato galáctico invocará un mob al azar en: 1
[23:10:52] [Server thread/INFO]: Un gato galáctico ha invicado un(a) Shulker Tnt (28.665403285150145, 62.0, -850.3000000119209
[23:10:52] [Server thread/INFO]: Un gato galáctico invocará un mob al azar en: 1
[23:10:52] [Server thread/INFO]: Un gato galáctico ha invicado un(a) Silverfish de la Muerte (28.63525951426664, 62.0, -850.3000000119209
[23:10:52] [Server thread/INFO]: Un gato galáctico invocará un mob al azar en: 1
[23:10:52] [Server thread/INFO]: Un gato galáctico ha invicado un(a) Araña con Efectos (28.619163336825633, 62.0, -850.5295439621124
[23:10:52] [Server thread/INFO]: Un gato galáctico invocará un mob al azar en: 1
[23:10:52] [Server thread/INFO]: Un gato supernova va a explotar en: 28 62 -851 (world).
[23:10:52] [Server thread/INFO]: Un gato galáctico ha invicado un(a) Gato Supernova (28.442697198257882, 62.0, -850.4389221526845
[23:10:52] [Server thread/INFO]: Un gato galáctico invocará un mob al azar en: 1
[23:10:52] [Server thread/INFO]: Un gato galáctico ha invicado un(a) Silverfish de la Muerte (28.41404219409415, 62.0, -850.471931281049
[23:10:53] [Server thread/INFO]: Un gato galáctico invocará un mob al azar en: 1
[23:10:53] [Server thread/INFO]: Un gato galáctico ha invicado un(a) Demonio Flotante (28.550456963904107, 62.0, -850.4540696497229
[23:10:53] [Server thread/INFO]: Un gato galáctico invocará un mob al azar en: 3
[23:10:53] [Server thread/INFO]: Un gato galáctico invocará un mob al azar en: 4
[23:10:53] [Server thread/INFO]: Un gato galáctico invocará un mob al azar en: 4
[23:10:53] [Server thread/INFO]: Un gato galáctico invocará un mob al azar en: 4
[23:10:53] [Server thread/INFO]: Un gato galáctico invocará un mob al azar en: 4
[23:10:53] [Server thread/INFO]: Un gato galáctico invocará un mob al azar en: 4
[23:10:53] [Server thread/INFO]: Un gato galáctico invocará un mob al azar en: 4
[23:10:53] [Server thread/INFO]: La maldición de un Gato Galáctico ha comenzado en: 33, 60, -846
[23:10:53] [Server thread/INFO]: La maldición de un Gato Galáctico ha comenzado en: 40, 62, -847
[23:10:53] [Server thread/INFO]: Un gato galáctico invocará un mob al azar en: 5
[23:10:53] [Server thread/INFO]: Un gato galáctico invocará un mob al azar en: 5
[23:10:53] [Server thread/INFO]: Un gato galáctico invocará un mob al azar en: 2
[23:10:53] [Server thread/INFO]: Un gato galáctico invocará un mob al azar en: 2
[23:10:53] [Server thread/INFO]: Set the weather to rain & thunder
[23:10:53] [Server thread/INFO]: Permadeath ➤ The Beginning ha cerrado temporalmente (DeathTrain).
[23:10:53] [Server thread/INFO]: Permadeath ➤ ¡Ha comenzado el modo UHC!
[23:10:53] [Server thread/INFO]: TTottaly_RED ha muerto y ahora descanza en paz.
[23:10:53] [Server thread/INFO]: Este es el comienzo del sufrimiento eterno de TTottaly_RED. ¡HA SIDO PERMABANEADO!
[23:10:53] [Server thread/INFO]: X: 28 || Y: 62 || Z: -851
[23:10:53] [Server thread/INFO]: TTottaly_RED was slain by Phantom
[23:10:53] [Server thread/INFO]: La maldición de un Gato Galáctico ha comenzado en: 31, 63, -836
[23:10:54] [Server thread/INFO]: Un gato galáctico invocará un mob al azar en: 5
[23:10:54] [Server thread/INFO]: Set the weather to rain & thunder
[23:10:54] [Server thread/INFO]: Permadeath ➤ The Beginning ha cerrado temporalmente (DeathTrain).
[23:10:54] [Server thread/INFO]: Permadeath ➤ ¡Ha comenzado el modo UHC!
[23:10:54] [Server thread/INFO]: RompOrTos ha muerto y ahora descanza en paz.
[23:10:54] [Server thread/INFO]: Este es el comienzo del sufrimiento eterno de RompOrTos. ¡HA SIDO PERMABANEADO!
[23:10:54] [Server thread/INFO]: X: 24 || Y: 62 || Z: -851
[23:10:54] [Server thread/INFO]: RompOrTos was slain by Giant
[23:10:54] [Server thread/INFO]: La maldición de un Gato Galáctico ha comenzado en: 48, 65, -842
[23:10:54] [Server thread/INFO]: Un gato galáctico invocará un mob al azar en: 5
[23:10:54] [Server thread/INFO]: Un gato galáctico invocará un mob al azar en: 2
[23:10:54] [Server thread/INFO]: Un gato galáctico invocará un mob al azar en: 3
[23:10:54] [Server thread/INFO]: Un gato galáctico invocará un mob al azar en: 3
[23:10:54] [Server thread/INFO]: Un gato galáctico invocará un mob al azar en: 3
[23:10:54] [Server thread/INFO]: Un gato galáctico invocará un mob al azar en: 3
[23:10:54] [Server thread/INFO]: Un gato galáctico invocará un mob al azar en: 3
[23:10:54] [Server thread/INFO]: Un gato galáctico invocará un mob al azar en: 3
[23:10:54] [Server thread/INFO]: Un gato galáctico invocará un mob al azar en: 4
[23:10:54] [Server thread/INFO]: Un gato galáctico invocará un mob al azar en: 4
[23:10:54] [Server thread/INFO]: Un gato galáctico invocará un mob al azar en: 1
[23:10:54] [Server thread/INFO]: Un gato galáctico ha invicado un(a) Giga Slime (28.43201991715172, 62.0, -850.5121887138394
[23:10:54] [Server thread/INFO]: Un gato galáctico invocará un mob al azar en: 1
[23:10:54] [Server thread/INFO]: Un gato galáctico ha invicado un(a) Esqueleto de Clase (28.463203966804144, 62.0, -850.5286706037591
[23:10:55] [Server thread/INFO]: Un gato galáctico invocará un mob al azar en: 4
[23:10:55] [Server thread/INFO]: Un gato galáctico invocará un mob al azar en: 4
[23:10:55] [Server thread/INFO]: Un gato galáctico invocará un mob al azar en: 1
[23:10:55] [Server thread/INFO]: Un gato galáctico ha invicado un(a) Quantum Creeper (28.41763797129781, 62.0, -850.4863801082809
[23:10:55] [Server thread/INFO]: Un gato galáctico invocará un mob al azar en: 2
[23:10:55] [Server thread/INFO]: Un gato galáctico invocará un mob al azar en: 2
[23:10:55] [Server thread/INFO]: Un gato galáctico invocará un mob al azar en: 2
[23:10:55] [Server thread/INFO]: Un gato galáctico invocará un mob al azar en: 2
[23:10:55] [Server thread/INFO]: Un gato galáctico invocará un mob al azar en: 2
[23:10:55] [Server thread/INFO]: Un gato galáctico invocará un mob al azar en: 2
[23:10:55] [Server thread/INFO]: Un gato galáctico invocará un mob al azar en: 3
[23:10:55] [Server thread/INFO]: Un gato galáctico invocará un mob al azar en: 3
[23:10:56] [Server thread/INFO]: Un gato galáctico invocará un mob al azar en: 3
[23:10:56] [Server thread/INFO]: Un gato galáctico invocará un mob al azar en: 3
[23:10:56] [Server thread/ERROR]: Could not pass event ChunkLoadEvent to Permadeath v1.3
java.lang.ClassCastException: class net.minecraft.server.v1_16_R3.EntityArmorStand cannot be cast to class net.minecraft.server.v1_16_R3.EntityInsentient (net.minecraft.server.v1_16_R3.EntityArmorStand and net.minecraft.server.v1_16_R3.EntityInsentient are in unnamed module of loader 'app')
	at tech.sebazcrc.permadeath.nms.v1_16_R3.NMSAccessorImpl.registerAttribute(NMSAccessorImpl.java:57) ~[?:?]
	at tech.sebazcrc.permadeath.event.HostileEntityListener.injectHostileBehavior(HostileEntityListener.java:50) ~[?:?]
	at tech.sebazcrc.permadeath.event.HostileEntityListener.onChunkLoad(HostileEntityListener.java:68) ~[?:?]
	at com.destroystokyo.paper.event.executor.asm.generated.GeneratedEventExecutor44.execute(Unknown Source) ~[?:?]
	at org.bukkit.plugin.EventExecutor.lambda$create$1(EventExecutor.java:69) ~[patched_1.16.5.jar:git-Paper-794]
	at co.aikar.timings.TimedEventExecutor.execute(TimedEventExecutor.java:80) ~[patched_1.16.5.jar:git-Paper-794]
	at org.bukkit.plugin.RegisteredListener.callEvent(RegisteredListener.java:70) ~[patched_1.16.5.jar:git-Paper-794]
	at org.bukkit.plugin.SimplePluginManager.callEvent(SimplePluginManager.java:624) ~[patched_1.16.5.jar:git-Paper-794]
	at net.minecraft.server.v1_16_R3.Chunk.loadCallback(Chunk.java:875) ~[patched_1.16.5.jar:git-Paper-794]
	at net.minecraft.server.v1_16_R3.PlayerChunk.lambda$a$15(PlayerChunk.java:775) ~[patched_1.16.5.jar:git-Paper-794]
	at net.minecraft.server.v1_16_R3.PlayerChunkMap$CallbackExecutor.run(PlayerChunkMap.java:204) ~[patched_1.16.5.jar:git-Paper-794]
	at net.minecraft.server.v1_16_R3.ChunkProviderServer$a.executeNext(ChunkProviderServer.java:1080) ~[patched_1.16.5.jar:git-Paper-794]
	at net.minecraft.server.v1_16_R3.IAsyncTaskHandler.awaitTasks(IAsyncTaskHandler.java:119) ~[patched_1.16.5.jar:git-Paper-794]
	at net.minecraft.server.v1_16_R3.ChunkProviderServer.getChunkAt(ChunkProviderServer.java:536) ~[patched_1.16.5.jar:git-Paper-794]
	at net.minecraft.server.v1_16_R3.World.getType(World.java:745) ~[patched_1.16.5.jar:git-Paper-794]
	at net.minecraft.server.v1_16_R3.EntityHuman.getBed(EntityHuman.java:1414) ~[patched_1.16.5.jar:git-Paper-794]
	at net.minecraft.server.v1_16_R3.PlayerList.moveToWorld(PlayerList.java:893) ~[patched_1.16.5.jar:git-Paper-794]
	at net.minecraft.server.v1_16_R3.PlayerList.moveToWorld(PlayerList.java:825) ~[patched_1.16.5.jar:git-Paper-794]
	at net.minecraft.server.v1_16_R3.PlayerList.moveToWorld(PlayerList.java:820) ~[patched_1.16.5.jar:git-Paper-794]
	at net.minecraft.server.v1_16_R3.PlayerConnection.a(PlayerConnection.java:2460) ~[patched_1.16.5.jar:git-Paper-794]
	at net.minecraft.server.v1_16_R3.PacketPlayInClientCommand.a(SourceFile:30) ~[patched_1.16.5.jar:git-Paper-794]
	at net.minecraft.server.v1_16_R3.PacketPlayInClientCommand.a(SourceFile:8) ~[patched_1.16.5.jar:git-Paper-794]
	at net.minecraft.server.v1_16_R3.PlayerConnectionUtils.lambda$ensureMainThread$1(PlayerConnectionUtils.java:35) ~[patched_1.16.5.jar:git-Paper-794]
	at net.minecraft.server.v1_16_R3.TickTask.run(SourceFile:18) ~[patched_1.16.5.jar:git-Paper-794]
	at net.minecraft.server.v1_16_R3.IAsyncTaskHandler.executeTask(IAsyncTaskHandler.java:136) ~[patched_1.16.5.jar:git-Paper-794]
	at net.minecraft.server.v1_16_R3.IAsyncTaskHandlerReentrant.executeTask(SourceFile:23) ~[patched_1.16.5.jar:git-Paper-794]
	at net.minecraft.server.v1_16_R3.IAsyncTaskHandler.executeNext(IAsyncTaskHandler.java:109) ~[patched_1.16.5.jar:git-Paper-794]
	at net.minecraft.server.v1_16_R3.MinecraftServer.bb(MinecraftServer.java:1271) ~[patched_1.16.5.jar:git-Paper-794]
	at net.minecraft.server.v1_16_R3.MinecraftServer.executeNext(MinecraftServer.java:1264) ~[patched_1.16.5.jar:git-Paper-794]
	at net.minecraft.server.v1_16_R3.IAsyncTaskHandler.awaitTasks(IAsyncTaskHandler.java:119) ~[patched_1.16.5.jar:git-Paper-794]
	at net.minecraft.server.v1_16_R3.MinecraftServer.sleepForTick(MinecraftServer.java:1225) ~[patched_1.16.5.jar:git-Paper-794]
	at net.minecraft.server.v1_16_R3.MinecraftServer.w(MinecraftServer.java:1139) ~[patched_1.16.5.jar:git-Paper-794]
	at net.minecraft.server.v1_16_R3.MinecraftServer.lambda$a$0(MinecraftServer.java:291) ~[patched_1.16.5.jar:git-Paper-794]
	at java.lang.Thread.run(Thread.java:829) [?:?]
[23:10:56] [Server thread/INFO]: Un gato galáctico invocará un mob al azar en: 1
[23:10:56] [Server thread/INFO]: Un gato galáctico ha invicado un(a) Permadeath Demon (28.52714205861115, 62.0, -850.3000000119209
[23:10:56] [Server thread/INFO]: La maldición de un Gato Galáctico ha comenzado en: 27, 60, -845
[23:10:56] [Server thread/INFO]: Un gato galáctico invocará un mob al azar en: 5
[23:10:56] [Server thread/INFO]: Un gato galáctico invocará un mob al azar en: 1
[23:10:56] [Server thread/INFO]: Un gato galáctico ha invicado un(a) Shulker Tnt (28.671038482564356, 62.0, -850.3336714507836
[23:10:56] [Server thread/INFO]: Un gato galáctico invocará un mob al azar en: 1
[23:10:56] [Server thread/INFO]: Un gato galáctico ha invicado un(a) Ender Ghast (28.30000001192093, 62.0, -850.3000000119209
[23:10:56] [Server thread/INFO]: Un gato galáctico invocará un mob al azar en: 1
[23:10:56] [Server thread/INFO]: Un gato galáctico ha invicado un(a) Giga Slime (28.69999998807907, 62.0, -850.6999999880791
[23:10:56] [Server thread/INFO]: Un gato galáctico invocará un mob al azar en: 1
[23:10:56] [Server thread/INFO]: Un gato galáctico ha invicado un(a) Giga Phantom (28.69999998807907, 62.0, -850.6999999880791
[23:10:56] [Server thread/INFO]: Un gato galáctico invocará un mob al azar en: 1
[23:10:56] [Server thread/INFO]: Un gato galáctico ha invicado un(a) Gato Supernova (28.620818346007894, 62.0, -850.6999999880791
[23:10:56] [Server thread/INFO]: Un gato galáctico invocará un mob al azar en: 2
[23:10:56] [Server thread/INFO]: Un gato galáctico invocará un mob al azar en: 2
[23:10:57] [Server thread/INFO]: Un gato galáctico invocará un mob al azar en: 2
[23:10:57] [Server thread/INFO]: Un gato galáctico invocará un mob al azar en: 2
[23:10:57] [Server thread/INFO]: Un gato galáctico invocará un mob al azar en: 4
[23:10:57] [Server thread/INFO]: Un gato galáctico invocará un mob al azar en: 1
[23:10:57] [Server thread/INFO]: Un gato galáctico ha invicado un(a) Wither Skeleton Emperador (33.150000005960464, 60.14600621408885, -846.1500000059605
[23:10:57] [Server thread/INFO]: Un gato galáctico invocará un mob al azar en: 1
[23:10:57] [Server thread/INFO]: Un gato galáctico ha invicado un(a) Araña con Efectos (40.849999994039536, 62.0, -847.9465128364494
[23:10:58] [Server thread/INFO]: Un gato galáctico invocará un mob al azar en: 1
[23:10:58] [Server thread/INFO]: Un gato galáctico ha invicado un(a) Bruja Imposible (31.150000005960464, 63.36236800665331, -836.1500000059605
[23:10:58] [Server thread/INFO]: Un gato galáctico invocará un mob al azar en: 1
[23:10:58] [Server thread/INFO]: Un gato galáctico ha invicado un(a) Gigante (48.235837848589455, 65.92159999847412, -842.0778628540554
[23:10:58] [Server thread/INFO]: Un gato galáctico invocará un mob al azar en: 3
[23:10:58] [Server thread/INFO]: ¡Comienza el Death Train con duración de 5 horas y 30 minutos!
[23:10:59] [Server thread/INFO]: ¡Comienza el Death Train con duración de 5 horas y 30 minutos!
[23:10:59] [Server thread/INFO]: Un gato galáctico invocará un mob al azar en: 2
[23:11:00] [Server thread/INFO]: Un gato galáctico invocará un mob al azar en: 1
[23:11:00] [Server thread/INFO]: Un gato galáctico ha invicado un(a) Endermite Misterioso (27.150000005960464, 60.0, -845.5810854124834
[23:11:07] [Async Chat Thread - #9/INFO]: <TTottaly_RED> gg
[23:11:09] [Server thread/INFO]: RompOrTos issued server command: /tp RompOrTos Jer_efece
[23:11:11] [Server thread/INFO]: Jer_efece issued server command: /gamemode spectator
[23:11:12] [Async Chat Thread - #9/INFO]: <Jer_efece> gg
[23:11:26] [Server thread/INFO]: RompOrTos issued server command: /gamemode creative
[23:11:57] [Server thread/INFO]: Jer_efece lost connection: Disconnected
[23:11:57] [Server thread/INFO]: Jer_efece ha abandonado el servidor.
[23:12:15] [Async Chat Thread - #10/INFO]: <TTottaly_RED> puro flores estudia
[23:12:21] [Server thread/INFO]: RompOrTos issued server command: /pdc storm removeHours 100
[23:12:22] [Server thread/INFO]: La tormenta ha llegado a su fin.
[23:12:30] [Async Chat Thread - #10/INFO]: <TTottaly_RED> jajaja
[23:12:35] [Server thread/INFO]: RompOrTos issued server command: /effect clear
[23:12:41] [Server thread/INFO]: RompOrTos issued server command: /gamemode creative TTottaly_RED
[23:12:54] [Async Chat Thread - #10/INFO]: <TTottaly_RED> donde mrd estas
[23:13:00] [Server thread/INFO]: RompOrTos issued server command: /tp TTottaly_RED RompOrTos
[23:13:36] [Async Chat Thread - #10/INFO]: <TTottaly_RED> m doi cuenta
[23:14:01] [Server thread/INFO]: RompOrTos issued server command: /tp TTottaly_RED RompOrTos
[23:14:54] [Async Chat Thread - #11/INFO]: <TTottaly_RED> q fue
[23:15:04] [Server thread/INFO]: RompOrTos issued server command: /tp TTottaly_RED RompOrTos
[23:15:21] [Server thread/INFO]: RompOrTos issued server command: /gamemode survival
[23:15:57] [Server thread/INFO]: RompOrTos issued server command: /effect give RompOrTos minecraft:slow_falling 1000 1000
[23:16:36] [Server thread/INFO]: RompOrTos issued server command: /effect give RompOrTos minecraft:slow_falling 1000 100
[23:17:26] [Async Chat Thread - #12/INFO]: <TTottaly_RED> oe la base
[23:17:34] [Server thread/INFO]: RompOrTos issued server command: /tp RompOrTos TTottaly_RED
[23:17:53] [Server thread/INFO]: RompOrTos issued server command: /gamemode creative
[23:18:32] [Server thread/INFO]: RompOrTos has made the advancement [Hot Stuff]
[23:19:12] [Server thread/INFO]: La maldición de un Gato Galáctico ha comenzado en: 32, 236, -180
[23:19:12] [Server thread/INFO]: La maldición de un Gato Galáctico ha comenzado en: 32, 236, -180
[23:19:12] [Server thread/INFO]: La maldición de un Gato Galáctico ha comenzado en: 32, 236, -180
[23:19:12] [Server thread/INFO]: La maldición de un Gato Galáctico ha comenzado en: 32, 236, -180
[23:19:12] [Server thread/INFO]: La maldición de un Gato Galáctico ha comenzado en: 32, 236, -180
[23:19:12] [Server thread/INFO]: La maldición de un Gato Galáctico ha comenzado en: 32, 236, -180
[23:19:12] [Server thread/INFO]: La maldición de un Gato Galáctico ha comenzado en: 32, 236, -180
[23:19:12] [Server thread/INFO]: La maldición de un Gato Galáctico ha comenzado en: 32, 236, -180
[23:19:12] [Server thread/INFO]: La maldición de un Gato Galáctico ha comenzado en: 32, 236, -180
[23:19:12] [Server thread/INFO]: La maldición de un Gato Galáctico ha comenzado en: 32, 236, -180
[23:19:12] [Server thread/INFO]: La maldición de un Gato Galáctico ha comenzado en: 32, 236, -180
[23:19:12] [Server thread/INFO]: La maldición de un Gato Galáctico ha comenzado en: 32, 236, -180
[23:19:12] [Server thread/INFO]: La maldición de un Gato Galáctico ha comenzado en: 32, 236, -180
[23:19:12] [Server thread/INFO]: La maldición de un Gato Galáctico ha comenzado en: 32, 236, -180
[23:19:12] [Server thread/INFO]: La maldición de un Gato Galáctico ha comenzado en: 32, 236, -180
[23:19:12] [Server thread/INFO]: La maldición de un Gato Galáctico ha comenzado en: 32, 236, -180
[23:19:12] [Server thread/INFO]: La maldición de un Gato Galáctico ha comenzado en: 32, 236, -180
[23:19:12] [Server thread/INFO]: La maldición de un Gato Galáctico ha comenzado en: 32, 236, -180
[23:19:12] [Server thread/INFO]: La maldición de un Gato Galáctico ha comenzado en: 32, 236, -180
[23:19:12] [Server thread/INFO]: La maldición de un Gato Galáctico ha comenzado en: 32, 236, -180
[23:19:12] [Server thread/INFO]: La maldición de un Gato Galáctico ha comenzado en: 32, 236, -180
[23:19:12] [Server thread/INFO]: La maldición de un Gato Galáctico ha comenzado en: 32, 236, -180
[23:19:12] [Server thread/INFO]: La maldición de un Gato Galáctico ha comenzado en: 32, 236, -180
[23:19:12] [Server thread/INFO]: La maldición de un Gato Galáctico ha comenzado en: 32, 236, -180
[23:19:12] [Server thread/INFO]: La maldición de un Gato Galáctico ha comenzado en: 32, 236, -180
[23:19:12] [Server thread/INFO]: La maldición de un Gato Galáctico ha comenzado en: 32, 236, -180
[23:19:12] [Server thread/INFO]: La maldición de un Gato Galáctico ha comenzado en: 32, 236, -180
[23:19:12] [Server thread/INFO]: La maldición de un Gato Galáctico ha comenzado en: 32, 236, -180
[23:19:12] [Server thread/INFO]: La maldición de un Gato Galáctico ha comenzado en: 32, 236, -180
[23:19:12] [Server thread/INFO]: La maldición de un Gato Galáctico ha comenzado en: 32, 236, -180
[23:19:12] [Server thread/INFO]: La maldición de un Gato Galáctico ha comenzado en: 32, 236, -180
[23:19:12] [Server thread/INFO]: La maldición de un Gato Galáctico ha comenzado en: 32, 236, -180
[23:19:12] [Server thread/INFO]: La maldición de un Gato Galáctico ha comenzado en: 32, 236, -180
[23:19:12] [Server thread/INFO]: La maldición de un Gato Galáctico ha comenzado en: 32, 236, -180
[23:19:12] [Server thread/INFO]: La maldición de un Gato Galáctico ha comenzado en: 32, 236, -180
[23:19:12] [Server thread/INFO]: La maldición de un Gato Galáctico ha comenzado en: 32, 236, -180
[23:19:12] [Server thread/INFO]: La maldición de un Gato Galáctico ha comenzado en: 32, 236, -180
[23:19:12] [Server thread/INFO]: La maldición de un Gato Galáctico ha comenzado en: 32, 236, -180
[23:19:12] [Server thread/INFO]: La maldición de un Gato Galáctico ha comenzado en: 32, 236, -180
[23:19:12] [Server thread/INFO]: La maldición de un Gato Galáctico ha comenzado en: 32, 236, -180
[23:19:12] [Server thread/INFO]: La maldición de un Gato Galáctico ha comenzado en: 32, 236, -180
[23:19:12] [Server thread/INFO]: La maldición de un Gato Galáctico ha comenzado en: 32, 236, -180
[23:19:12] [Server thread/INFO]: La maldición de un Gato Galáctico ha comenzado en: 32, 236, -180
[23:19:12] [Server thread/INFO]: La maldición de un Gato Galáctico ha comenzado en: 32, 236, -180
[23:19:12] [Server thread/INFO]: La maldición de un Gato Galáctico ha comenzado en: 32, 236, -180
[23:19:12] [Server thread/INFO]: La maldición de un Gato Galáctico ha comenzado en: 32, 236, -180
[23:19:12] [Server thread/INFO]: La maldición de un Gato Galáctico ha comenzado en: 32, 236, -180
[23:19:12] [Server thread/INFO]: La maldición de un Gato Galáctico ha comenzado en: 32, 236, -180
[23:19:12] [Server thread/INFO]: La maldición de un Gato Galáctico ha comenzado en: 32, 236, -180
[23:19:12] [Server thread/INFO]: La maldición de un Gato Galáctico ha comenzado en: 32, 236, -180
[23:19:12] [Server thread/INFO]: La maldición de un Gato Galáctico ha comenzado en: 32, 236, -180
[23:19:12] [Server thread/INFO]: La maldición de un Gato Galáctico ha comenzado en: 32, 236, -180
[23:19:12] [Server thread/INFO]: La maldición de un Gato Galáctico ha comenzado en: 32, 236, -180
[23:19:12] [Server thread/INFO]: La maldición de un Gato Galáctico ha comenzado en: 32, 236, -180
[23:19:12] [Server thread/INFO]: La maldición de un Gato Galáctico ha comenzado en: 32, 236, -180
[23:19:12] [Server thread/INFO]: La maldición de un Gato Galáctico ha comenzado en: 32, 236, -180
[23:19:12] [Server thread/INFO]: La maldición de un Gato Galáctico ha comenzado en: 32, 236, -180
[23:19:12] [Server thread/INFO]: La maldición de un Gato Galáctico ha comenzado en: 32, 236, -180
[23:19:12] [Server thread/INFO]: La maldición de un Gato Galáctico ha comenzado en: 32, 236, -180
[23:19:12] [Server thread/INFO]: La maldición de un Gato Galáctico ha comenzado en: 32, 236, -180
[23:19:12] [Server thread/INFO]: La maldición de un Gato Galáctico ha comenzado en: 32, 236, -180
[23:19:12] [Server thread/INFO]: La maldición de un Gato Galáctico ha comenzado en: 32, 236, -180
[23:19:12] [Server thread/INFO]: La maldición de un Gato Galáctico ha comenzado en: 32, 236, -180
[23:19:12] [Server thread/INFO]: Un gato galáctico invocará un mob al azar en: 5
[23:19:12] [Server thread/INFO]: Un gato galáctico invocará un mob al azar en: 5
[23:19:12] [Server thread/INFO]: Un gato galáctico invocará un mob al azar en: 5
[23:19:12] [Server thread/INFO]: Un gato galáctico invocará un mob al azar en: 5
[23:19:12] [Server thread/INFO]: Un gato galáctico invocará un mob al azar en: 5
[23:19:12] [Server thread/INFO]: Un gato galáctico invocará un mob al azar en: 5
[23:19:12] [Server thread/INFO]: Un gato galáctico invocará un mob al azar en: 5
[23:19:12] [Server thread/INFO]: Un gato galáctico invocará un mob al azar en: 5
[23:19:12] [Server thread/INFO]: Un gato galáctico invocará un mob al azar en: 5
[23:19:12] [Server thread/INFO]: Un gato galáctico invocará un mob al azar en: 5
[23:19:12] [Server thread/INFO]: Un gato galáctico invocará un mob al azar en: 5
[23:19:12] [Server thread/INFO]: Un gato galáctico invocará un mob al azar en: 5
[23:19:12] [Server thread/INFO]: Un gato galáctico invocará un mob al azar en: 5
[23:19:12] [Server thread/INFO]: Un gato galáctico invocará un mob al azar en: 5
[23:19:12] [Server thread/INFO]: Un gato galáctico invocará un mob al azar en: 5
[23:19:12] [Server thread/INFO]: Un gato galáctico invocará un mob al azar en: 5
[23:19:12] [Server thread/INFO]: Un gato galáctico invocará un mob al azar en: 5
[23:19:12] [Server thread/INFO]: Un gato galáctico invocará un mob al azar en: 5
[23:19:12] [Server thread/INFO]: Un gato galáctico invocará un mob al azar en: 5
[23:19:12] [Server thread/INFO]: Un gato galáctico invocará un mob al azar en: 5
[23:19:12] [Server thread/INFO]: Un gato galáctico invocará un mob al azar en: 5
[23:19:12] [Server thread/INFO]: Un gato galáctico invocará un mob al azar en: 5
[23:19:12] [Server thread/INFO]: Un gato galáctico invocará un mob al azar en: 5
[23:19:12] [Server thread/INFO]: Un gato galáctico invocará un mob al azar en: 5
[23:19:12] [Server thread/INFO]: Un gato galáctico invocará un mob al azar en: 5
[23:19:12] [Server thread/INFO]: Un gato galáctico invocará un mob al azar en: 5
[23:19:12] [Server thread/INFO]: Un gato galáctico invocará un mob al azar en: 5
[23:19:12] [Server thread/INFO]: Un gato galáctico invocará un mob al azar en: 5
[23:19:12] [Server thread/INFO]: Un gato galáctico invocará un mob al azar en: 5
[23:19:12] [Server thread/INFO]: Un gato galáctico invocará un mob al azar en: 5
[23:19:12] [Server thread/INFO]: Un gato galáctico invocará un mob al azar en: 5
[23:19:12] [Server thread/INFO]: Un gato galáctico invocará un mob al azar en: 5
[23:19:12] [Server thread/INFO]: Un gato galáctico invocará un mob al azar en: 5
[23:19:12] [Server thread/INFO]: Un gato galáctico invocará un mob al azar en: 5
[23:19:12] [Server thread/INFO]: Un gato galáctico invocará un mob al azar en: 5
[23:19:12] [Server thread/INFO]: Un gato galáctico invocará un mob al azar en: 5
[23:19:12] [Server thread/INFO]: Un gato galáctico invocará un mob al azar en: 5
[23:19:12] [Server thread/INFO]: Un gato galáctico invocará un mob al azar en: 5
[23:19:12] [Server thread/INFO]: Un gato galáctico invocará un mob al azar en: 5
[23:19:12] [Server thread/INFO]: Un gato galáctico invocará un mob al azar en: 5
[23:19:12] [Server thread/INFO]: Un gato galáctico invocará un mob al azar en: 5
[23:19:12] [Server thread/INFO]: Un gato galáctico invocará un mob al azar en: 5
[23:19:12] [Server thread/INFO]: Un gato galáctico invocará un mob al azar en: 5
[23:19:12] [Server thread/INFO]: Un gato galáctico invocará un mob al azar en: 5
[23:19:12] [Server thread/INFO]: Un gato galáctico invocará un mob al azar en: 5
[23:19:12] [Server thread/INFO]: Un gato galáctico invocará un mob al azar en: 5
[23:19:12] [Server thread/INFO]: Un gato galáctico invocará un mob al azar en: 5
[23:19:12] [Server thread/INFO]: Un gato galáctico invocará un mob al azar en: 5
[23:19:12] [Server thread/INFO]: Un gato galáctico invocará un mob al azar en: 5
[23:19:12] [Server thread/INFO]: Un gato galáctico invocará un mob al azar en: 5
[23:19:12] [Server thread/INFO]: Un gato galáctico invocará un mob al azar en: 5
[23:19:12] [Server thread/INFO]: Un gato galáctico invocará un mob al azar en: 5
[23:19:12] [Server thread/INFO]: Un gato galáctico invocará un mob al azar en: 5
[23:19:12] [Server thread/INFO]: Un gato galáctico invocará un mob al azar en: 5
[23:19:12] [Server thread/INFO]: Un gato galáctico invocará un mob al azar en: 5
[23:19:12] [Server thread/INFO]: Un gato galáctico invocará un mob al azar en: 5
[23:19:12] [Server thread/INFO]: Un gato galáctico invocará un mob al azar en: 5
[23:19:12] [Server thread/INFO]: Un gato galáctico invocará un mob al azar en: 5
[23:19:12] [Server thread/INFO]: Un gato galáctico invocará un mob al azar en: 5
[23:19:12] [Server thread/INFO]: Un gato galáctico invocará un mob al azar en: 5
[23:19:12] [Server thread/INFO]: Un gato galáctico invocará un mob al azar en: 5
[23:19:12] [Server thread/INFO]: Un gato galáctico invocará un mob al azar en: 5
[23:19:12] [Server thread/INFO]: Un gato galáctico invocará un mob al azar en: 5
[23:19:13] [Server thread/INFO]: Un gato galáctico invocará un mob al azar en: 4
[23:19:13] [Server thread/INFO]: Un gato galáctico invocará un mob al azar en: 4
[23:19:13] [Server thread/INFO]: Un gato galáctico invocará un mob al azar en: 4
[23:19:13] [Server thread/INFO]: Un gato galáctico invocará un mob al azar en: 4
[23:19:13] [Server thread/INFO]: Un gato galáctico invocará un mob al azar en: 4
[23:19:13] [Server thread/INFO]: Un gato galáctico invocará un mob al azar en: 4
[23:19:13] [Server thread/INFO]: Un gato galáctico invocará un mob al azar en: 4
[23:19:13] [Server thread/INFO]: Un gato galáctico invocará un mob al azar en: 4
[23:19:13] [Server thread/INFO]: Un gato galáctico invocará un mob al azar en: 4
[23:19:13] [Server thread/INFO]: Un gato galáctico invocará un mob al azar en: 4
[23:19:13] [Server thread/INFO]: Un gato galáctico invocará un mob al azar en: 4
[23:19:13] [Server thread/INFO]: Un gato galáctico invocará un mob al azar en: 4
[23:19:13] [Server thread/INFO]: Un gato galáctico invocará un mob al azar en: 4
[23:19:13] [Server thread/INFO]: Un gato galáctico invocará un mob al azar en: 4
[23:19:13] [Server thread/INFO]: Un gato galáctico invocará un mob al azar en: 4
[23:19:13] [Server thread/INFO]: Un gato galáctico invocará un mob al azar en: 4
[23:19:13] [Server thread/INFO]: Un gato galáctico invocará un mob al azar en: 4
[23:19:13] [Server thread/INFO]: Un gato galáctico invocará un mob al azar en: 4
[23:19:13] [Server thread/INFO]: Un gato galáctico invocará un mob al azar en: 4
[23:19:13] [Server thread/INFO]: Un gato galáctico invocará un mob al azar en: 4
[23:19:13] [Server thread/INFO]: Un gato galáctico invocará un mob al azar en: 4
[23:19:13] [Server thread/INFO]: Un gato galáctico invocará un mob al azar en: 4
[23:19:13] [Server thread/INFO]: Un gato galáctico invocará un mob al azar en: 4
[23:19:13] [Server thread/INFO]: Un gato galáctico invocará un mob al azar en: 4
[23:19:13] [Server thread/INFO]: Un gato galáctico invocará un mob al azar en: 4
[23:19:13] [Server thread/INFO]: Un gato galáctico invocará un mob al azar en: 4
[23:19:13] [Server thread/INFO]: Un gato galáctico invocará un mob al azar en: 4
[23:19:13] [Server thread/INFO]: Un gato galáctico invocará un mob al azar en: 4
[23:19:13] [Server thread/INFO]: Un gato galáctico invocará un mob al azar en: 4
[23:19:13] [Server thread/INFO]: Un gato galáctico invocará un mob al azar en: 4
[23:19:13] [Server thread/INFO]: Un gato galáctico invocará un mob al azar en: 4
[23:19:13] [Server thread/INFO]: Un gato galáctico invocará un mob al azar en: 4
[23:19:13] [Server thread/INFO]: Un gato galáctico invocará un mob al azar en: 4
[23:19:13] [Server thread/INFO]: Un gato galáctico invocará un mob al azar en: 4
[23:19:13] [Server thread/INFO]: Un gato galáctico invocará un mob al azar en: 4
[23:19:13] [Server thread/INFO]: Un gato galáctico invocará un mob al azar en: 4
[23:19:13] [Server thread/INFO]: Un gato galáctico invocará un mob al azar en: 4
[23:19:13] [Server thread/INFO]: Un gato galáctico invocará un mob al azar en: 4
[23:19:13] [Server thread/INFO]: Un gato galáctico invocará un mob al azar en: 4
[23:19:13] [Server thread/INFO]: Un gato galáctico invocará un mob al azar en: 4
[23:19:13] [Server thread/INFO]: Un gato galáctico invocará un mob al azar en: 4
[23:19:13] [Server thread/INFO]: Un gato galáctico invocará un mob al azar en: 4
[23:19:13] [Server thread/INFO]: Un gato galáctico invocará un mob al azar en: 4
[23:19:13] [Server thread/INFO]: Un gato galáctico invocará un mob al azar en: 4
[23:19:13] [Server thread/INFO]: Un gato galáctico invocará un mob al azar en: 4
[23:19:13] [Server thread/INFO]: Un gato galáctico invocará un mob al azar en: 4
[23:19:13] [Server thread/INFO]: Un gato galáctico invocará un mob al azar en: 4
[23:19:13] [Server thread/INFO]: Un gato galáctico invocará un mob al azar en: 4
[23:19:13] [Server thread/INFO]: Un gato galáctico invocará un mob al azar en: 4
[23:19:13] [Server thread/INFO]: Un gato galáctico invocará un mob al azar en: 4
[23:19:13] [Server thread/INFO]: Un gato galáctico invocará un mob al azar en: 4
[23:19:13] [Server thread/INFO]: Un gato galáctico invocará un mob al azar en: 4
[23:19:13] [Server thread/INFO]: Un gato galáctico invocará un mob al azar en: 4
[23:19:13] [Server thread/INFO]: Un gato galáctico invocará un mob al azar en: 4
[23:19:13] [Server thread/INFO]: Un gato galáctico invocará un mob al azar en: 4
[23:19:13] [Server thread/INFO]: Un gato galáctico invocará un mob al azar en: 4
[23:19:13] [Server thread/INFO]: Un gato galáctico invocará un mob al azar en: 4
[23:19:13] [Server thread/INFO]: Un gato galáctico invocará un mob al azar en: 4
[23:19:13] [Server thread/INFO]: Un gato galáctico invocará un mob al azar en: 4
[23:19:13] [Server thread/INFO]: Un gato galáctico invocará un mob al azar en: 4
[23:19:13] [Server thread/INFO]: Un gato galáctico invocará un mob al azar en: 4
[23:19:13] [Server thread/INFO]: Un gato galáctico invocará un mob al azar en: 4
[23:19:13] [Server thread/INFO]: Un gato galáctico invocará un mob al azar en: 4
[23:19:14] [Server thread/INFO]: Un gato galáctico invocará un mob al azar en: 3
[23:19:14] [Server thread/INFO]: Un gato galáctico invocará un mob al azar en: 3
[23:19:14] [Server thread/INFO]: Un gato galáctico invocará un mob al azar en: 3
[23:19:14] [Server thread/INFO]: Un gato galáctico invocará un mob al azar en: 3
[23:19:14] [Server thread/INFO]: Un gato galáctico invocará un mob al azar en: 3
[23:19:14] [Server thread/INFO]: Un gato galáctico invocará un mob al azar en: 3
[23:19:14] [Server thread/INFO]: Un gato galáctico invocará un mob al azar en: 3
[23:19:14] [Server thread/INFO]: Un gato galáctico invocará un mob al azar en: 3
[23:19:14] [Server thread/INFO]: Un gato galáctico invocará un mob al azar en: 3
[23:19:14] [Server thread/INFO]: Un gato galáctico invocará un mob al azar en: 3
[23:19:14] [Server thread/INFO]: Un gato galáctico invocará un mob al azar en: 3
[23:19:14] [Server thread/INFO]: Un gato galáctico invocará un mob al azar en: 3
[23:19:14] [Server thread/INFO]: Un gato galáctico invocará un mob al azar en: 3
[23:19:14] [Server thread/INFO]: Un gato galáctico invocará un mob al azar en: 3
[23:19:14] [Server thread/INFO]: Un gato galáctico invocará un mob al azar en: 3
[23:19:14] [Server thread/INFO]: Un gato galáctico invocará un mob al azar en: 3
[23:19:14] [Server thread/INFO]: Un gato galáctico invocará un mob al azar en: 3
[23:19:14] [Server thread/INFO]: Un gato galáctico invocará un mob al azar en: 3
[23:19:14] [Server thread/INFO]: Un gato galáctico invocará un mob al azar en: 3
[23:19:14] [Server thread/INFO]: Un gato galáctico invocará un mob al azar en: 3
[23:19:14] [Server thread/INFO]: Un gato galáctico invocará un mob al azar en: 3
[23:19:14] [Server thread/INFO]: Un gato galáctico invocará un mob al azar en: 3
[23:19:14] [Server thread/INFO]: Un gato galáctico invocará un mob al azar en: 3
[23:19:14] [Server thread/INFO]: Un gato galáctico invocará un mob al azar en: 3
[23:19:14] [Server thread/INFO]: Un gato galáctico invocará un mob al azar en: 3
[23:19:14] [Server thread/INFO]: Un gato galáctico invocará un mob al azar en: 3
[23:19:14] [Server thread/INFO]: Un gato galáctico invocará un mob al azar en: 3
[23:19:14] [Server thread/INFO]: Un gato galáctico invocará un mob al azar en: 3
[23:19:14] [Server thread/INFO]: Un gato galáctico invocará un mob al azar en: 3
[23:19:14] [Server thread/INFO]: Un gato galáctico invocará un mob al azar en: 3
[23:19:14] [Server thread/INFO]: Un gato galáctico invocará un mob al azar en: 3
[23:19:14] [Server thread/INFO]: Un gato galáctico invocará un mob al azar en: 3
[23:19:14] [Server thread/INFO]: Un gato galáctico invocará un mob al azar en: 3
[23:19:14] [Server thread/INFO]: Un gato galáctico invocará un mob al azar en: 3
[23:19:14] [Server thread/INFO]: Un gato galáctico invocará un mob al azar en: 3
[23:19:14] [Server thread/INFO]: Un gato galáctico invocará un mob al azar en: 3
[23:19:14] [Server thread/INFO]: Un gato galáctico invocará un mob al azar en: 3
[23:19:14] [Server thread/INFO]: Un gato galáctico invocará un mob al azar en: 3
[23:19:14] [Server thread/INFO]: Un gato galáctico invocará un mob al azar en: 3
[23:19:14] [Server thread/INFO]: Un gato galáctico invocará un mob al azar en: 3
[23:19:14] [Server thread/INFO]: Un gato galáctico invocará un mob al azar en: 3
[23:19:14] [Server thread/INFO]: Un gato galáctico invocará un mob al azar en: 3
[23:19:14] [Server thread/INFO]: Un gato galáctico invocará un mob al azar en: 3
[23:19:14] [Server thread/INFO]: Un gato galáctico invocará un mob al azar en: 3
[23:19:14] [Server thread/INFO]: Un gato galáctico invocará un mob al azar en: 3
[23:19:14] [Server thread/INFO]: Un gato galáctico invocará un mob al azar en: 3
[23:19:14] [Server thread/INFO]: Un gato galáctico invocará un mob al azar en: 3
[23:19:14] [Server thread/INFO]: Un gato galáctico invocará un mob al azar en: 3
[23:19:14] [Server thread/INFO]: Un gato galáctico invocará un mob al azar en: 3
[23:19:14] [Server thread/INFO]: Un gato galáctico invocará un mob al azar en: 3
[23:19:14] [Server thread/INFO]: Un gato galáctico invocará un mob al azar en: 3
[23:19:14] [Server thread/INFO]: Un gato galáctico invocará un mob al azar en: 3
[23:19:14] [Server thread/INFO]: Un gato galáctico invocará un mob al azar en: 3
[23:19:14] [Server thread/INFO]: Un gato galáctico invocará un mob al azar en: 3
[23:19:14] [Server thread/INFO]: Un gato galáctico invocará un mob al azar en: 3
[23:19:14] [Server thread/INFO]: Un gato galáctico invocará un mob al azar en: 3
[23:19:14] [Server thread/INFO]: Un gato galáctico invocará un mob al azar en: 3
[23:19:14] [Server thread/INFO]: Un gato galáctico invocará un mob al azar en: 3
[23:19:14] [Server thread/INFO]: Un gato galáctico invocará un mob al azar en: 3
[23:19:14] [Server thread/INFO]: Un gato galáctico invocará un mob al azar en: 3
[23:19:14] [Server thread/INFO]: Un gato galáctico invocará un mob al azar en: 3
[23:19:14] [Server thread/INFO]: Un gato galáctico invocará un mob al azar en: 3
[23:19:14] [Server thread/INFO]: Un gato galáctico invocará un mob al azar en: 3
[23:19:15] [Server thread/INFO]: Un gato galáctico invocará un mob al azar en: 2
[23:19:15] [Server thread/INFO]: Un gato galáctico invocará un mob al azar en: 2
[23:19:15] [Server thread/INFO]: Un gato galáctico invocará un mob al azar en: 2
[23:19:15] [Server thread/INFO]: Un gato galáctico invocará un mob al azar en: 2
[23:19:15] [Server thread/INFO]: Un gato galáctico invocará un mob al azar en: 2
[23:19:15] [Server thread/INFO]: Un gato galáctico invocará un mob al azar en: 2
[23:19:15] [Server thread/INFO]: Un gato galáctico invocará un mob al azar en: 2
[23:19:15] [Server thread/INFO]: Un gato galáctico invocará un mob al azar en: 2
[23:19:15] [Server thread/INFO]: Un gato galáctico invocará un mob al azar en: 2
[23:19:15] [Server thread/INFO]: Un gato galáctico invocará un mob al azar en: 2
[23:19:15] [Server thread/INFO]: Un gato galáctico invocará un mob al azar en: 2
[23:19:15] [Server thread/INFO]: Un gato galáctico invocará un mob al azar en: 2
[23:19:15] [Server thread/INFO]: Un gato galáctico invocará un mob al azar en: 2
[23:19:15] [Server thread/INFO]: Un gato galáctico invocará un mob al azar en: 2
[23:19:15] [Server thread/INFO]: Un gato galáctico invocará un mob al azar en: 2
[23:19:15] [Server thread/INFO]: Un gato galáctico invocará un mob al azar en: 2
[23:19:15] [Server thread/INFO]: Un gato galáctico invocará un mob al azar en: 2
[23:19:15] [Server thread/INFO]: Un gato galáctico invocará un mob al azar en: 2
[23:19:15] [Server thread/INFO]: Un gato galáctico invocará un mob al azar en: 2
[23:19:15] [Server thread/INFO]: Un gato galáctico invocará un mob al azar en: 2
[23:19:15] [Server thread/INFO]: Un gato galáctico invocará un mob al azar en: 2
[23:19:15] [Server thread/INFO]: Un gato galáctico invocará un mob al azar en: 2
[23:19:15] [Server thread/INFO]: Un gato galáctico invocará un mob al azar en: 2
[23:19:15] [Server thread/INFO]: Un gato galáctico invocará un mob al azar en: 2
[23:19:15] [Server thread/INFO]: Un gato galáctico invocará un mob al azar en: 2
[23:19:15] [Server thread/INFO]: Un gato galáctico invocará un mob al azar en: 2
[23:19:15] [Server thread/INFO]: Un gato galáctico invocará un mob al azar en: 2
[23:19:15] [Server thread/INFO]: Un gato galáctico invocará un mob al azar en: 2
[23:19:15] [Server thread/INFO]: Un gato galáctico invocará un mob al azar en: 2
[23:19:15] [Server thread/INFO]: Un gato galáctico invocará un mob al azar en: 2
[23:19:15] [Server thread/INFO]: Un gato galáctico invocará un mob al azar en: 2
[23:19:15] [Server thread/INFO]: Un gato galáctico invocará un mob al azar en: 2
[23:19:15] [Server thread/INFO]: Un gato galáctico invocará un mob al azar en: 2
[23:19:15] [Server thread/INFO]: Un gato galáctico invocará un mob al azar en: 2
[23:19:15] [Server thread/INFO]: Un gato galáctico invocará un mob al azar en: 2
[23:19:15] [Server thread/INFO]: Un gato galáctico invocará un mob al azar en: 2
[23:19:15] [Server thread/INFO]: Un gato galáctico invocará un mob al azar en: 2
[23:19:15] [Server thread/INFO]: Un gato galáctico invocará un mob al azar en: 2
[23:19:15] [Server thread/INFO]: Un gato galáctico invocará un mob al azar en: 2
[23:19:15] [Server thread/INFO]: Un gato galáctico invocará un mob al azar en: 2
[23:19:15] [Server thread/INFO]: Un gato galáctico invocará un mob al azar en: 2
[23:19:15] [Server thread/INFO]: Un gato galáctico invocará un mob al azar en: 2
[23:19:15] [Server thread/INFO]: Un gato galáctico invocará un mob al azar en: 2
[23:19:15] [Server thread/INFO]: Un gato galáctico invocará un mob al azar en: 2
[23:19:15] [Server thread/INFO]: Un gato galáctico invocará un mob al azar en: 2
[23:19:15] [Server thread/INFO]: Un gato galáctico invocará un mob al azar en: 2
[23:19:15] [Server thread/INFO]: Un gato galáctico invocará un mob al azar en: 2
[23:19:15] [Server thread/INFO]: Un gato galáctico invocará un mob al azar en: 2
[23:19:15] [Server thread/INFO]: Un gato galáctico invocará un mob al azar en: 2
[23:19:15] [Server thread/INFO]: Un gato galáctico invocará un mob al azar en: 2
[23:19:15] [Server thread/INFO]: Un gato galáctico invocará un mob al azar en: 2
[23:19:15] [Server thread/INFO]: Un gato galáctico invocará un mob al azar en: 2
[23:19:15] [Server thread/INFO]: Un gato galáctico invocará un mob al azar en: 2
[23:19:15] [Server thread/INFO]: Un gato galáctico invocará un mob al azar en: 2
[23:19:15] [Server thread/INFO]: Un gato galáctico invocará un mob al azar en: 2
[23:19:15] [Server thread/INFO]: Un gato galáctico invocará un mob al azar en: 2
[23:19:15] [Server thread/INFO]: Un gato galáctico invocará un mob al azar en: 2
[23:19:15] [Server thread/INFO]: Un gato galáctico invocará un mob al azar en: 2
[23:19:15] [Server thread/INFO]: Un gato galáctico invocará un mob al azar en: 2
[23:19:15] [Server thread/INFO]: Un gato galáctico invocará un mob al azar en: 2
[23:19:15] [Server thread/INFO]: Un gato galáctico invocará un mob al azar en: 2
[23:19:15] [Server thread/INFO]: Un gato galáctico invocará un mob al azar en: 2
[23:19:15] [Server thread/INFO]: Un gato galáctico invocará un mob al azar en: 2
[23:19:16] [Server thread/INFO]: Un gato galáctico invocará un mob al azar en: 1
[23:19:16] [Server thread/INFO]: Un gato galáctico ha invicado un(a) Wither Skeleton Emperador (32.5, 236.0, -180.5
[23:19:16] [Server thread/INFO]: Un gato galáctico invocará un mob al azar en: 1
[23:19:16] [Server thread/INFO]: Un gato galáctico ha invicado un(a) Ultra Ravager (32.5, 236.0, -180.5
[23:19:16] [Server thread/INFO]: Un gato galáctico invocará un mob al azar en: 1
[23:19:16] [Server thread/INFO]: Un gato galáctico ha invicado un(a) Wither Skeleton Emperador (32.5, 236.0, -180.5
[23:19:16] [Server thread/INFO]: Un gato galáctico invocará un mob al azar en: 1
[23:19:16] [Server thread/INFO]: Un gato galáctico ha invicado un(a) Gigante (32.5, 236.0, -180.5
[23:19:16] [Server thread/INFO]: Un gato galáctico invocará un mob al azar en: 1
[23:19:16] [Server thread/INFO]: Un gato galáctico ha invicado un(a) Shulker Tnt (32.5, 236.0, -180.5
[23:19:16] [Server thread/INFO]: Un gato galáctico invocará un mob al azar en: 1
[23:19:16] [Server thread/INFO]: Un gato galáctico ha invicado un(a) Wither Skeleton Emperador (32.5, 236.0, -180.5
[23:19:16] [Server thread/INFO]: Un gato galáctico invocará un mob al azar en: 1
[23:19:16] [Server thread/INFO]: Un gato galáctico ha invicado un(a) Gigante (32.5, 236.0, -180.5
[23:19:16] [Server thread/INFO]: Un gato galáctico invocará un mob al azar en: 1
[23:19:16] [Server thread/INFO]: Un gato galáctico ha invicado un(a) Araña con Efectos (32.5, 236.0, -180.5
[23:19:16] [Server thread/INFO]: Un gato galáctico invocará un mob al azar en: 1
[23:19:16] [Server thread/INFO]: Un gato supernova va a explotar en: 32 236 -181 (world).
[23:19:16] [Server thread/INFO]: Un gato galáctico ha invicado un(a) Gato Supernova (32.5, 236.0, -180.5
[23:19:16] [Server thread/INFO]: Un gato galáctico invocará un mob al azar en: 1
[23:19:16] [Server thread/INFO]: Un gato galáctico ha invicado un(a) Silverfish de la Muerte (32.5, 236.0, -180.5
[23:19:16] [Server thread/INFO]: Un gato galáctico invocará un mob al azar en: 1
[23:19:16] [Server thread/INFO]: Un gato galáctico ha invicado un(a) Ultra Ravager (32.5, 236.0, -180.5
[23:19:16] [Server thread/INFO]: Un gato galáctico invocará un mob al azar en: 1
[23:19:16] [Server thread/INFO]: Un gato galáctico ha invicado un(a) Endermite Misterioso (32.5, 236.0, -180.5
[23:19:16] [Server thread/INFO]: Un gato galáctico invocará un mob al azar en: 1
[23:19:16] [Server thread/INFO]: Un gato galáctico ha invicado un(a) Bruja Imposible (32.5, 236.0, -180.5
[23:19:16] [Server thread/INFO]: Un gato galáctico invocará un mob al azar en: 1
[23:19:16] [Server thread/INFO]: Un gato galáctico ha invicado un(a) Endermite Misterioso (32.5, 236.0, -180.5
[23:19:16] [Server thread/INFO]: Un gato galáctico invocará un mob al azar en: 1
[23:19:16] [Server thread/INFO]: Un gato galáctico ha invicado un(a) Endermite Misterioso (32.5, 236.0, -180.5
[23:19:16] [Server thread/INFO]: Un gato galáctico invocará un mob al azar en: 1
[23:19:16] [Server thread/INFO]: Un gato galáctico ha invicado un(a) Giga Slime (32.5, 236.0, -180.5
[23:19:16] [Server thread/INFO]: Un gato galáctico invocará un mob al azar en: 1
[23:19:16] [Server thread/INFO]: Un gato galáctico ha invicado un(a) Quantum Creeper (32.5, 236.0, -180.5
[23:19:16] [Server thread/INFO]: Un gato galáctico invocará un mob al azar en: 1
[23:19:16] [Server thread/INFO]: Un gato galáctico ha invicado un(a) Giga Slime (32.5, 236.0, -180.5
[23:19:16] [Server thread/INFO]: Un gato galáctico invocará un mob al azar en: 1
[23:19:16] [Server thread/INFO]: Un gato galáctico ha invicado un(a) Pufferfish invulnerable (32.5, 236.0, -180.5
[23:19:16] [Server thread/INFO]: Un gato galáctico invocará un mob al azar en: 1
[23:19:16] [Server thread/INFO]: Un gato galáctico ha invicado un(a) Bruja Imposible (32.5, 236.0, -180.5
[23:19:16] [Server thread/INFO]: Un gato galáctico invocará un mob al azar en: 1
[23:19:16] [Server thread/INFO]: Un gato galáctico ha invicado un(a) Bruja Imposible (32.5, 236.0, -180.5
[23:19:16] [Server thread/INFO]: Un gato galáctico invocará un mob al azar en: 1
[23:19:16] [Server thread/INFO]: Un gato galáctico ha invicado un(a) Giga Phantom (32.5, 236.0, -180.5
[23:19:16] [Server thread/INFO]: Un gato galáctico invocará un mob al azar en: 1
[23:19:16] [Server thread/INFO]: Un gato galáctico ha invicado un(a) Giga Phantom (32.5, 236.0, -180.5
[23:19:16] [Server thread/INFO]: Un gato galáctico invocará un mob al azar en: 1
[23:19:16] [Server thread/INFO]: Un gato galáctico ha invicado un(a) Shulker Tnt (32.5, 236.0, -180.5
[23:19:16] [Server thread/INFO]: Un gato galáctico invocará un mob al azar en: 1
[23:19:16] [Server thread/INFO]: Un gato galáctico ha invicado un(a) Endermite Misterioso (32.5, 236.0, -180.5
[23:19:16] [Server thread/INFO]: Un gato galáctico invocará un mob al azar en: 1
[23:19:16] [Server thread/INFO]: Un gato galáctico ha invicado un(a) Araña con Efectos (32.5, 236.0, -180.5
[23:19:16] [Server thread/INFO]: Un gato galáctico invocará un mob al azar en: 1
[23:19:16] [Server thread/INFO]: Un gato galáctico ha invicado un(a) Giga Phantom (32.5, 236.0, -180.5
[23:19:16] [Server thread/INFO]: Un gato galáctico invocará un mob al azar en: 1
[23:19:16] [Server thread/INFO]: Un gato galáctico ha invicado un(a) Ultra Ravager (32.5, 236.0, -180.5
[23:19:16] [Server thread/INFO]: Un gato galáctico invocará un mob al azar en: 1
[23:19:16] [Server thread/INFO]: Un gato galáctico ha invicado un(a) Araña con Efectos (32.5, 236.0, -180.5
[23:19:16] [Server thread/INFO]: Un gato galáctico invocará un mob al azar en: 1
[23:19:16] [Server thread/INFO]: Un gato galáctico ha invicado un(a) Silverfish de la Muerte (32.5, 236.0, -180.5
[23:19:16] [Server thread/INFO]: Un gato galáctico invocará un mob al azar en: 1
[23:19:16] [Server thread/INFO]: Un gato galáctico ha invicado un(a) Wither Skeleton Emperador (32.5, 236.0, -180.5
[23:19:16] [Server thread/INFO]: Un gato galáctico invocará un mob al azar en: 1
[23:19:16] [Server thread/INFO]: Un gato galáctico ha invicado un(a) Ultra Ravager (32.5, 236.0, -180.5
[23:19:16] [Server thread/INFO]: Un gato galáctico invocará un mob al azar en: 1
[23:19:16] [Server thread/INFO]: Un gato galáctico ha invicado un(a) Ender Ghast (32.5, 236.0, -180.5
[23:19:16] [Server thread/INFO]: Un gato galáctico invocará un mob al azar en: 1
[23:19:16] [Server thread/INFO]: Un gato galáctico ha invicado un(a) Pufferfish invulnerable (32.5, 236.0, -180.5
[23:19:16] [Server thread/INFO]: Un gato galáctico invocará un mob al azar en: 1
[23:19:16] [Server thread/INFO]: Un gato galáctico ha invicado un(a) Bruja Imposible (32.5, 236.0, -180.5
[23:19:16] [Server thread/INFO]: Un gato galáctico invocará un mob al azar en: 1
[23:19:16] [Server thread/INFO]: Un gato galáctico ha invicado un(a) Permadeath Demon (32.5, 236.0, -180.5
[23:19:16] [Server thread/INFO]: Un gato galáctico invocará un mob al azar en: 1
[23:19:16] [Server thread/INFO]: Un gato galáctico ha invicado un(a) Ghast Demoníaco (32.5, 236.0, -180.5
[23:19:16] [Server thread/INFO]: Un gato galáctico invocará un mob al azar en: 1
[23:19:16] [Server thread/INFO]: Un gato galáctico ha invicado un(a) Gigante (32.5, 236.0, -180.5
[23:19:16] [Server thread/INFO]: Un gato galáctico invocará un mob al azar en: 1
[23:19:16] [Server thread/INFO]: Un gato galáctico ha invicado un(a) Permadeath Demon (32.5, 236.0, -180.5
[23:19:16] [Server thread/INFO]: Un gato galáctico invocará un mob al azar en: 1
[23:19:16] [Server thread/INFO]: Un gato galáctico ha invicado un(a) Giga Slime (32.5, 236.0, -180.5
[23:19:16] [Server thread/INFO]: Un gato galáctico invocará un mob al azar en: 1
[23:19:16] [Server thread/INFO]: Un gato galáctico ha invicado un(a) Bruja Imposible (32.5, 236.0, -180.5
[23:19:16] [Server thread/INFO]: Un gato galáctico invocará un mob al azar en: 1
[23:19:16] [Server thread/INFO]: Un gato galáctico ha invicado un(a) Permadeath Demon (32.5, 236.0, -180.5
[23:19:16] [Server thread/INFO]: Un gato galáctico invocará un mob al azar en: 1
[23:19:16] [Server thread/INFO]: Un gato galáctico ha invicado un(a) Silverfish de la Muerte (32.5, 236.0, -180.5
[23:19:16] [Server thread/INFO]: Un gato galáctico invocará un mob al azar en: 1
[23:19:16] [Server thread/INFO]: Un gato galáctico ha invicado un(a) Demonio Flotante (32.5, 236.0, -180.5
[23:19:16] [Server thread/INFO]: Un gato galáctico invocará un mob al azar en: 1
[23:19:16] [Server thread/INFO]: Un gato galáctico ha invicado un(a) Gato Supernova (32.5, 236.0, -180.5
[23:19:16] [Server thread/INFO]: Un gato galáctico invocará un mob al azar en: 1
[23:19:16] [Server thread/INFO]: Un gato galáctico ha invicado un(a) Ultra Ravager (32.5, 236.0, -180.5
[23:19:16] [Server thread/INFO]: Un gato galáctico invocará un mob al azar en: 1
[23:19:16] [Server thread/INFO]: Un gato galáctico ha invicado un(a) Pufferfish invulnerable (32.5, 236.0, -180.5
[23:19:16] [Server thread/INFO]: Un gato galáctico invocará un mob al azar en: 1
[23:19:16] [Server thread/INFO]: Un gato galáctico ha invicado un(a) Giga MagmaCube (32.5, 236.0, -180.5
[23:19:16] [Server thread/INFO]: Un gato galáctico invocará un mob al azar en: 1
[23:19:16] [Server thread/INFO]: Un gato galáctico ha invicado un(a) Ultra Ravager (32.5, 236.0, -180.5
[23:19:16] [Server thread/INFO]: Un gato galáctico invocará un mob al azar en: 1
[23:19:16] [Server thread/INFO]: Un gato galáctico ha invicado un(a) Araña con Efectos (32.5, 236.0, -180.5
[23:19:16] [Server thread/INFO]: Un gato galáctico invocará un mob al azar en: 1
[23:19:16] [Server thread/INFO]: Un gato galáctico ha invicado un(a) Giga Phantom (32.5, 236.0, -180.5
[23:19:16] [Server thread/INFO]: Un gato galáctico invocará un mob al azar en: 1
[23:19:16] [Server thread/INFO]: Un gato galáctico ha invicado un(a) Bruja Imposible (32.5, 236.0, -180.5
[23:19:16] [Server thread/INFO]: Un gato galáctico invocará un mob al azar en: 1
[23:19:16] [Server thread/INFO]: Un gato galáctico ha invicado un(a) Araña con Efectos (32.5, 236.0, -180.5
[23:19:16] [Server thread/INFO]: Un gato galáctico invocará un mob al azar en: 1
[23:19:16] [Server thread/INFO]: Un gato galáctico ha invicado un(a) Gigante (32.5, 236.0, -180.5
[23:19:16] [Server thread/INFO]: Un gato galáctico invocará un mob al azar en: 1
[23:19:16] [Server thread/INFO]: Un gato galáctico ha invicado un(a) Ghast Demoníaco (32.5, 236.0, -180.5
[23:19:16] [Server thread/INFO]: Un gato galáctico invocará un mob al azar en: 1
[23:19:16] [Server thread/INFO]: Un gato galáctico ha invicado un(a) Ghast Demoníaco (32.5, 236.0, -180.5
[23:19:16] [Server thread/INFO]: Un gato galáctico invocará un mob al azar en: 1
[23:19:16] [Server thread/INFO]: Un gato galáctico ha invicado un(a) Ender Ghast (32.5, 236.0, -180.5
[23:19:16] [Server thread/INFO]: Un gato galáctico invocará un mob al azar en: 1
[23:19:16] [Server thread/INFO]: Un gato galáctico ha invicado un(a) Ender Ghast (32.5, 236.0, -180.5
[23:19:16] [Server thread/INFO]: Un gato galáctico invocará un mob al azar en: 1
[23:19:16] [Server thread/INFO]: Un gato galáctico ha invicado un(a) Permadeath Demon (32.5, 236.0, -180.5
[23:19:16] [Server thread/INFO]: Un gato galáctico invocará un mob al azar en: 1
[23:19:16] [Server thread/INFO]: Un gato galáctico ha invicado un(a) Pufferfish invulnerable (32.5, 236.0, -180.5
[23:19:16] [Server thread/INFO]: Un gato galáctico invocará un mob al azar en: 1
[23:19:16] [Server thread/INFO]: Un gato galáctico ha invicado un(a) Silverfish de la Muerte (32.5, 236.0, -180.5
[23:19:16] [Server thread/INFO]: Un gato galáctico invocará un mob al azar en: 1
[23:19:16] [Server thread/INFO]: Un gato galáctico ha invicado un(a) Endermite Misterioso (32.5, 236.0, -180.5
[23:19:16] [Server thread/INFO]: Un gato galáctico invocará un mob al azar en: 1
[23:19:16] [Server thread/INFO]: Un gato galáctico ha invicado un(a) Giga Phantom (32.5, 236.0, -180.5
[23:19:20] [Async Chat Thread - #13/INFO]: <TTottaly_RED> xddd
[23:19:55] [Async Chat Thread - #13/INFO]: <TTottaly_RED> oe xdd
[23:19:58] [Async Chat Thread - #13/INFO]: <TTottaly_RED> ssisi
[23:20:27] [Server thread/INFO]: La maldición de un Gato Galáctico ha comenzado en: 12, 237, -165
[23:20:27] [Server thread/INFO]: La maldición de un Gato Galáctico ha comenzado en: 12, 237, -165
[23:20:27] [Server thread/INFO]: La maldición de un Gato Galáctico ha comenzado en: 12, 237, -165
[23:20:27] [Server thread/INFO]: La maldición de un Gato Galáctico ha comenzado en: 12, 237, -165
[23:20:27] [Server thread/INFO]: La maldición de un Gato Galáctico ha comenzado en: 12, 237, -165
[23:20:27] [Server thread/INFO]: La maldición de un Gato Galáctico ha comenzado en: 12, 237, -165
[23:20:27] [Server thread/INFO]: La maldición de un Gato Galáctico ha comenzado en: 12, 237, -165
[23:20:27] [Server thread/INFO]: La maldición de un Gato Galáctico ha comenzado en: 12, 237, -165
[23:20:27] [Server thread/INFO]: La maldición de un Gato Galáctico ha comenzado en: 12, 237, -165
[23:20:27] [Server thread/INFO]: La maldición de un Gato Galáctico ha comenzado en: 12, 237, -165
[23:20:27] [Server thread/INFO]: La maldición de un Gato Galáctico ha comenzado en: 12, 237, -165
[23:20:27] [Server thread/INFO]: La maldición de un Gato Galáctico ha comenzado en: 12, 237, -165
[23:20:27] [Server thread/INFO]: La maldición de un Gato Galáctico ha comenzado en: 12, 237, -165
[23:20:27] [Server thread/INFO]: La maldición de un Gato Galáctico ha comenzado en: 12, 237, -165
[23:20:27] [Server thread/INFO]: La maldición de un Gato Galáctico ha comenzado en: 12, 237, -165
[23:20:27] [Server thread/INFO]: La maldición de un Gato Galáctico ha comenzado en: 12, 237, -165
[23:20:27] [Server thread/INFO]: La maldición de un Gato Galáctico ha comenzado en: 12, 237, -165
[23:20:27] [Server thread/INFO]: La maldición de un Gato Galáctico ha comenzado en: 12, 237, -165
[23:20:27] [Server thread/INFO]: La maldición de un Gato Galáctico ha comenzado en: 12, 237, -165
[23:20:27] [Server thread/INFO]: La maldición de un Gato Galáctico ha comenzado en: 12, 237, -165
[23:20:27] [Server thread/INFO]: La maldición de un Gato Galáctico ha comenzado en: 12, 237, -165
[23:20:27] [Server thread/INFO]: La maldición de un Gato Galáctico ha comenzado en: 12, 237, -165
[23:20:27] [Server thread/INFO]: La maldición de un Gato Galáctico ha comenzado en: 12, 237, -165
[23:20:27] [Server thread/INFO]: La maldición de un Gato Galáctico ha comenzado en: 12, 237, -165
[23:20:27] [Server thread/INFO]: La maldición de un Gato Galáctico ha comenzado en: 12, 237, -165
[23:20:27] [Server thread/INFO]: La maldición de un Gato Galáctico ha comenzado en: 12, 237, -165
[23:20:27] [Server thread/INFO]: La maldición de un Gato Galáctico ha comenzado en: 12, 237, -165
[23:20:27] [Server thread/INFO]: La maldición de un Gato Galáctico ha comenzado en: 12, 237, -165
[23:20:27] [Server thread/INFO]: La maldición de un Gato Galáctico ha comenzado en: 12, 237, -165
[23:20:27] [Server thread/INFO]: La maldición de un Gato Galáctico ha comenzado en: 12, 237, -165
[23:20:27] [Server thread/INFO]: La maldición de un Gato Galáctico ha comenzado en: 12, 237, -165
[23:20:27] [Server thread/INFO]: La maldición de un Gato Galáctico ha comenzado en: 12, 237, -165
[23:20:27] [Server thread/INFO]: La maldición de un Gato Galáctico ha comenzado en: 12, 237, -165
[23:20:27] [Server thread/INFO]: La maldición de un Gato Galáctico ha comenzado en: 12, 237, -165
[23:20:27] [Server thread/INFO]: La maldición de un Gato Galáctico ha comenzado en: 12, 237, -165
[23:20:27] [Server thread/INFO]: La maldición de un Gato Galáctico ha comenzado en: 12, 237, -165
[23:20:27] [Server thread/INFO]: La maldición de un Gato Galáctico ha comenzado en: 12, 237, -165
[23:20:27] [Server thread/INFO]: La maldición de un Gato Galáctico ha comenzado en: 12, 237, -165
[23:20:27] [Server thread/INFO]: La maldición de un Gato Galáctico ha comenzado en: 12, 237, -165
[23:20:27] [Server thread/INFO]: La maldición de un Gato Galáctico ha comenzado en: 12, 237, -165
[23:20:27] [Server thread/INFO]: La maldición de un Gato Galáctico ha comenzado en: 12, 237, -165
[23:20:27] [Server thread/INFO]: La maldición de un Gato Galáctico ha comenzado en: 12, 237, -165
[23:20:27] [Server thread/INFO]: La maldición de un Gato Galáctico ha comenzado en: 12, 237, -165
[23:20:27] [Server thread/INFO]: La maldición de un Gato Galáctico ha comenzado en: 12, 237, -165
[23:20:27] [Server thread/INFO]: La maldición de un Gato Galáctico ha comenzado en: 12, 237, -165
[23:20:27] [Server thread/INFO]: La maldición de un Gato Galáctico ha comenzado en: 12, 237, -165
[23:20:27] [Server thread/INFO]: La maldición de un Gato Galáctico ha comenzado en: 12, 237, -165
[23:20:27] [Server thread/INFO]: La maldición de un Gato Galáctico ha comenzado en: 12, 237, -165
[23:20:27] [Server thread/INFO]: La maldición de un Gato Galáctico ha comenzado en: 12, 237, -165
[23:20:27] [Server thread/INFO]: La maldición de un Gato Galáctico ha comenzado en: 12, 237, -165
[23:20:27] [Server thread/INFO]: La maldición de un Gato Galáctico ha comenzado en: 12, 237, -165
[23:20:27] [Server thread/INFO]: La maldición de un Gato Galáctico ha comenzado en: 12, 237, -165
[23:20:27] [Server thread/INFO]: La maldición de un Gato Galáctico ha comenzado en: 12, 237, -165
[23:20:27] [Server thread/INFO]: La maldición de un Gato Galáctico ha comenzado en: 12, 237, -165
[23:20:27] [Server thread/INFO]: La maldición de un Gato Galáctico ha comenzado en: 12, 237, -165
[23:20:27] [Server thread/INFO]: La maldición de un Gato Galáctico ha comenzado en: 12, 237, -165
[23:20:27] [Server thread/INFO]: La maldición de un Gato Galáctico ha comenzado en: 12, 237, -165
[23:20:27] [Server thread/INFO]: La maldición de un Gato Galáctico ha comenzado en: 12, 237, -165
[23:20:27] [Server thread/INFO]: La maldición de un Gato Galáctico ha comenzado en: 12, 237, -165
[23:20:27] [Server thread/INFO]: La maldición de un Gato Galáctico ha comenzado en: 12, 237, -165
[23:20:27] [Server thread/INFO]: La maldición de un Gato Galáctico ha comenzado en: 12, 237, -165
[23:20:27] [Server thread/INFO]: La maldición de un Gato Galáctico ha comenzado en: 12, 237, -165
[23:20:27] [Server thread/INFO]: La maldición de un Gato Galáctico ha comenzado en: 12, 237, -165
[23:20:27] [Server thread/INFO]: La maldición de un Gato Galáctico ha comenzado en: 12, 237, -165
[23:20:27] [Server thread/INFO]: La maldición de un Gato Galáctico ha comenzado en: 12, 237, -165
[23:20:27] [Server thread/INFO]: La maldición de un Gato Galáctico ha comenzado en: 12, 237, -165
[23:20:27] [Server thread/INFO]: La maldición de un Gato Galáctico ha comenzado en: 12, 237, -165
[23:20:27] [Server thread/INFO]: La maldición de un Gato Galáctico ha comenzado en: 12, 237, -165
[23:20:27] [Server thread/INFO]: La maldición de un Gato Galáctico ha comenzado en: 12, 237, -165
[23:20:27] [Server thread/INFO]: La maldición de un Gato Galáctico ha comenzado en: 12, 237, -165
[23:20:27] [Server thread/INFO]: La maldición de un Gato Galáctico ha comenzado en: 12, 237, -165
[23:20:27] [Server thread/INFO]: La maldición de un Gato Galáctico ha comenzado en: 12, 237, -165
[23:20:27] [Server thread/INFO]: La maldición de un Gato Galáctico ha comenzado en: 12, 237, -165
[23:20:27] [Server thread/INFO]: La maldición de un Gato Galáctico ha comenzado en: 12, 237, -165
[23:20:27] [Server thread/INFO]: La maldición de un Gato Galáctico ha comenzado en: 12, 237, -165
[23:20:27] [Server thread/INFO]: La maldición de un Gato Galáctico ha comenzado en: 12, 237, -165
[23:20:27] [Server thread/INFO]: La maldición de un Gato Galáctico ha comenzado en: 12, 237, -165
[23:20:27] [Server thread/INFO]: La maldición de un Gato Galáctico ha comenzado en: 12, 237, -165
[23:20:27] [Server thread/INFO]: La maldición de un Gato Galáctico ha comenzado en: 12, 237, -165
[23:20:27] [Server thread/INFO]: La maldición de un Gato Galáctico ha comenzado en: 12, 237, -165
[23:20:27] [Server thread/INFO]: La maldición de un Gato Galáctico ha comenzado en: 12, 237, -165
[23:20:27] [Server thread/INFO]: La maldición de un Gato Galáctico ha comenzado en: 12, 237, -165
[23:20:27] [Server thread/INFO]: La maldición de un Gato Galáctico ha comenzado en: 12, 237, -165
[23:20:27] [Server thread/INFO]: La maldición de un Gato Galáctico ha comenzado en: 12, 237, -165
[23:20:27] [Server thread/INFO]: La maldición de un Gato Galáctico ha comenzado en: 12, 237, -165
[23:20:27] [Server thread/INFO]: La maldición de un Gato Galáctico ha comenzado en: 12, 237, -165
[23:20:27] [Server thread/INFO]: La maldición de un Gato Galáctico ha comenzado en: 12, 237, -165
[23:20:27] [Server thread/INFO]: La maldición de un Gato Galáctico ha comenzado en: 12, 237, -165
[23:20:27] [Server thread/INFO]: La maldición de un Gato Galáctico ha comenzado en: 12, 237, -165
[23:20:27] [Server thread/INFO]: La maldición de un Gato Galáctico ha comenzado en: 12, 237, -165
[23:20:27] [Server thread/INFO]: La maldición de un Gato Galáctico ha comenzado en: 12, 237, -165
[23:20:27] [Server thread/INFO]: La maldición de un Gato Galáctico ha comenzado en: 12, 237, -165
[23:20:27] [Server thread/INFO]: La maldición de un Gato Galáctico ha comenzado en: 12, 237, -165
[23:20:27] [Server thread/INFO]: La maldición de un Gato Galáctico ha comenzado en: 12, 237, -165
[23:20:27] [Server thread/INFO]: La maldición de un Gato Galáctico ha comenzado en: 12, 237, -165
[23:20:27] [Server thread/INFO]: La maldición de un Gato Galáctico ha comenzado en: 12, 237, -165
[23:20:27] [Server thread/INFO]: La maldición de un Gato Galáctico ha comenzado en: 12, 237, -165
[23:20:27] [Server thread/INFO]: La maldición de un Gato Galáctico ha comenzado en: 12, 237, -165
[23:20:27] [Server thread/INFO]: La maldición de un Gato Galáctico ha comenzado en: 12, 237, -165
[23:20:27] [Server thread/INFO]: La maldición de un Gato Galáctico ha comenzado en: 12, 237, -165
[23:20:27] [Server thread/INFO]: La maldición de un Gato Galáctico ha comenzado en: 12, 237, -165
[23:20:27] [Server thread/INFO]: La maldición de un Gato Galáctico ha comenzado en: 12, 237, -165
[23:20:27] [Server thread/INFO]: La maldición de un Gato Galáctico ha comenzado en: 12, 237, -165
[23:20:27] [Server thread/INFO]: La maldición de un Gato Galáctico ha comenzado en: 12, 237, -165
[23:20:27] [Server thread/INFO]: La maldición de un Gato Galáctico ha comenzado en: 12, 237, -165
[23:20:27] [Server thread/INFO]: La maldición de un Gato Galáctico ha comenzado en: 12, 237, -165
[23:20:27] [Server thread/INFO]: La maldición de un Gato Galáctico ha comenzado en: 12, 237, -165
[23:20:27] [Server thread/INFO]: La maldición de un Gato Galáctico ha comenzado en: 12, 237, -165
[23:20:27] [Server thread/INFO]: La maldición de un Gato Galáctico ha comenzado en: 12, 237, -165
[23:20:27] [Server thread/INFO]: La maldición de un Gato Galáctico ha comenzado en: 12, 237, -165
[23:20:27] [Server thread/INFO]: La maldición de un Gato Galáctico ha comenzado en: 12, 237, -165
[23:20:27] [Server thread/INFO]: La maldición de un Gato Galáctico ha comenzado en: 12, 237, -165
[23:20:27] [Server thread/INFO]: La maldición de un Gato Galáctico ha comenzado en: 12, 237, -165
[23:20:27] [Server thread/INFO]: La maldición de un Gato Galáctico ha comenzado en: 12, 237, -165
[23:20:27] [Server thread/INFO]: La maldición de un Gato Galáctico ha comenzado en: 12, 237, -165
[23:20:27] [Server thread/INFO]: Un gato galáctico invocará un mob al azar en: 5
[23:20:27] [Server thread/INFO]: Un gato galáctico invocará un mob al azar en: 5
[23:20:27] [Server thread/INFO]: Un gato galáctico invocará un mob al azar en: 5
[23:20:27] [Server thread/INFO]: Un gato galáctico invocará un mob al azar en: 5
[23:20:27] [Server thread/INFO]: Un gato galáctico invocará un mob al azar en: 5
[23:20:27] [Server thread/INFO]: Un gato galáctico invocará un mob al azar en: 5
[23:20:27] [Server thread/INFO]: Un gato galáctico invocará un mob al azar en: 5
[23:20:27] [Server thread/INFO]: Un gato galáctico invocará un mob al azar en: 5
[23:20:27] [Server thread/INFO]: Un gato galáctico invocará un mob al azar en: 5
[23:20:27] [Server thread/INFO]: Un gato galáctico invocará un mob al azar en: 5
[23:20:27] [Server thread/INFO]: Un gato galáctico invocará un mob al azar en: 5
[23:20:27] [Server thread/INFO]: Un gato galáctico invocará un mob al azar en: 5
[23:20:27] [Server thread/INFO]: Un gato galáctico invocará un mob al azar en: 5
[23:20:27] [Server thread/INFO]: Un gato galáctico invocará un mob al azar en: 5
[23:20:27] [Server thread/INFO]: Un gato galáctico invocará un mob al azar en: 5
[23:20:27] [Server thread/INFO]: Un gato galáctico invocará un mob al azar en: 5
[23:20:27] [Server thread/INFO]: Un gato galáctico invocará un mob al azar en: 5
[23:20:27] [Server thread/INFO]: Un gato galáctico invocará un mob al azar en: 5
[23:20:27] [Server thread/INFO]: Un gato galáctico invocará un mob al azar en: 5
[23:20:27] [Server thread/INFO]: Un gato galáctico invocará un mob al azar en: 5
[23:20:27] [Server thread/INFO]: Un gato galáctico invocará un mob al azar en: 5
[23:20:27] [Server thread/INFO]: Un gato galáctico invocará un mob al azar en: 5
[23:20:27] [Server thread/INFO]: Un gato galáctico invocará un mob al azar en: 5
[23:20:27] [Server thread/INFO]: Un gato galáctico invocará un mob al azar en: 5
[23:20:27] [Server thread/INFO]: Un gato galáctico invocará un mob al azar en: 5
[23:20:27] [Server thread/INFO]: Un gato galáctico invocará un mob al azar en: 5
[23:20:27] [Server thread/INFO]: Un gato galáctico invocará un mob al azar en: 5
[23:20:27] [Server thread/INFO]: Un gato galáctico invocará un mob al azar en: 5
[23:20:27] [Server thread/INFO]: Un gato galáctico invocará un mob al azar en: 5
[23:20:27] [Server thread/INFO]: Un gato galáctico invocará un mob al azar en: 5
[23:20:27] [Server thread/INFO]: Un gato galáctico invocará un mob al azar en: 5
[23:20:27] [Server thread/INFO]: Un gato galáctico invocará un mob al azar en: 5
[23:20:27] [Server thread/INFO]: Un gato galáctico invocará un mob al azar en: 5
[23:20:27] [Server thread/INFO]: Un gato galáctico invocará un mob al azar en: 5
[23:20:27] [Server thread/INFO]: Un gato galáctico invocará un mob al azar en: 5
[23:20:27] [Server thread/INFO]: Un gato galáctico invocará un mob al azar en: 5
[23:20:27] [Server thread/INFO]: Un gato galáctico invocará un mob al azar en: 5
[23:20:27] [Server thread/INFO]: Un gato galáctico invocará un mob al azar en: 5
[23:20:27] [Server thread/INFO]: Un gato galáctico invocará un mob al azar en: 5
[23:20:27] [Server thread/INFO]: Un gato galáctico invocará un mob al azar en: 5
[23:20:27] [Server thread/INFO]: Un gato galáctico invocará un mob al azar en: 5
[23:20:27] [Server thread/INFO]: Un gato galáctico invocará un mob al azar en: 5
[23:20:27] [Server thread/INFO]: Un gato galáctico invocará un mob al azar en: 5
[23:20:27] [Server thread/INFO]: Un gato galáctico invocará un mob al azar en: 5
[23:20:27] [Server thread/INFO]: Un gato galáctico invocará un mob al azar en: 5
[23:20:27] [Server thread/INFO]: Un gato galáctico invocará un mob al azar en: 5
[23:20:27] [Server thread/INFO]: Un gato galáctico invocará un mob al azar en: 5
[23:20:27] [Server thread/INFO]: Un gato galáctico invocará un mob al azar en: 5
[23:20:27] [Server thread/INFO]: Un gato galáctico invocará un mob al azar en: 5
[23:20:27] [Server thread/INFO]: Un gato galáctico invocará un mob al azar en: 5
[23:20:27] [Server thread/INFO]: Un gato galáctico invocará un mob al azar en: 5
[23:20:27] [Server thread/INFO]: Un gato galáctico invocará un mob al azar en: 5
[23:20:27] [Server thread/INFO]: Un gato galáctico invocará un mob al azar en: 5
[23:20:27] [Server thread/INFO]: Un gato galáctico invocará un mob al azar en: 5
[23:20:27] [Server thread/INFO]: Un gato galáctico invocará un mob al azar en: 5
[23:20:27] [Server thread/INFO]: Un gato galáctico invocará un mob al azar en: 5
[23:20:27] [Server thread/INFO]: Un gato galáctico invocará un mob al azar en: 5
[23:20:27] [Server thread/INFO]: Un gato galáctico invocará un mob al azar en: 5
[23:20:27] [Server thread/INFO]: Un gato galáctico invocará un mob al azar en: 5
[23:20:27] [Server thread/INFO]: Un gato galáctico invocará un mob al azar en: 5
[23:20:27] [Server thread/INFO]: Un gato galáctico invocará un mob al azar en: 5
[23:20:27] [Server thread/INFO]: Un gato galáctico invocará un mob al azar en: 5
[23:20:27] [Server thread/INFO]: Un gato galáctico invocará un mob al azar en: 5
[23:20:27] [Server thread/INFO]: Un gato galáctico invocará un mob al azar en: 5
[23:20:27] [Server thread/INFO]: Un gato galáctico invocará un mob al azar en: 5
[23:20:27] [Server thread/INFO]: Un gato galáctico invocará un mob al azar en: 5
[23:20:27] [Server thread/INFO]: Un gato galáctico invocará un mob al azar en: 5
[23:20:27] [Server thread/INFO]: Un gato galáctico invocará un mob al azar en: 5
[23:20:27] [Server thread/INFO]: Un gato galáctico invocará un mob al azar en: 5
[23:20:27] [Server thread/INFO]: Un gato galáctico invocará un mob al azar en: 5
[23:20:27] [Server thread/INFO]: Un gato galáctico invocará un mob al azar en: 5
[23:20:27] [Server thread/INFO]: Un gato galáctico invocará un mob al azar en: 5
[23:20:27] [Server thread/INFO]: Un gato galáctico invocará un mob al azar en: 5
[23:20:27] [Server thread/INFO]: Un gato galáctico invocará un mob al azar en: 5
[23:20:27] [Server thread/INFO]: Un gato galáctico invocará un mob al azar en: 5
[23:20:27] [Server thread/INFO]: Un gato galáctico invocará un mob al azar en: 5
[23:20:27] [Server thread/INFO]: Un gato galáctico invocará un mob al azar en: 5
[23:20:27] [Server thread/INFO]: Un gato galáctico invocará un mob al azar en: 5
[23:20:27] [Server thread/INFO]: Un gato galáctico invocará un mob al azar en: 5
[23:20:27] [Server thread/INFO]: Un gato galáctico invocará un mob al azar en: 5
[23:20:27] [Server thread/INFO]: Un gato galáctico invocará un mob al azar en: 5
[23:20:27] [Server thread/INFO]: Un gato galáctico invocará un mob al azar en: 5
[23:20:27] [Server thread/INFO]: Un gato galáctico invocará un mob al azar en: 5
[23:20:27] [Server thread/INFO]: Un gato galáctico invocará un mob al azar en: 5
[23:20:27] [Server thread/INFO]: Un gato galáctico invocará un mob al azar en: 5
[23:20:27] [Server thread/INFO]: Un gato galáctico invocará un mob al azar en: 5
[23:20:27] [Server thread/INFO]: Un gato galáctico invocará un mob al azar en: 5
[23:20:27] [Server thread/INFO]: Un gato galáctico invocará un mob al azar en: 5
[23:20:27] [Server thread/INFO]: Un gato galáctico invocará un mob al azar en: 5
[23:20:27] [Server thread/INFO]: Un gato galáctico invocará un mob al azar en: 5
[23:20:27] [Server thread/INFO]: Un gato galáctico invocará un mob al azar en: 5
[23:20:27] [Server thread/INFO]: Un gato galáctico invocará un mob al azar en: 5
[23:20:27] [Server thread/INFO]: Un gato galáctico invocará un mob al azar en: 5
[23:20:27] [Server thread/INFO]: Un gato galáctico invocará un mob al azar en: 5
[23:20:27] [Server thread/INFO]: Un gato galáctico invocará un mob al azar en: 5
[23:20:27] [Server thread/INFO]: Un gato galáctico invocará un mob al azar en: 5
[23:20:27] [Server thread/INFO]: Un gato galáctico invocará un mob al azar en: 5
[23:20:27] [Server thread/INFO]: Un gato galáctico invocará un mob al azar en: 5
[23:20:27] [Server thread/INFO]: Un gato galáctico invocará un mob al azar en: 5
[23:20:27] [Server thread/INFO]: Un gato galáctico invocará un mob al azar en: 5
[23:20:27] [Server thread/INFO]: Un gato galáctico invocará un mob al azar en: 5
[23:20:27] [Server thread/INFO]: Un gato galáctico invocará un mob al azar en: 5
[23:20:27] [Server thread/INFO]: Un gato galáctico invocará un mob al azar en: 5
[23:20:27] [Server thread/INFO]: Un gato galáctico invocará un mob al azar en: 5
[23:20:27] [Server thread/INFO]: Un gato galáctico invocará un mob al azar en: 5
[23:20:27] [Server thread/INFO]: Un gato galáctico invocará un mob al azar en: 5
[23:20:27] [Server thread/INFO]: Un gato galáctico invocará un mob al azar en: 5
[23:20:27] [Server thread/INFO]: Un gato galáctico invocará un mob al azar en: 5
[23:20:27] [Server thread/INFO]: Un gato galáctico invocará un mob al azar en: 5
[23:20:27] [Server thread/INFO]: Un gato galáctico invocará un mob al azar en: 5
[23:20:27] [Server thread/INFO]: Un gato galáctico invocará un mob al azar en: 5
[23:20:27] [Server thread/INFO]: Un gato galáctico invocará un mob al azar en: 5
[23:20:27] [Server thread/INFO]: Un gato galáctico invocará un mob al azar en: 5
[23:20:27] [Server thread/INFO]: Un gato galáctico invocará un mob al azar en: 5
[23:20:27] [Server thread/INFO]: Un gato galáctico invocará un mob al azar en: 5
[23:20:28] [Server thread/INFO]: Un gato galáctico invocará un mob al azar en: 4
[23:20:28] [Server thread/INFO]: Un gato galáctico invocará un mob al azar en: 4
[23:20:28] [Server thread/INFO]: Un gato galáctico invocará un mob al azar en: 4
[23:20:28] [Server thread/INFO]: Un gato galáctico invocará un mob al azar en: 4
[23:20:28] [Server thread/INFO]: Un gato galáctico invocará un mob al azar en: 4
[23:20:28] [Server thread/INFO]: Un gato galáctico invocará un mob al azar en: 4
[23:20:28] [Server thread/INFO]: Un gato galáctico invocará un mob al azar en: 4
[23:20:28] [Server thread/INFO]: Un gato galáctico invocará un mob al azar en: 4
[23:20:28] [Server thread/INFO]: Un gato galáctico invocará un mob al azar en: 4
[23:20:28] [Server thread/INFO]: Un gato galáctico invocará un mob al azar en: 4
[23:20:28] [Server thread/INFO]: Un gato galáctico invocará un mob al azar en: 4
[23:20:28] [Server thread/INFO]: Un gato galáctico invocará un mob al azar en: 4
[23:20:28] [Server thread/INFO]: Un gato galáctico invocará un mob al azar en: 4
[23:20:28] [Server thread/INFO]: Un gato galáctico invocará un mob al azar en: 4
[23:20:28] [Server thread/INFO]: Un gato galáctico invocará un mob al azar en: 4
[23:20:28] [Server thread/INFO]: Un gato galáctico invocará un mob al azar en: 4
[23:20:28] [Server thread/INFO]: Un gato galáctico invocará un mob al azar en: 4
[23:20:28] [Server thread/INFO]: Un gato galáctico invocará un mob al azar en: 4
[23:20:28] [Server thread/INFO]: Un gato galáctico invocará un mob al azar en: 4
[23:20:28] [Server thread/INFO]: Un gato galáctico invocará un mob al azar en: 4
[23:20:28] [Server thread/INFO]: Un gato galáctico invocará un mob al azar en: 4
[23:20:28] [Server thread/INFO]: Un gato galáctico invocará un mob al azar en: 4
[23:20:28] [Server thread/INFO]: Un gato galáctico invocará un mob al azar en: 4
[23:20:28] [Server thread/INFO]: Un gato galáctico invocará un mob al azar en: 4
[23:20:28] [Server thread/INFO]: Un gato galáctico invocará un mob al azar en: 4
[23:20:28] [Server thread/INFO]: Un gato galáctico invocará un mob al azar en: 4
[23:20:28] [Server thread/INFO]: Un gato galáctico invocará un mob al azar en: 4
[23:20:28] [Server thread/INFO]: Un gato galáctico invocará un mob al azar en: 4
[23:20:28] [Server thread/INFO]: Un gato galáctico invocará un mob al azar en: 4
[23:20:28] [Server thread/INFO]: Un gato galáctico invocará un mob al azar en: 4
[23:20:28] [Server thread/INFO]: Un gato galáctico invocará un mob al azar en: 4
[23:20:28] [Server thread/INFO]: Un gato galáctico invocará un mob al azar en: 4
[23:20:28] [Server thread/INFO]: Un gato galáctico invocará un mob al azar en: 4
[23:20:28] [Server thread/INFO]: Un gato galáctico invocará un mob al azar en: 4
[23:20:28] [Server thread/INFO]: Un gato galáctico invocará un mob al azar en: 4
[23:20:28] [Server thread/INFO]: Un gato galáctico invocará un mob al azar en: 4
[23:20:28] [Server thread/INFO]: Un gato galáctico invocará un mob al azar en: 4
[23:20:28] [Server thread/INFO]: Un gato galáctico invocará un mob al azar en: 4
[23:20:28] [Server thread/INFO]: Un gato galáctico invocará un mob al azar en: 4
[23:20:28] [Server thread/INFO]: Un gato galáctico invocará un mob al azar en: 4
[23:20:28] [Server thread/INFO]: Un gato galáctico invocará un mob al azar en: 4
[23:20:28] [Server thread/INFO]: Un gato galáctico invocará un mob al azar en: 4
[23:20:28] [Server thread/INFO]: Un gato galáctico invocará un mob al azar en: 4
[23:20:28] [Server thread/INFO]: Un gato galáctico invocará un mob al azar en: 4
[23:20:28] [Server thread/INFO]: Un gato galáctico invocará un mob al azar en: 4
[23:20:28] [Server thread/INFO]: Un gato galáctico invocará un mob al azar en: 4
[23:20:28] [Server thread/INFO]: Un gato galáctico invocará un mob al azar en: 4
[23:20:28] [Server thread/INFO]: Un gato galáctico invocará un mob al azar en: 4
[23:20:28] [Server thread/INFO]: Un gato galáctico invocará un mob al azar en: 4
[23:20:28] [Server thread/INFO]: Un gato galáctico invocará un mob al azar en: 4
[23:20:28] [Server thread/INFO]: Un gato galáctico invocará un mob al azar en: 4
[23:20:28] [Server thread/INFO]: Un gato galáctico invocará un mob al azar en: 4
[23:20:28] [Server thread/INFO]: Un gato galáctico invocará un mob al azar en: 4
[23:20:28] [Server thread/INFO]: Un gato galáctico invocará un mob al azar en: 4
[23:20:28] [Server thread/INFO]: Un gato galáctico invocará un mob al azar en: 4
[23:20:28] [Server thread/INFO]: Un gato galáctico invocará un mob al azar en: 4
[23:20:28] [Server thread/INFO]: Un gato galáctico invocará un mob al azar en: 4
[23:20:28] [Server thread/INFO]: Un gato galáctico invocará un mob al azar en: 4
[23:20:28] [Server thread/INFO]: Un gato galáctico invocará un mob al azar en: 4
[23:20:28] [Server thread/INFO]: Un gato galáctico invocará un mob al azar en: 4
[23:20:28] [Server thread/INFO]: Un gato galáctico invocará un mob al azar en: 4
[23:20:28] [Server thread/INFO]: Un gato galáctico invocará un mob al azar en: 4
[23:20:28] [Server thread/INFO]: Un gato galáctico invocará un mob al azar en: 4
[23:20:28] [Server thread/INFO]: Un gato galáctico invocará un mob al azar en: 4
[23:20:28] [Server thread/INFO]: Un gato galáctico invocará un mob al azar en: 4
[23:20:28] [Server thread/INFO]: Un gato galáctico invocará un mob al azar en: 4
[23:20:28] [Server thread/INFO]: Un gato galáctico invocará un mob al azar en: 4
[23:20:28] [Server thread/INFO]: Un gato galáctico invocará un mob al azar en: 4
[23:20:28] [Server thread/INFO]: Un gato galáctico invocará un mob al azar en: 4
[23:20:28] [Server thread/INFO]: Un gato galáctico invocará un mob al azar en: 4
[23:20:28] [Server thread/INFO]: Un gato galáctico invocará un mob al azar en: 4
[23:20:28] [Server thread/INFO]: Un gato galáctico invocará un mob al azar en: 4
[23:20:28] [Server thread/INFO]: Un gato galáctico invocará un mob al azar en: 4
[23:20:28] [Server thread/INFO]: Un gato galáctico invocará un mob al azar en: 4
[23:20:28] [Server thread/INFO]: Un gato galáctico invocará un mob al azar en: 4
[23:20:28] [Server thread/INFO]: Un gato galáctico invocará un mob al azar en: 4
[23:20:28] [Server thread/INFO]: Un gato galáctico invocará un mob al azar en: 4
[23:20:28] [Server thread/INFO]: Un gato galáctico invocará un mob al azar en: 4
[23:20:28] [Server thread/INFO]: Un gato galáctico invocará un mob al azar en: 4
[23:20:28] [Server thread/INFO]: Un gato galáctico invocará un mob al azar en: 4
[23:20:28] [Server thread/INFO]: Un gato galáctico invocará un mob al azar en: 4
[23:20:28] [Server thread/INFO]: Un gato galáctico invocará un mob al azar en: 4
[23:20:28] [Server thread/INFO]: Un gato galáctico invocará un mob al azar en: 4
[23:20:28] [Server thread/INFO]: Un gato galáctico invocará un mob al azar en: 4
[23:20:28] [Server thread/INFO]: Un gato galáctico invocará un mob al azar en: 4
[23:20:28] [Server thread/INFO]: Un gato galáctico invocará un mob al azar en: 4
[23:20:28] [Server thread/INFO]: Un gato galáctico invocará un mob al azar en: 4
[23:20:28] [Server thread/INFO]: Un gato galáctico invocará un mob al azar en: 4
[23:20:28] [Server thread/INFO]: Un gato galáctico invocará un mob al azar en: 4
[23:20:28] [Server thread/INFO]: Un gato galáctico invocará un mob al azar en: 4
[23:20:28] [Server thread/INFO]: Un gato galáctico invocará un mob al azar en: 4
[23:20:28] [Server thread/INFO]: Un gato galáctico invocará un mob al azar en: 4
[23:20:28] [Server thread/INFO]: Un gato galáctico invocará un mob al azar en: 4
[23:20:28] [Server thread/INFO]: Un gato galáctico invocará un mob al azar en: 4
[23:20:28] [Server thread/INFO]: Un gato galáctico invocará un mob al azar en: 4
[23:20:28] [Server thread/INFO]: Un gato galáctico invocará un mob al azar en: 4
[23:20:28] [Server thread/INFO]: Un gato galáctico invocará un mob al azar en: 4
[23:20:28] [Server thread/INFO]: Un gato galáctico invocará un mob al azar en: 4
[23:20:28] [Server thread/INFO]: Un gato galáctico invocará un mob al azar en: 4
[23:20:28] [Server thread/INFO]: Un gato galáctico invocará un mob al azar en: 4
[23:20:28] [Server thread/INFO]: Un gato galáctico invocará un mob al azar en: 4
[23:20:28] [Server thread/INFO]: Un gato galáctico invocará un mob al azar en: 4
[23:20:28] [Server thread/INFO]: Un gato galáctico invocará un mob al azar en: 4
[23:20:28] [Server thread/INFO]: Un gato galáctico invocará un mob al azar en: 4
[23:20:28] [Server thread/INFO]: Un gato galáctico invocará un mob al azar en: 4
[23:20:28] [Server thread/INFO]: Un gato galáctico invocará un mob al azar en: 4
[23:20:28] [Server thread/INFO]: Un gato galáctico invocará un mob al azar en: 4
[23:20:28] [Server thread/INFO]: Un gato galáctico invocará un mob al azar en: 4
[23:20:28] [Server thread/INFO]: Un gato galáctico invocará un mob al azar en: 4
[23:20:28] [Server thread/INFO]: Un gato galáctico invocará un mob al azar en: 4
[23:20:28] [Server thread/INFO]: Un gato galáctico invocará un mob al azar en: 4
[23:20:28] [Server thread/INFO]: Un gato galáctico invocará un mob al azar en: 4
[23:20:28] [Server thread/INFO]: Un gato galáctico invocará un mob al azar en: 4
[23:20:28] [Server thread/INFO]: Un gato galáctico invocará un mob al azar en: 4
[23:20:28] [Server thread/INFO]: Un gato galáctico invocará un mob al azar en: 4
[23:20:29] [Server thread/INFO]: Un gato galáctico invocará un mob al azar en: 3
[23:20:29] [Server thread/INFO]: Un gato galáctico invocará un mob al azar en: 3
[23:20:29] [Server thread/INFO]: Un gato galáctico invocará un mob al azar en: 3
[23:20:29] [Server thread/INFO]: Un gato galáctico invocará un mob al azar en: 3
[23:20:29] [Server thread/INFO]: Un gato galáctico invocará un mob al azar en: 3
[23:20:29] [Server thread/INFO]: Un gato galáctico invocará un mob al azar en: 3
[23:20:29] [Server thread/INFO]: Un gato galáctico invocará un mob al azar en: 3
[23:20:29] [Server thread/INFO]: Un gato galáctico invocará un mob al azar en: 3
[23:20:29] [Server thread/INFO]: Un gato galáctico invocará un mob al azar en: 3
[23:20:29] [Server thread/INFO]: Un gato galáctico invocará un mob al azar en: 3
[23:20:29] [Server thread/INFO]: Un gato galáctico invocará un mob al azar en: 3
[23:20:29] [Server thread/INFO]: Un gato galáctico invocará un mob al azar en: 3
[23:20:29] [Server thread/INFO]: Un gato galáctico invocará un mob al azar en: 3
[23:20:29] [Server thread/INFO]: Un gato galáctico invocará un mob al azar en: 3
[23:20:29] [Server thread/INFO]: Un gato galáctico invocará un mob al azar en: 3
[23:20:29] [Server thread/INFO]: Un gato galáctico invocará un mob al azar en: 3
[23:20:29] [Server thread/INFO]: Un gato galáctico invocará un mob al azar en: 3
[23:20:29] [Server thread/INFO]: Un gato galáctico invocará un mob al azar en: 3
[23:20:29] [Server thread/INFO]: Un gato galáctico invocará un mob al azar en: 3
[23:20:29] [Server thread/INFO]: Un gato galáctico invocará un mob al azar en: 3
[23:20:29] [Server thread/INFO]: Un gato galáctico invocará un mob al azar en: 3
[23:20:29] [Server thread/INFO]: Un gato galáctico invocará un mob al azar en: 3
[23:20:29] [Server thread/INFO]: Un gato galáctico invocará un mob al azar en: 3
[23:20:29] [Server thread/INFO]: Un gato galáctico invocará un mob al azar en: 3
[23:20:29] [Server thread/INFO]: Un gato galáctico invocará un mob al azar en: 3
[23:20:29] [Server thread/INFO]: Un gato galáctico invocará un mob al azar en: 3
[23:20:29] [Server thread/INFO]: Un gato galáctico invocará un mob al azar en: 3
[23:20:29] [Server thread/INFO]: Un gato galáctico invocará un mob al azar en: 3
[23:20:29] [Server thread/INFO]: Un gato galáctico invocará un mob al azar en: 3
[23:20:29] [Server thread/INFO]: Un gato galáctico invocará un mob al azar en: 3
[23:20:29] [Server thread/INFO]: Un gato galáctico invocará un mob al azar en: 3
[23:20:29] [Server thread/INFO]: Un gato galáctico invocará un mob al azar en: 3
[23:20:29] [Server thread/INFO]: Un gato galáctico invocará un mob al azar en: 3
[23:20:29] [Server thread/INFO]: Un gato galáctico invocará un mob al azar en: 3
[23:20:29] [Server thread/INFO]: Un gato galáctico invocará un mob al azar en: 3
[23:20:29] [Server thread/INFO]: Un gato galáctico invocará un mob al azar en: 3
[23:20:29] [Server thread/INFO]: Un gato galáctico invocará un mob al azar en: 3
[23:20:29] [Server thread/INFO]: Un gato galáctico invocará un mob al azar en: 3
[23:20:29] [Server thread/INFO]: Un gato galáctico invocará un mob al azar en: 3
[23:20:29] [Server thread/INFO]: Un gato galáctico invocará un mob al azar en: 3
[23:20:29] [Server thread/INFO]: Un gato galáctico invocará un mob al azar en: 3
[23:20:29] [Server thread/INFO]: Un gato galáctico invocará un mob al azar en: 3
[23:20:29] [Server thread/INFO]: Un gato galáctico invocará un mob al azar en: 3
[23:20:29] [Server thread/INFO]: Un gato galáctico invocará un mob al azar en: 3
[23:20:29] [Server thread/INFO]: Un gato galáctico invocará un mob al azar en: 3
[23:20:29] [Server thread/INFO]: Un gato galáctico invocará un mob al azar en: 3
[23:20:29] [Server thread/INFO]: Un gato galáctico invocará un mob al azar en: 3
[23:20:29] [Server thread/INFO]: Un gato galáctico invocará un mob al azar en: 3
[23:20:29] [Server thread/INFO]: Un gato galáctico invocará un mob al azar en: 3
[23:20:29] [Server thread/INFO]: Un gato galáctico invocará un mob al azar en: 3
[23:20:29] [Server thread/INFO]: Un gato galáctico invocará un mob al azar en: 3
[23:20:29] [Server thread/INFO]: Un gato galáctico invocará un mob al azar en: 3
[23:20:29] [Server thread/INFO]: Un gato galáctico invocará un mob al azar en: 3
[23:20:29] [Server thread/INFO]: Un gato galáctico invocará un mob al azar en: 3
[23:20:29] [Server thread/INFO]: Un gato galáctico invocará un mob al azar en: 3
[23:20:29] [Server thread/INFO]: Un gato galáctico invocará un mob al azar en: 3
[23:20:29] [Server thread/INFO]: Un gato galáctico invocará un mob al azar en: 3
[23:20:29] [Server thread/INFO]: Un gato galáctico invocará un mob al azar en: 3
[23:20:29] [Server thread/INFO]: Un gato galáctico invocará un mob al azar en: 3
[23:20:29] [Server thread/INFO]: Un gato galáctico invocará un mob al azar en: 3
[23:20:29] [Server thread/INFO]: Un gato galáctico invocará un mob al azar en: 3
[23:20:29] [Server thread/INFO]: Un gato galáctico invocará un mob al azar en: 3
[23:20:29] [Server thread/INFO]: Un gato galáctico invocará un mob al azar en: 3
[23:20:29] [Server thread/INFO]: Un gato galáctico invocará un mob al azar en: 3
[23:20:29] [Server thread/INFO]: Un gato galáctico invocará un mob al azar en: 3
[23:20:29] [Server thread/INFO]: Un gato galáctico invocará un mob al azar en: 3
[23:20:29] [Server thread/INFO]: Un gato galáctico invocará un mob al azar en: 3
[23:20:29] [Server thread/INFO]: Un gato galáctico invocará un mob al azar en: 3
[23:20:29] [Server thread/INFO]: Un gato galáctico invocará un mob al azar en: 3
[23:20:29] [Server thread/INFO]: Un gato galáctico invocará un mob al azar en: 3
[23:20:29] [Server thread/INFO]: Un gato galáctico invocará un mob al azar en: 3
[23:20:29] [Server thread/INFO]: Un gato galáctico invocará un mob al azar en: 3
[23:20:29] [Server thread/INFO]: Un gato galáctico invocará un mob al azar en: 3
[23:20:29] [Server thread/INFO]: Un gato galáctico invocará un mob al azar en: 3
[23:20:29] [Server thread/INFO]: Un gato galáctico invocará un mob al azar en: 3
[23:20:29] [Server thread/INFO]: Un gato galáctico invocará un mob al azar en: 3
[23:20:29] [Server thread/INFO]: Un gato galáctico invocará un mob al azar en: 3
[23:20:29] [Server thread/INFO]: Un gato galáctico invocará un mob al azar en: 3
[23:20:29] [Server thread/INFO]: Un gato galáctico invocará un mob al azar en: 3
[23:20:29] [Server thread/INFO]: Un gato galáctico invocará un mob al azar en: 3
[23:20:29] [Server thread/INFO]: Un gato galáctico invocará un mob al azar en: 3
[23:20:29] [Server thread/INFO]: Un gato galáctico invocará un mob al azar en: 3
[23:20:29] [Server thread/INFO]: Un gato galáctico invocará un mob al azar en: 3
[23:20:29] [Server thread/INFO]: Un gato galáctico invocará un mob al azar en: 3
[23:20:29] [Server thread/INFO]: Un gato galáctico invocará un mob al azar en: 3
[23:20:29] [Server thread/INFO]: Un gato galáctico invocará un mob al azar en: 3
[23:20:29] [Server thread/INFO]: Un gato galáctico invocará un mob al azar en: 3
[23:20:29] [Server thread/INFO]: Un gato galáctico invocará un mob al azar en: 3
[23:20:29] [Server thread/INFO]: Un gato galáctico invocará un mob al azar en: 3
[23:20:29] [Server thread/INFO]: Un gato galáctico invocará un mob al azar en: 3
[23:20:29] [Server thread/INFO]: Un gato galáctico invocará un mob al azar en: 3
[23:20:29] [Server thread/INFO]: Un gato galáctico invocará un mob al azar en: 3
[23:20:29] [Server thread/INFO]: Un gato galáctico invocará un mob al azar en: 3
[23:20:29] [Server thread/INFO]: Un gato galáctico invocará un mob al azar en: 3
[23:20:29] [Server thread/INFO]: Un gato galáctico invocará un mob al azar en: 3
[23:20:29] [Server thread/INFO]: Un gato galáctico invocará un mob al azar en: 3
[23:20:29] [Server thread/INFO]: Un gato galáctico invocará un mob al azar en: 3
[23:20:29] [Server thread/INFO]: Un gato galáctico invocará un mob al azar en: 3
[23:20:29] [Server thread/INFO]: Un gato galáctico invocará un mob al azar en: 3
[23:20:29] [Server thread/INFO]: Un gato galáctico invocará un mob al azar en: 3
[23:20:29] [Server thread/INFO]: Un gato galáctico invocará un mob al azar en: 3
[23:20:29] [Server thread/INFO]: Un gato galáctico invocará un mob al azar en: 3
[23:20:29] [Server thread/INFO]: Un gato galáctico invocará un mob al azar en: 3
[23:20:29] [Server thread/INFO]: Un gato galáctico invocará un mob al azar en: 3
[23:20:29] [Server thread/INFO]: Un gato galáctico invocará un mob al azar en: 3
[23:20:29] [Server thread/INFO]: Un gato galáctico invocará un mob al azar en: 3
[23:20:29] [Server thread/INFO]: Un gato galáctico invocará un mob al azar en: 3
[23:20:29] [Server thread/INFO]: Un gato galáctico invocará un mob al azar en: 3
[23:20:29] [Server thread/INFO]: Un gato galáctico invocará un mob al azar en: 3
[23:20:29] [Server thread/INFO]: Un gato galáctico invocará un mob al azar en: 3
[23:20:29] [Server thread/INFO]: Un gato galáctico invocará un mob al azar en: 3
[23:20:29] [Server thread/INFO]: Un gato galáctico invocará un mob al azar en: 3
[23:20:29] [Server thread/INFO]: Un gato galáctico invocará un mob al azar en: 3
[23:20:29] [Server thread/INFO]: Un gato galáctico invocará un mob al azar en: 3
[23:20:29] [Server thread/INFO]: Un gato galáctico invocará un mob al azar en: 3
[23:20:30] [Server thread/INFO]: Un gato galáctico invocará un mob al azar en: 2
[23:20:30] [Server thread/INFO]: Un gato galáctico invocará un mob al azar en: 2
[23:20:30] [Server thread/INFO]: Un gato galáctico invocará un mob al azar en: 2
[23:20:30] [Server thread/INFO]: Un gato galáctico invocará un mob al azar en: 2
[23:20:30] [Server thread/INFO]: Un gato galáctico invocará un mob al azar en: 2
[23:20:30] [Server thread/INFO]: Un gato galáctico invocará un mob al azar en: 2
[23:20:30] [Server thread/INFO]: Un gato galáctico invocará un mob al azar en: 2
[23:20:30] [Server thread/INFO]: Un gato galáctico invocará un mob al azar en: 2
[23:20:30] [Server thread/INFO]: Un gato galáctico invocará un mob al azar en: 2
[23:20:30] [Server thread/INFO]: Un gato galáctico invocará un mob al azar en: 2
[23:20:30] [Server thread/INFO]: Un gato galáctico invocará un mob al azar en: 2
[23:20:30] [Server thread/INFO]: Un gato galáctico invocará un mob al azar en: 2
[23:20:30] [Server thread/INFO]: Un gato galáctico invocará un mob al azar en: 2
[23:20:30] [Server thread/INFO]: Un gato galáctico invocará un mob al azar en: 2
[23:20:30] [Server thread/INFO]: Un gato galáctico invocará un mob al azar en: 2
[23:20:30] [Server thread/INFO]: Un gato galáctico invocará un mob al azar en: 2
[23:20:30] [Server thread/INFO]: Un gato galáctico invocará un mob al azar en: 2
[23:20:30] [Server thread/INFO]: Un gato galáctico invocará un mob al azar en: 2
[23:20:30] [Server thread/INFO]: Un gato galáctico invocará un mob al azar en: 2
[23:20:30] [Server thread/INFO]: Un gato galáctico invocará un mob al azar en: 2
[23:20:30] [Server thread/INFO]: Un gato galáctico invocará un mob al azar en: 2
[23:20:30] [Server thread/INFO]: Un gato galáctico invocará un mob al azar en: 2
[23:20:30] [Server thread/INFO]: Un gato galáctico invocará un mob al azar en: 2
[23:20:30] [Server thread/INFO]: Un gato galáctico invocará un mob al azar en: 2
[23:20:30] [Server thread/INFO]: Un gato galáctico invocará un mob al azar en: 2
[23:20:30] [Server thread/INFO]: Un gato galáctico invocará un mob al azar en: 2
[23:20:30] [Server thread/INFO]: Un gato galáctico invocará un mob al azar en: 2
[23:20:30] [Server thread/INFO]: Un gato galáctico invocará un mob al azar en: 2
[23:20:30] [Server thread/INFO]: Un gato galáctico invocará un mob al azar en: 2
[23:20:30] [Server thread/INFO]: Un gato galáctico invocará un mob al azar en: 2
[23:20:30] [Server thread/INFO]: Un gato galáctico invocará un mob al azar en: 2
[23:20:30] [Server thread/INFO]: Un gato galáctico invocará un mob al azar en: 2
[23:20:30] [Server thread/INFO]: Un gato galáctico invocará un mob al azar en: 2
[23:20:30] [Server thread/INFO]: Un gato galáctico invocará un mob al azar en: 2
[23:20:30] [Server thread/INFO]: Un gato galáctico invocará un mob al azar en: 2
[23:20:30] [Server thread/INFO]: Un gato galáctico invocará un mob al azar en: 2
[23:20:30] [Server thread/INFO]: Un gato galáctico invocará un mob al azar en: 2
[23:20:30] [Server thread/INFO]: Un gato galáctico invocará un mob al azar en: 2
[23:20:30] [Server thread/INFO]: Un gato galáctico invocará un mob al azar en: 2
[23:20:30] [Server thread/INFO]: Un gato galáctico invocará un mob al azar en: 2
[23:20:30] [Server thread/INFO]: Un gato galáctico invocará un mob al azar en: 2
[23:20:30] [Server thread/INFO]: Un gato galáctico invocará un mob al azar en: 2
[23:20:30] [Server thread/INFO]: Un gato galáctico invocará un mob al azar en: 2
[23:20:30] [Server thread/INFO]: Un gato galáctico invocará un mob al azar en: 2
[23:20:30] [Server thread/INFO]: Un gato galáctico invocará un mob al azar en: 2
[23:20:30] [Server thread/INFO]: Un gato galáctico invocará un mob al azar en: 2
[23:20:30] [Server thread/INFO]: Un gato galáctico invocará un mob al azar en: 2
[23:20:30] [Server thread/INFO]: Un gato galáctico invocará un mob al azar en: 2
[23:20:30] [Server thread/INFO]: Un gato galáctico invocará un mob al azar en: 2
[23:20:30] [Server thread/INFO]: Un gato galáctico invocará un mob al azar en: 2
[23:20:30] [Server thread/INFO]: Un gato galáctico invocará un mob al azar en: 2
[23:20:30] [Server thread/INFO]: Un gato galáctico invocará un mob al azar en: 2
[23:20:30] [Server thread/INFO]: Un gato galáctico invocará un mob al azar en: 2
[23:20:30] [Server thread/INFO]: Un gato galáctico invocará un mob al azar en: 2
[23:20:30] [Server thread/INFO]: Un gato galáctico invocará un mob al azar en: 2
[23:20:30] [Server thread/INFO]: Un gato galáctico invocará un mob al azar en: 2
[23:20:30] [Server thread/INFO]: Un gato galáctico invocará un mob al azar en: 2
[23:20:30] [Server thread/INFO]: Un gato galáctico invocará un mob al azar en: 2
[23:20:30] [Server thread/INFO]: Un gato galáctico invocará un mob al azar en: 2
[23:20:30] [Server thread/INFO]: Un gato galáctico invocará un mob al azar en: 2
[23:20:30] [Server thread/INFO]: Un gato galáctico invocará un mob al azar en: 2
[23:20:30] [Server thread/INFO]: Un gato galáctico invocará un mob al azar en: 2
[23:20:30] [Server thread/INFO]: Un gato galáctico invocará un mob al azar en: 2
[23:20:30] [Server thread/INFO]: Un gato galáctico invocará un mob al azar en: 2
[23:20:30] [Server thread/INFO]: Un gato galáctico invocará un mob al azar en: 2
[23:20:30] [Server thread/INFO]: Un gato galáctico invocará un mob al azar en: 2
[23:20:30] [Server thread/INFO]: Un gato galáctico invocará un mob al azar en: 2
[23:20:30] [Server thread/INFO]: Un gato galáctico invocará un mob al azar en: 2
[23:20:30] [Server thread/INFO]: Un gato galáctico invocará un mob al azar en: 2
[23:20:30] [Server thread/INFO]: Un gato galáctico invocará un mob al azar en: 2
[23:20:30] [Server thread/INFO]: Un gato galáctico invocará un mob al azar en: 2
[23:20:30] [Server thread/INFO]: Un gato galáctico invocará un mob al azar en: 2
[23:20:30] [Server thread/INFO]: Un gato galáctico invocará un mob al azar en: 2
[23:20:30] [Server thread/INFO]: Un gato galáctico invocará un mob al azar en: 2
[23:20:30] [Server thread/INFO]: Un gato galáctico invocará un mob al azar en: 2
[23:20:30] [Server thread/INFO]: Un gato galáctico invocará un mob al azar en: 2
[23:20:30] [Server thread/INFO]: Un gato galáctico invocará un mob al azar en: 2
[23:20:30] [Server thread/INFO]: Un gato galáctico invocará un mob al azar en: 2
[23:20:30] [Server thread/INFO]: Un gato galáctico invocará un mob al azar en: 2
[23:20:30] [Server thread/INFO]: Un gato galáctico invocará un mob al azar en: 2
[23:20:30] [Server thread/INFO]: Un gato galáctico invocará un mob al azar en: 2
[23:20:30] [Server thread/INFO]: Un gato galáctico invocará un mob al azar en: 2
[23:20:30] [Server thread/INFO]: Un gato galáctico invocará un mob al azar en: 2
[23:20:30] [Server thread/INFO]: Un gato galáctico invocará un mob al azar en: 2
[23:20:30] [Server thread/INFO]: Un gato galáctico invocará un mob al azar en: 2
[23:20:30] [Server thread/INFO]: Un gato galáctico invocará un mob al azar en: 2
[23:20:30] [Server thread/INFO]: Un gato galáctico invocará un mob al azar en: 2
[23:20:30] [Server thread/INFO]: Un gato galáctico invocará un mob al azar en: 2
[23:20:30] [Server thread/INFO]: Un gato galáctico invocará un mob al azar en: 2
[23:20:30] [Server thread/INFO]: Un gato galáctico invocará un mob al azar en: 2
[23:20:30] [Server thread/INFO]: Un gato galáctico invocará un mob al azar en: 2
[23:20:30] [Server thread/INFO]: Un gato galáctico invocará un mob al azar en: 2
[23:20:30] [Server thread/INFO]: Un gato galáctico invocará un mob al azar en: 2
[23:20:30] [Server thread/INFO]: Un gato galáctico invocará un mob al azar en: 2
[23:20:30] [Server thread/INFO]: Un gato galáctico invocará un mob al azar en: 2
[23:20:30] [Server thread/INFO]: Un gato galáctico invocará un mob al azar en: 2
[23:20:30] [Server thread/INFO]: Un gato galáctico invocará un mob al azar en: 2
[23:20:30] [Server thread/INFO]: Un gato galáctico invocará un mob al azar en: 2
[23:20:30] [Server thread/INFO]: Un gato galáctico invocará un mob al azar en: 2
[23:20:30] [Server thread/INFO]: Un gato galáctico invocará un mob al azar en: 2
[23:20:30] [Server thread/INFO]: Un gato galáctico invocará un mob al azar en: 2
[23:20:30] [Server thread/INFO]: Un gato galáctico invocará un mob al azar en: 2
[23:20:30] [Server thread/INFO]: Un gato galáctico invocará un mob al azar en: 2
[23:20:30] [Server thread/INFO]: Un gato galáctico invocará un mob al azar en: 2
[23:20:30] [Server thread/INFO]: Un gato galáctico invocará un mob al azar en: 2
[23:20:30] [Server thread/INFO]: Un gato galáctico invocará un mob al azar en: 2
[23:20:30] [Server thread/INFO]: Un gato galáctico invocará un mob al azar en: 2
[23:20:30] [Server thread/INFO]: Un gato galáctico invocará un mob al azar en: 2
[23:20:30] [Server thread/INFO]: Un gato galáctico invocará un mob al azar en: 2
[23:20:30] [Server thread/INFO]: Un gato galáctico invocará un mob al azar en: 2
[23:20:30] [Server thread/INFO]: Un gato galáctico invocará un mob al azar en: 2
[23:20:30] [Server thread/INFO]: Un gato galáctico invocará un mob al azar en: 2
[23:20:30] [Server thread/INFO]: Un gato galáctico invocará un mob al azar en: 2
[23:20:30] [Server thread/INFO]: Un gato galáctico invocará un mob al azar en: 2
[23:20:30] [Server thread/INFO]: Un gato galáctico invocará un mob al azar en: 2
[23:20:31] [Server thread/INFO]: Un gato galáctico invocará un mob al azar en: 1
[23:20:31] [Server thread/INFO]: Un gato galáctico ha invicado un(a) Endermite Misterioso (12.5, 237.0, -165.5
[23:20:31] [Server thread/INFO]: Un gato galáctico invocará un mob al azar en: 1
[23:20:31] [Server thread/INFO]: Un gato galáctico ha invicado un(a) Bruja Imposible (12.5, 237.0, -165.5
[23:20:31] [Server thread/INFO]: Un gato galáctico invocará un mob al azar en: 1
[23:20:31] [Server thread/INFO]: Un gato galáctico ha invicado un(a) Pufferfish invulnerable (12.5, 237.0, -165.5
[23:20:31] [Server thread/INFO]: Un gato galáctico invocará un mob al azar en: 1
[23:20:31] [Server thread/INFO]: Un gato galáctico ha invicado un(a) Permadeath Demon (12.5, 237.0, -165.5
[23:20:31] [Server thread/INFO]: Un gato galáctico invocará un mob al azar en: 1
[23:20:31] [Server thread/INFO]: Un gato galáctico ha invicado un(a) Pufferfish invulnerable (12.5, 237.0, -165.5
[23:20:31] [Server thread/INFO]: Un gato galáctico invocará un mob al azar en: 1
[23:20:31] [Server thread/INFO]: Un gato galáctico ha invicado un(a) Ultra Ravager (12.5, 237.0, -165.5
[23:20:31] [Server thread/INFO]: Un gato galáctico invocará un mob al azar en: 1
[23:20:31] [Server thread/INFO]: Un gato galáctico ha invicado un(a) Pufferfish invulnerable (12.5, 237.0, -165.5
[23:20:31] [Server thread/INFO]: Un gato galáctico invocará un mob al azar en: 1
[23:20:31] [Server thread/INFO]: Un gato galáctico ha invicado un(a) Wither Skeleton Emperador (12.5, 237.0, -165.5
[23:20:31] [Server thread/INFO]: Un gato galáctico invocará un mob al azar en: 1
[23:20:31] [Server thread/INFO]: Un gato galáctico ha invicado un(a) Silverfish de la Muerte (12.5, 237.0, -165.5
[23:20:31] [Server thread/INFO]: Un gato galáctico invocará un mob al azar en: 1
[23:20:31] [Server thread/INFO]: Un gato galáctico ha invicado un(a) Bruja Imposible (12.5, 237.0, -165.5
[23:20:31] [Server thread/INFO]: Un gato galáctico invocará un mob al azar en: 1
[23:20:31] [Server thread/INFO]: Un gato galáctico ha invicado un(a) Quantum Creeper (12.5, 237.0, -165.5
[23:20:31] [Server thread/INFO]: Un gato galáctico invocará un mob al azar en: 1
[23:20:31] [Server thread/INFO]: Un gato galáctico ha invicado un(a) Ender Quantum Creeper (12.5, 237.0, -165.5
[23:20:31] [Server thread/INFO]: Un gato galáctico invocará un mob al azar en: 1
[23:20:31] [Server thread/INFO]: Un gato galáctico ha invicado un(a) Silverfish de la Muerte (12.5, 237.0, -165.5
[23:20:31] [Server thread/INFO]: Un gato galáctico invocará un mob al azar en: 1
[23:20:31] [Server thread/INFO]: Un gato galáctico ha invicado un(a) Esqueleto de Clase (12.5, 237.0, -165.5
[23:20:31] [Server thread/INFO]: Un gato galáctico invocará un mob al azar en: 1
[23:20:31] [Server thread/INFO]: Un gato galáctico ha invicado un(a) Quantum Creeper (12.5, 237.0, -165.5
[23:20:31] [Server thread/INFO]: Un gato galáctico invocará un mob al azar en: 1
[23:20:31] [Server thread/INFO]: Un gato galáctico ha invicado un(a) Giga MagmaCube (12.5, 237.0, -165.5
[23:20:31] [Server thread/INFO]: Un gato galáctico invocará un mob al azar en: 1
[23:20:31] [Server thread/INFO]: Un gato galáctico ha invicado un(a) Shulker Tnt (12.5, 237.0, -165.5
[23:20:31] [Server thread/INFO]: Un gato galáctico invocará un mob al azar en: 1
[23:20:31] [Server thread/INFO]: Un gato galáctico ha invicado un(a) Araña con Efectos (12.5, 237.0, -165.5
[23:20:31] [Server thread/INFO]: Un gato galáctico invocará un mob al azar en: 1
[23:20:31] [Server thread/INFO]: Un gato galáctico ha invicado un(a) Giga Slime (12.5, 237.0, -165.5
[23:20:31] [Server thread/INFO]: Un gato galáctico invocará un mob al azar en: 1
[23:20:31] [Server thread/INFO]: Un gato galáctico ha invicado un(a) Pufferfish invulnerable (12.5, 237.0, -165.5
[23:20:31] [Server thread/INFO]: Un gato galáctico invocará un mob al azar en: 1
[23:20:31] [Server thread/INFO]: Un gato galáctico ha invicado un(a) Araña con Efectos (12.5, 237.0, -165.5
[23:20:31] [Server thread/INFO]: Un gato galáctico invocará un mob al azar en: 1
[23:20:31] [Server thread/INFO]: Un gato galáctico ha invicado un(a) Giga MagmaCube (12.5, 237.0, -165.5
[23:20:31] [Server thread/INFO]: Un gato galáctico invocará un mob al azar en: 1
[23:20:31] [Server thread/INFO]: Un gato galáctico ha invicado un(a) Bruja Imposible (12.5, 237.0, -165.5
[23:20:31] [Server thread/INFO]: Un gato galáctico invocará un mob al azar en: 1
[23:20:31] [Server thread/INFO]: Un gato galáctico ha invicado un(a) Esqueleto de Clase (12.5, 237.0, -165.5
[23:20:31] [Server thread/INFO]: Un gato galáctico invocará un mob al azar en: 1
[23:20:31] [Server thread/INFO]: Un gato galáctico ha invicado un(a) Araña con Efectos (12.5, 237.0, -165.5
[23:20:31] [Server thread/INFO]: Un gato galáctico invocará un mob al azar en: 1
[23:20:31] [Server thread/WARN]: [Permadeath] Task #255806 for Permadeath v1.3 generated an exception
java.lang.NullPointerException: null
	at tech.sebazcrc.permadeath.nms.v1_16_R3.NMSHandlerImpl.spawnNMSEntity(NMSHandlerImpl.java:326) ~[?:?]
	at tech.sebazcrc.permadeath.task.GatoGalacticoTask.run(GatoGalacticoTask.java:150) ~[?:?]
	at org.bukkit.craftbukkit.v1_16_R3.scheduler.CraftTask.run(CraftTask.java:101) ~[patched_1.16.5.jar:git-Paper-794]
	at org.bukkit.craftbukkit.v1_16_R3.scheduler.CraftScheduler.mainThreadHeartbeat(CraftScheduler.java:485) ~[patched_1.16.5.jar:git-Paper-794]
	at net.minecraft.server.v1_16_R3.MinecraftServer.b(MinecraftServer.java:1432) ~[patched_1.16.5.jar:git-Paper-794]
	at net.minecraft.server.v1_16_R3.DedicatedServer.b(DedicatedServer.java:436) ~[patched_1.16.5.jar:git-Paper-794]
	at net.minecraft.server.v1_16_R3.MinecraftServer.a(MinecraftServer.java:1347) ~[patched_1.16.5.jar:git-Paper-794]
	at net.minecraft.server.v1_16_R3.MinecraftServer.w(MinecraftServer.java:1135) ~[patched_1.16.5.jar:git-Paper-794]
	at net.minecraft.server.v1_16_R3.MinecraftServer.lambda$a$0(MinecraftServer.java:291) ~[patched_1.16.5.jar:git-Paper-794]
	at java.lang.Thread.run(Thread.java:829) [?:?]
[23:20:31] [Server thread/INFO]: Un gato galáctico invocará un mob al azar en: 1
[23:20:31] [Server thread/INFO]: Un gato galáctico ha invicado un(a) Ultra Ravager (12.5, 237.0, -165.5
[23:20:31] [Server thread/INFO]: Un gato galáctico invocará un mob al azar en: 1
[23:20:31] [Server thread/INFO]: Un gato galáctico ha invicado un(a) Gigante (12.5, 237.0, -165.5
[23:20:31] [Server thread/INFO]: Un gato galáctico invocará un mob al azar en: 1
[23:20:31] [Server thread/INFO]: Un gato galáctico ha invicado un(a) Araña con Efectos (12.5, 237.0, -165.5
[23:20:31] [Server thread/INFO]: Un gato galáctico invocará un mob al azar en: 1
[23:20:31] [Server thread/INFO]: Un gato galáctico ha invicado un(a) Giga Phantom (12.5, 237.0, -165.5
[23:20:31] [Server thread/INFO]: Un gato galáctico invocará un mob al azar en: 1
[23:20:31] [Server thread/INFO]: Un gato galáctico ha invicado un(a) Araña con Efectos (12.5, 237.0, -165.5
[23:20:31] [Server thread/INFO]: Un gato galáctico invocará un mob al azar en: 1
[23:20:31] [Server thread/INFO]: Un gato galáctico ha invicado un(a) Giga Slime (12.5, 237.0, -165.5
[23:20:31] [Server thread/INFO]: Un gato galáctico invocará un mob al azar en: 1
[23:20:31] [Server thread/INFO]: Un gato galáctico ha invicado un(a) Bruja Imposible (12.5, 237.0, -165.5
[23:20:31] [Server thread/INFO]: Un gato galáctico invocará un mob al azar en: 1
[23:20:31] [Server thread/INFO]: Un gato galáctico ha invicado un(a) Wither Skeleton Emperador (12.5, 237.0, -165.5
[23:20:31] [Server thread/INFO]: Un gato galáctico invocará un mob al azar en: 1
[23:20:31] [Server thread/INFO]: Un gato galáctico ha invicado un(a) Ender Quantum Creeper (12.5, 237.0, -165.5
[23:20:31] [Server thread/INFO]: Un gato galáctico invocará un mob al azar en: 1
[23:20:31] [Server thread/INFO]: Un gato galáctico ha invicado un(a) Giga Phantom (12.5, 237.0, -165.5
[23:20:31] [Server thread/INFO]: Un gato galáctico invocará un mob al azar en: 1
[23:20:31] [Server thread/INFO]: Un gato galáctico ha invicado un(a) Bruja Imposible (12.5, 237.0, -165.5
[23:20:31] [Server thread/INFO]: Un gato galáctico invocará un mob al azar en: 1
[23:20:31] [Server thread/INFO]: Un gato galáctico ha invicado un(a) Bruja Imposible (12.5, 237.0, -165.5
[23:20:31] [Server thread/INFO]: Un gato galáctico invocará un mob al azar en: 1
[23:20:31] [Server thread/INFO]: Un gato galáctico ha invicado un(a) Giga MagmaCube (12.5, 237.0, -165.5
[23:20:31] [Server thread/INFO]: Un gato galáctico invocará un mob al azar en: 1
[23:20:31] [Server thread/INFO]: Un gato galáctico ha invicado un(a) Shulker Tnt (12.5, 237.0, -165.5
[23:20:31] [Server thread/INFO]: Un gato galáctico invocará un mob al azar en: 1
[23:20:31] [Server thread/INFO]: Un gato galáctico ha invicado un(a) Ultra Ravager (12.5, 237.0, -165.5
[23:20:31] [Server thread/INFO]: Un gato galáctico invocará un mob al azar en: 1
[23:20:31] [Server thread/INFO]: Un gato galáctico ha invicado un(a) Silverfish de la Muerte (12.5, 237.0, -165.5
[23:20:31] [Server thread/INFO]: Un gato galáctico invocará un mob al azar en: 1
[23:20:31] [Server thread/INFO]: Un gato galáctico ha invicado un(a) Silverfish de la Muerte (12.5, 237.0, -165.5
[23:20:31] [Server thread/INFO]: Un gato galáctico invocará un mob al azar en: 1
[23:20:31] [Server thread/INFO]: Un gato galáctico ha invicado un(a) Gigante (12.5, 237.0, -165.5
[23:20:31] [Server thread/INFO]: Un gato galáctico invocará un mob al azar en: 1
[23:20:31] [Server thread/INFO]: Un gato galáctico ha invicado un(a) Permadeath Demon (12.5, 237.0, -165.5
[23:20:31] [Server thread/INFO]: Un gato galáctico invocará un mob al azar en: 1
[23:20:31] [Server thread/INFO]: Un gato galáctico ha invicado un(a) Ender Quantum Creeper (12.5, 237.0, -165.5
[23:20:31] [Server thread/INFO]: Un gato galáctico invocará un mob al azar en: 1
[23:20:31] [Server thread/INFO]: Un gato galáctico ha invicado un(a) Silverfish de la Muerte (12.5, 237.0, -165.5
[23:20:31] [Server thread/INFO]: Un gato galáctico invocará un mob al azar en: 1
[23:20:31] [Server thread/INFO]: Un gato galáctico ha invicado un(a) Giga Phantom (12.5, 237.0, -165.5
[23:20:31] [Server thread/INFO]: Un gato galáctico invocará un mob al azar en: 1
[23:20:31] [Server thread/INFO]: Un gato galáctico ha invicado un(a) Permadeath Demon (12.5, 237.0, -165.5
[23:20:31] [Server thread/INFO]: Un gato galáctico invocará un mob al azar en: 1
[23:20:31] [Server thread/INFO]: Un gato galáctico ha invicado un(a) Esqueleto de Clase (12.5, 237.0, -165.5
[23:20:31] [Server thread/INFO]: Un gato galáctico invocará un mob al azar en: 1
[23:20:31] [Server thread/INFO]: Un gato galáctico ha invicado un(a) Silverfish de la Muerte (12.5, 237.0, -165.5
[23:20:31] [Server thread/INFO]: Un gato galáctico invocará un mob al azar en: 1
[23:20:31] [Server thread/INFO]: Un gato galáctico ha invicado un(a) Gato Supernova (12.5, 237.0, -165.5
[23:20:31] [Server thread/INFO]: Un gato galáctico invocará un mob al azar en: 1
[23:20:31] [Server thread/INFO]: Un gato galáctico ha invicado un(a) Wither Skeleton Emperador (12.5, 237.0, -165.5
[23:20:31] [Server thread/INFO]: Un gato galáctico invocará un mob al azar en: 1
[23:20:31] [Server thread/INFO]: Un gato galáctico ha invicado un(a) Quantum Creeper (12.5, 237.0, -165.5
[23:20:31] [Server thread/INFO]: Un gato galáctico invocará un mob al azar en: 1
[23:20:31] [Server thread/INFO]: Un gato galáctico ha invicado un(a) Quantum Creeper (12.5, 237.0, -165.5
[23:20:31] [Server thread/INFO]: Un gato galáctico invocará un mob al azar en: 1
[23:20:31] [Server thread/INFO]: Un gato galáctico ha invicado un(a) Araña con Efectos (12.5, 237.0, -165.5
[23:20:31] [Server thread/INFO]: Un gato galáctico invocará un mob al azar en: 1
[23:20:31] [Server thread/INFO]: Un gato galáctico ha invicado un(a) Ender Ghast (12.5, 237.0, -165.5
[23:20:31] [Server thread/INFO]: Un gato galáctico invocará un mob al azar en: 1
[23:20:31] [Server thread/INFO]: Un gato galáctico ha invicado un(a) Ghast Demoníaco (12.5, 237.0, -165.5
[23:20:31] [Server thread/INFO]: Un gato galáctico invocará un mob al azar en: 1
[23:20:31] [Server thread/INFO]: Un gato galáctico ha invicado un(a) Silverfish de la Muerte (12.5, 237.0, -165.5
[23:20:31] [Server thread/INFO]: Un gato galáctico invocará un mob al azar en: 1
[23:20:31] [Server thread/INFO]: Un gato galáctico ha invicado un(a) Endermite Misterioso (12.5, 237.0, -165.5
[23:20:31] [Server thread/INFO]: Un gato galáctico invocará un mob al azar en: 1
[23:20:31] [Server thread/INFO]: Un gato galáctico ha invicado un(a) Araña con Efectos (12.5, 237.0, -165.5
[23:20:31] [Server thread/INFO]: Un gato galáctico invocará un mob al azar en: 1
[23:20:31] [Server thread/INFO]: Un gato galáctico ha invicado un(a) Permadeath Demon (12.5, 237.0, -165.5
[23:20:31] [Server thread/INFO]: Un gato galáctico invocará un mob al azar en: 1
[23:20:31] [Server thread/INFO]: Un gato galáctico ha invicado un(a) Esqueleto de Clase (12.5, 237.0, -165.5
[23:20:31] [Server thread/INFO]: Un gato galáctico invocará un mob al azar en: 1
[23:20:31] [Server thread/INFO]: Un gato galáctico ha invicado un(a) Silverfish de la Muerte (12.5, 237.0, -165.5
[23:20:31] [Server thread/INFO]: Un gato galáctico invocará un mob al azar en: 1
[23:20:31] [Server thread/INFO]: Un gato galáctico ha invicado un(a) Gigante (12.5, 237.0, -165.5
[23:20:31] [Server thread/INFO]: Un gato galáctico invocará un mob al azar en: 1
[23:20:31] [Server thread/INFO]: Un gato galáctico ha invicado un(a) Giga Slime (12.5, 237.0, -165.5
[23:20:31] [Server thread/INFO]: Un gato galáctico invocará un mob al azar en: 1
[23:20:31] [Server thread/INFO]: Un gato galáctico ha invicado un(a) Ultra Ravager (12.5, 237.0, -165.5
[23:20:31] [Server thread/INFO]: Un gato galáctico invocará un mob al azar en: 1
[23:20:31] [Server thread/ERROR]: Could not pass event CreatureSpawnEvent to Permadeath v1.3
java.lang.NullPointerException: null
	at tech.sebazcrc.permadeath.nms.v1_16_R3.NMSHandlerImpl.spawnNMSEntity(NMSHandlerImpl.java:326) ~[?:?]
	at tech.sebazcrc.permadeath.event.entity.SpawnListener.onSpawn(SpawnListener.java:127) ~[?:?]
	at com.destroystokyo.paper.event.executor.asm.generated.GeneratedEventExecutor9.execute(Unknown Source) ~[?:?]
	at org.bukkit.plugin.EventExecutor.lambda$create$1(EventExecutor.java:69) ~[patched_1.16.5.jar:git-Paper-794]
	at co.aikar.timings.TimedEventExecutor.execute(TimedEventExecutor.java:80) ~[patched_1.16.5.jar:git-Paper-794]
	at org.bukkit.plugin.RegisteredListener.callEvent(RegisteredListener.java:70) ~[patched_1.16.5.jar:git-Paper-794]
	at org.bukkit.plugin.SimplePluginManager.callEvent(SimplePluginManager.java:624) ~[patched_1.16.5.jar:git-Paper-794]
	at org.bukkit.craftbukkit.v1_16_R3.event.CraftEventFactory.callCreatureSpawnEvent(CraftEventFactory.java:722) ~[patched_1.16.5.jar:git-Paper-794]
	at org.bukkit.craftbukkit.v1_16_R3.event.CraftEventFactory.doEntityAddEventCalling(CraftEventFactory.java:640) ~[patched_1.16.5.jar:git-Paper-794]
	at net.minecraft.server.v1_16_R3.WorldServer.addEntity0(WorldServer.java:1302) ~[patched_1.16.5.jar:git-Paper-794]
	at net.minecraft.server.v1_16_R3.WorldServer.addEntity(WorldServer.java:1203) ~[patched_1.16.5.jar:git-Paper-794]
	at net.minecraft.server.v1_16_R3.WorldAccess.lambda$addAllEntities$0(WorldAccess.java:16) ~[patched_1.16.5.jar:git-Paper-794]
	at java.util.stream.Streams$StreamBuilderImpl.forEachRemaining(Streams.java:411) ~[?:?]
	at java.util.stream.Streams$ConcatSpliterator.forEachRemaining(Streams.java:734) ~[?:?]
	at java.util.stream.ReferencePipeline$Head.forEach(ReferencePipeline.java:658) ~[?:?]
	at net.minecraft.server.v1_16_R3.WorldAccess.addAllEntities(WorldAccess.java:16) ~[patched_1.16.5.jar:git-Paper-794]
	at net.minecraft.server.v1_16_R3.EntityTypes.spawnCreature(EntityTypes.java:346) ~[patched_1.16.5.jar:git-Paper-794]
	at net.minecraft.server.v1_16_R3.EntityTypes.spawnCreature(EntityTypes.java:323) ~[patched_1.16.5.jar:git-Paper-794]
	at tech.sebazcrc.permadeath.nms.v1_16_R3.NMSHandlerImpl.spawnNMSEntity(NMSHandlerImpl.java:326) ~[?:?]
	at tech.sebazcrc.permadeath.task.GatoGalacticoTask.run(GatoGalacticoTask.java:170) ~[?:?]
	at org.bukkit.craftbukkit.v1_16_R3.scheduler.CraftTask.run(CraftTask.java:101) ~[patched_1.16.5.jar:git-Paper-794]
	at org.bukkit.craftbukkit.v1_16_R3.scheduler.CraftScheduler.mainThreadHeartbeat(CraftScheduler.java:485) ~[patched_1.16.5.jar:git-Paper-794]
	at net.minecraft.server.v1_16_R3.MinecraftServer.b(MinecraftServer.java:1432) ~[patched_1.16.5.jar:git-Paper-794]
	at net.minecraft.server.v1_16_R3.DedicatedServer.b(DedicatedServer.java:436) ~[patched_1.16.5.jar:git-Paper-794]
	at net.minecraft.server.v1_16_R3.MinecraftServer.a(MinecraftServer.java:1347) ~[patched_1.16.5.jar:git-Paper-794]
	at net.minecraft.server.v1_16_R3.MinecraftServer.w(MinecraftServer.java:1135) ~[patched_1.16.5.jar:git-Paper-794]
	at net.minecraft.server.v1_16_R3.MinecraftServer.lambda$a$0(MinecraftServer.java:291) ~[patched_1.16.5.jar:git-Paper-794]
	at java.lang.Thread.run(Thread.java:829) [?:?]
[23:20:31] [Server thread/INFO]: Un gato galáctico ha invicado un(a) Giga Phantom (12.5, 237.0, -165.5
[23:20:31] [Server thread/INFO]: Un gato galáctico invocará un mob al azar en: 1
[23:20:31] [Server thread/INFO]: Un gato galáctico ha invicado un(a) Endermite Misterioso (12.5, 237.0, -165.5
[23:20:31] [Server thread/INFO]: Un gato galáctico invocará un mob al azar en: 1
[23:20:31] [Server thread/INFO]: Un gato galáctico ha invicado un(a) Esqueleto de Clase (12.5, 237.0, -165.5
[23:20:31] [Server thread/INFO]: Un gato galáctico invocará un mob al azar en: 1
[23:20:31] [Server thread/INFO]: Un gato galáctico ha invicado un(a) Ender Ghast (12.5, 237.0, -165.5
[23:20:31] [Server thread/INFO]: Un gato galáctico invocará un mob al azar en: 1
[23:20:31] [Server thread/INFO]: Un gato galáctico ha invicado un(a) Esqueleto de Clase (12.5, 237.0, -165.5
[23:20:31] [Server thread/INFO]: Un gato galáctico invocará un mob al azar en: 1
[23:20:31] [Server thread/INFO]: Un gato galáctico ha invicado un(a) Permadeath Demon (12.5, 237.0, -165.5
[23:20:31] [Server thread/INFO]: Un gato galáctico invocará un mob al azar en: 1
[23:20:31] [Server thread/INFO]: Un gato galáctico ha invicado un(a) Giga Slime (12.5, 237.0, -165.5
[23:20:31] [Server thread/INFO]: Un gato galáctico invocará un mob al azar en: 1
[23:20:31] [Server thread/INFO]: Un gato galáctico ha invicado un(a) Bruja Imposible (12.5, 237.0, -165.5
[23:20:31] [Server thread/INFO]: Un gato galáctico invocará un mob al azar en: 1
[23:20:31] [Server thread/INFO]: Un gato galáctico ha invicado un(a) Silverfish de la Muerte (12.5, 237.0, -165.5
[23:20:31] [Server thread/INFO]: Un gato galáctico invocará un mob al azar en: 1
[23:20:31] [Server thread/INFO]: Un gato galáctico ha invicado un(a) Silverfish de la Muerte (12.5, 237.0, -165.5
[23:20:31] [Server thread/INFO]: Un gato galáctico invocará un mob al azar en: 1
[23:20:31] [Server thread/INFO]: Un gato galáctico ha invicado un(a) Esqueleto de Clase (12.5, 237.0, -165.5
[23:20:31] [Server thread/INFO]: Un gato galáctico invocará un mob al azar en: 1
[23:20:31] [Server thread/INFO]: Un gato galáctico ha invicado un(a) Ghast Demoníaco (12.5, 237.0, -165.5
[23:20:31] [Server thread/INFO]: Un gato galáctico invocará un mob al azar en: 1
[23:20:31] [Server thread/INFO]: Un gato galáctico ha invicado un(a) Giga Phantom (12.5, 237.0, -165.5
[23:20:31] [Server thread/INFO]: Un gato galáctico invocará un mob al azar en: 1
[23:20:31] [Server thread/INFO]: Un gato galáctico ha invicado un(a) Gato Supernova (12.5, 237.0, -165.5
[23:20:31] [Server thread/INFO]: Un gato galáctico invocará un mob al azar en: 1
[23:20:31] [Server thread/INFO]: Un gato galáctico ha invicado un(a) Esqueleto de Clase (12.5, 237.0, -165.5
[23:20:31] [Server thread/INFO]: Un gato galáctico invocará un mob al azar en: 1
[23:20:31] [Server thread/INFO]: Un gato galáctico ha invicado un(a) Permadeath Demon (12.5, 237.0, -165.5
[23:20:31] [Server thread/INFO]: Un gato galáctico invocará un mob al azar en: 1
[23:20:31] [Server thread/INFO]: Un gato galáctico ha invicado un(a) Giga MagmaCube (12.5, 237.0, -165.5
[23:20:31] [Server thread/INFO]: Un gato galáctico invocará un mob al azar en: 1
[23:20:31] [Server thread/INFO]: Un gato galáctico ha invicado un(a) Araña con Efectos (12.5, 237.0, -165.5
[23:20:31] [Server thread/INFO]: Un gato galáctico invocará un mob al azar en: 1
[23:20:31] [Server thread/INFO]: Un gato galáctico ha invicado un(a) Giga Slime (12.5, 237.0, -165.5
[23:20:31] [Server thread/INFO]: Un gato galáctico invocará un mob al azar en: 1
[23:20:31] [Server thread/INFO]: Un gato galáctico ha invicado un(a) Silverfish de la Muerte (12.5, 237.0, -165.5
[23:20:31] [Server thread/INFO]: Un gato galáctico invocará un mob al azar en: 1
[23:20:31] [Server thread/INFO]: Un gato galáctico ha invicado un(a) Wither Skeleton Emperador (12.5, 237.0, -165.5
[23:20:31] [Server thread/INFO]: Un gato galáctico invocará un mob al azar en: 1
[23:20:31] [Server thread/INFO]: Un gato galáctico ha invicado un(a) Giga Slime (12.5, 237.0, -165.5
[23:20:31] [Server thread/INFO]: Un gato galáctico invocará un mob al azar en: 1
[23:20:31] [Server thread/INFO]: Un gato galáctico ha invicado un(a) Giga Slime (12.5, 237.0, -165.5
[23:20:31] [Server thread/INFO]: Un gato galáctico invocará un mob al azar en: 1
[23:20:31] [Server thread/INFO]: Un gato galáctico ha invicado un(a) Ender Ghast (12.5, 237.0, -165.5
[23:20:31] [Server thread/INFO]: Un gato galáctico invocará un mob al azar en: 1
[23:20:31] [Server thread/INFO]: Un gato galáctico ha invicado un(a) Bruja Imposible (12.5, 237.0, -165.5
[23:20:31] [Server thread/INFO]: Un gato galáctico invocará un mob al azar en: 1
[23:20:31] [Server thread/INFO]: Un gato galáctico ha invicado un(a) Pufferfish invulnerable (12.5, 237.0, -165.5
[23:20:31] [Server thread/INFO]: Un gato galáctico invocará un mob al azar en: 1
[23:20:31] [Server thread/INFO]: Un gato galáctico ha invicado un(a) Ultra Ravager (12.5, 237.0, -165.5
[23:20:31] [Server thread/INFO]: Un gato galáctico invocará un mob al azar en: 1
[23:20:31] [Server thread/INFO]: Un gato galáctico ha invicado un(a) Endermite Misterioso (12.5, 237.0, -165.5
[23:20:31] [Server thread/INFO]: Un gato galáctico invocará un mob al azar en: 1
[23:20:31] [Server thread/INFO]: Un gato galáctico ha invicado un(a) Shulker Tnt (12.5, 237.0, -165.5
[23:20:31] [Server thread/INFO]: Un gato galáctico invocará un mob al azar en: 1
[23:20:31] [Server thread/INFO]: Un gato galáctico ha invicado un(a) Esqueleto de Clase (12.5, 237.0, -165.5
[23:20:31] [Server thread/INFO]: Un gato galáctico invocará un mob al azar en: 1
[23:20:31] [Server thread/INFO]: Un gato galáctico ha invicado un(a) Wither Skeleton Emperador (12.5, 237.0, -165.5
[23:20:31] [Server thread/INFO]: Un gato galáctico invocará un mob al azar en: 1
[23:20:31] [Server thread/INFO]: Un gato galáctico ha invicado un(a) Demonio Flotante (12.5, 237.0, -165.5
[23:20:31] [Server thread/INFO]: Un gato galáctico invocará un mob al azar en: 1
[23:20:31] [Server thread/INFO]: Un gato galáctico ha invicado un(a) Pufferfish invulnerable (12.5, 237.0, -165.5
[23:20:31] [Server thread/INFO]: Un gato galáctico invocará un mob al azar en: 1
[23:20:31] [Server thread/INFO]: Un gato galáctico ha invicado un(a) Endermite Misterioso (12.5, 237.0, -165.5
[23:20:31] [Server thread/INFO]: Un gato galáctico invocará un mob al azar en: 1
[23:20:31] [Server thread/INFO]: Un gato galáctico ha invicado un(a) Silverfish de la Muerte (12.5, 237.0, -165.5
[23:20:31] [Server thread/INFO]: Un gato galáctico invocará un mob al azar en: 1
[23:20:31] [Server thread/INFO]: Un gato galáctico ha invicado un(a) Wither Skeleton Emperador (12.5, 237.0, -165.5
[23:20:31] [Server thread/INFO]: Un gato galáctico invocará un mob al azar en: 1
[23:20:31] [Server thread/INFO]: Un gato galáctico ha invicado un(a) Giga Slime (12.5, 237.0, -165.5
[23:20:31] [Server thread/INFO]: Un gato galáctico invocará un mob al azar en: 1
[23:20:31] [Server thread/INFO]: Un gato galáctico ha invicado un(a) Pufferfish invulnerable (12.5, 237.0, -165.5
[23:20:31] [Server thread/INFO]: Un gato galáctico invocará un mob al azar en: 1
[23:20:31] [Server thread/INFO]: Un gato galáctico ha invicado un(a) Esqueleto de Clase (12.5, 237.0, -165.5
[23:20:31] [Server thread/INFO]: Un gato galáctico invocará un mob al azar en: 1
[23:20:31] [Server thread/INFO]: Un gato galáctico ha invicado un(a) Bruja Imposible (12.5, 237.0, -165.5
[23:20:31] [Server thread/INFO]: Un gato galáctico invocará un mob al azar en: 1
[23:20:31] [Server thread/INFO]: Un gato galáctico ha invicado un(a) Wither Skeleton Emperador (12.5, 237.0, -165.5
[23:20:31] [Server thread/INFO]: Un gato galáctico invocará un mob al azar en: 1
[23:20:31] [Server thread/ERROR]: Could not pass event CreatureSpawnEvent to Permadeath v1.3
java.lang.NullPointerException: null
	at tech.sebazcrc.permadeath.nms.v1_16_R3.NMSHandlerImpl.spawnNMSEntity(NMSHandlerImpl.java:326) ~[?:?]
	at tech.sebazcrc.permadeath.event.entity.SpawnListener.onSpawn(SpawnListener.java:127) ~[?:?]
	at com.destroystokyo.paper.event.executor.asm.generated.GeneratedEventExecutor9.execute(Unknown Source) ~[?:?]
	at org.bukkit.plugin.EventExecutor.lambda$create$1(EventExecutor.java:69) ~[patched_1.16.5.jar:git-Paper-794]
	at co.aikar.timings.TimedEventExecutor.execute(TimedEventExecutor.java:80) ~[patched_1.16.5.jar:git-Paper-794]
	at org.bukkit.plugin.RegisteredListener.callEvent(RegisteredListener.java:70) ~[patched_1.16.5.jar:git-Paper-794]
	at org.bukkit.plugin.SimplePluginManager.callEvent(SimplePluginManager.java:624) ~[patched_1.16.5.jar:git-Paper-794]
	at org.bukkit.craftbukkit.v1_16_R3.event.CraftEventFactory.callCreatureSpawnEvent(CraftEventFactory.java:722) ~[patched_1.16.5.jar:git-Paper-794]
	at org.bukkit.craftbukkit.v1_16_R3.event.CraftEventFactory.doEntityAddEventCalling(CraftEventFactory.java:640) ~[patched_1.16.5.jar:git-Paper-794]
	at net.minecraft.server.v1_16_R3.WorldServer.addEntity0(WorldServer.java:1302) ~[patched_1.16.5.jar:git-Paper-794]
	at net.minecraft.server.v1_16_R3.WorldServer.addEntity(WorldServer.java:1203) ~[patched_1.16.5.jar:git-Paper-794]
	at net.minecraft.server.v1_16_R3.WorldAccess.lambda$addAllEntities$0(WorldAccess.java:16) ~[patched_1.16.5.jar:git-Paper-794]
	at java.util.stream.Streams$StreamBuilderImpl.forEachRemaining(Streams.java:411) ~[?:?]
	at java.util.stream.Streams$ConcatSpliterator.forEachRemaining(Streams.java:734) ~[?:?]
	at java.util.stream.ReferencePipeline$Head.forEach(ReferencePipeline.java:658) ~[?:?]
	at net.minecraft.server.v1_16_R3.WorldAccess.addAllEntities(WorldAccess.java:16) ~[patched_1.16.5.jar:git-Paper-794]
	at net.minecraft.server.v1_16_R3.EntityTypes.spawnCreature(EntityTypes.java:346) ~[patched_1.16.5.jar:git-Paper-794]
	at net.minecraft.server.v1_16_R3.EntityTypes.spawnCreature(EntityTypes.java:323) ~[patched_1.16.5.jar:git-Paper-794]
	at tech.sebazcrc.permadeath.nms.v1_16_R3.NMSHandlerImpl.spawnNMSEntity(NMSHandlerImpl.java:326) ~[?:?]
	at tech.sebazcrc.permadeath.task.GatoGalacticoTask.run(GatoGalacticoTask.java:170) ~[?:?]
	at org.bukkit.craftbukkit.v1_16_R3.scheduler.CraftTask.run(CraftTask.java:101) ~[patched_1.16.5.jar:git-Paper-794]
	at org.bukkit.craftbukkit.v1_16_R3.scheduler.CraftScheduler.mainThreadHeartbeat(CraftScheduler.java:485) ~[patched_1.16.5.jar:git-Paper-794]
	at net.minecraft.server.v1_16_R3.MinecraftServer.b(MinecraftServer.java:1432) ~[patched_1.16.5.jar:git-Paper-794]
	at net.minecraft.server.v1_16_R3.DedicatedServer.b(DedicatedServer.java:436) ~[patched_1.16.5.jar:git-Paper-794]
	at net.minecraft.server.v1_16_R3.MinecraftServer.a(MinecraftServer.java:1347) ~[patched_1.16.5.jar:git-Paper-794]
	at net.minecraft.server.v1_16_R3.MinecraftServer.w(MinecraftServer.java:1135) ~[patched_1.16.5.jar:git-Paper-794]
	at net.minecraft.server.v1_16_R3.MinecraftServer.lambda$a$0(MinecraftServer.java:291) ~[patched_1.16.5.jar:git-Paper-794]
	at java.lang.Thread.run(Thread.java:829) [?:?]
[23:20:31] [Server thread/INFO]: Un gato galáctico ha invicado un(a) Giga Phantom (12.5, 237.0, -165.5
[23:20:31] [Server thread/INFO]: Un gato galáctico invocará un mob al azar en: 1
[23:20:31] [Server thread/INFO]: Un gato galáctico ha invicado un(a) Ender Quantum Creeper (12.5, 237.0, -165.5
[23:20:31] [Server thread/INFO]: Un gato galáctico invocará un mob al azar en: 1
[23:20:31] [Server thread/INFO]: Un gato galáctico ha invicado un(a) Permadeath Demon (12.5, 237.0, -165.5
[23:20:31] [Server thread/INFO]: Un gato galáctico invocará un mob al azar en: 1
[23:20:31] [Server thread/INFO]: Un gato galáctico ha invicado un(a) Giga Slime (12.5, 237.0, -165.5
[23:20:31] [Server thread/INFO]: Un gato galáctico invocará un mob al azar en: 1
[23:20:31] [Server thread/INFO]: Un gato galáctico ha invicado un(a) Giga Slime (12.5, 237.0, -165.5
[23:20:31] [Server thread/INFO]: Un gato galáctico invocará un mob al azar en: 1
[23:20:31] [Server thread/WARN]: [Permadeath] Task #255894 for Permadeath v1.3 generated an exception
java.lang.NullPointerException: null
	at tech.sebazcrc.permadeath.nms.v1_16_R3.NMSHandlerImpl.spawnNMSEntity(NMSHandlerImpl.java:326) ~[?:?]
	at tech.sebazcrc.permadeath.task.GatoGalacticoTask.run(GatoGalacticoTask.java:150) ~[?:?]
	at org.bukkit.craftbukkit.v1_16_R3.scheduler.CraftTask.run(CraftTask.java:101) ~[patched_1.16.5.jar:git-Paper-794]
	at org.bukkit.craftbukkit.v1_16_R3.scheduler.CraftScheduler.mainThreadHeartbeat(CraftScheduler.java:485) ~[patched_1.16.5.jar:git-Paper-794]
	at net.minecraft.server.v1_16_R3.MinecraftServer.b(MinecraftServer.java:1432) ~[patched_1.16.5.jar:git-Paper-794]
	at net.minecraft.server.v1_16_R3.DedicatedServer.b(DedicatedServer.java:436) ~[patched_1.16.5.jar:git-Paper-794]
	at net.minecraft.server.v1_16_R3.MinecraftServer.a(MinecraftServer.java:1347) ~[patched_1.16.5.jar:git-Paper-794]
	at net.minecraft.server.v1_16_R3.MinecraftServer.w(MinecraftServer.java:1135) ~[patched_1.16.5.jar:git-Paper-794]
	at net.minecraft.server.v1_16_R3.MinecraftServer.lambda$a$0(MinecraftServer.java:291) ~[patched_1.16.5.jar:git-Paper-794]
	at java.lang.Thread.run(Thread.java:829) [?:?]
[23:20:31] [Server thread/INFO]: Un gato galáctico invocará un mob al azar en: 1
[23:20:31] [Server thread/INFO]: Un gato galáctico ha invicado un(a) Wither Skeleton Emperador (12.5, 237.0, -165.5
[23:20:32] [Server thread/INFO]: Un gato galáctico ha invicado un(a) Giga Phantom (12.5, 237.0, -165.5
[23:20:32] [Server thread/INFO]: Un gato galáctico ha invicado un(a) Bruja Imposible (12.5, 237.0, -165.5
[23:21:35] [Server thread/INFO]: RompOrTos issued server command: /time set day
[23:22:01] [Server thread/INFO]: RompOrTos issued server command: /kill @e
[23:22:01] [Server thread/INFO]: Set the weather to rain & thunder
[23:22:01] [Server thread/INFO]: Permadeath ➤ The Beginning ha cerrado temporalmente (DeathTrain).
[23:22:01] [Server thread/INFO]: Permadeath ➤ ¡Ha comenzado el modo UHC!
[23:22:01] [Server thread/INFO]: RompOrTos ha muerto y ahora descanza en paz.
[23:22:01] [Server thread/INFO]: Este es el comienzo del sufrimiento eterno de RompOrTos. ¡HA SIDO PERMABANEADO!
[23:22:01] [Server thread/INFO]: X: 34 || Y: 251 || Z: -180
[23:22:01] [Server thread/INFO]: RompOrTos fell out of the world
[23:22:02] [Server thread/INFO]: Set the weather to rain & thunder
[23:22:02] [Server thread/INFO]: Permadeath ➤ The Beginning ha cerrado temporalmente (DeathTrain).
[23:22:02] [Server thread/INFO]: Permadeath ➤ ¡Ha comenzado el modo UHC!
[23:22:02] [Server thread/INFO]: TTottaly_RED ha muerto y ahora descanza en paz.
[23:22:02] [Server thread/INFO]: Este es el comienzo del sufrimiento eterno de TTottaly_RED. ¡HA SIDO PERMABANEADO!
[23:22:02] [Server thread/INFO]: X: 36 || Y: 250 || Z: -180
[23:22:02] [Server thread/INFO]: TTottaly_RED fell out of the world
[23:22:02] [Server thread/INFO]: La maldición de un Gato Galáctico ha comenzado en: 167, 63, -340
[23:22:02] [Server thread/INFO]: La maldición de un Gato Galáctico ha comenzado en: 172, 65, -341
[23:22:02] [Server thread/INFO]: Un gato galáctico invocará un mob al azar en: 5
[23:22:02] [Server thread/INFO]: Un gato galáctico invocará un mob al azar en: 5
[23:22:03] [Server thread/INFO]: Un gato galáctico invocará un mob al azar en: 4
[23:22:03] [Server thread/INFO]: Un gato galáctico invocará un mob al azar en: 4
[23:22:04] [Server thread/INFO]: Un gato galáctico invocará un mob al azar en: 3
[23:22:04] [Server thread/INFO]: Un gato galáctico invocará un mob al azar en: 3
[23:22:04] [Server thread/ERROR]: Could not pass event ChunkLoadEvent to Permadeath v1.3
java.lang.ClassCastException: null
[23:22:05] [Server thread/INFO]: Un gato galáctico invocará un mob al azar en: 2
[23:22:05] [Server thread/INFO]: Un gato galáctico invocará un mob al azar en: 2
[23:22:06] [Server thread/INFO]: Un gato galáctico invocará un mob al azar en: 1
[23:22:06] [Server thread/INFO]: Un gato galáctico ha invicado un(a) Pufferfish invulnerable (167.5, 63.0, -340.5
[23:22:06] [Server thread/INFO]: Un gato galáctico invocará un mob al azar en: 1
[23:22:06] [Server thread/INFO]: Un gato galáctico ha invicado un(a) Demonio Flotante (172.5, 65.0, -341.5
[23:22:06] [Server thread/INFO]: ¡Comienza el Death Train con duración de 5 horas y 30 minutos!
[23:22:06] [Server thread/INFO]: ¡Comienza el Death Train con duración de 5 horas y 30 minutos!
[23:22:08] [Server thread/INFO]: RompOrTos issued server command: /gamemode creative
[23:22:17] [Server thread/INFO]: RompOrTos issued server command: /gamemode creative TTottaly_RED
[23:22:18] [Async Chat Thread - #14/INFO]: <TTottaly_RED> q fue
[23:22:20] [Async Chat Thread - #14/INFO]: <TTottaly_RED> jaja
[23:22:57] [Server thread/INFO]: RompOrTos issued server command: /pdc storm removehours 100
[23:22:58] [Server thread/INFO]: La tormenta ha llegado a su fin.
[23:23:38] [Async Chat Thread - #15/INFO]: <TTottaly_RED> ya fue pc
[23:23:39] [Server thread/INFO]: La maldición de un Gato Galáctico ha comenzado en: -32, 63, 217
[23:23:39] [Server thread/INFO]: Un gato galáctico invocará un mob al azar en: 5
[23:23:39] [Server thread/INFO]: La maldición de un Gato Galáctico ha comenzado en: -32, 63, 217
[23:23:39] [Server thread/INFO]: Un gato galáctico invocará un mob al azar en: 5
[23:23:39] [Server thread/INFO]: La maldición de un Gato Galáctico ha comenzado en: -32, 63, 217
[23:23:39] [Server thread/INFO]: Un gato galáctico invocará un mob al azar en: 5
[23:23:39] [Server thread/INFO]: La maldición de un Gato Galáctico ha comenzado en: -32, 63, 217
[23:23:39] [Server thread/INFO]: Un gato galáctico invocará un mob al azar en: 5
[23:23:39] [Server thread/INFO]: La maldición de un Gato Galáctico ha comenzado en: -32, 63, 217
[23:23:39] [Server thread/INFO]: La maldición de un Gato Galáctico ha comenzado en: -32, 63, 217
[23:23:39] [Server thread/INFO]: La maldición de un Gato Galáctico ha comenzado en: -32, 63, 217
[23:23:39] [Server thread/INFO]: Un gato galáctico invocará un mob al azar en: 5
[23:23:39] [Server thread/INFO]: Un gato galáctico invocará un mob al azar en: 5
[23:23:39] [Server thread/INFO]: Un gato galáctico invocará un mob al azar en: 5
[23:23:39] [Server thread/INFO]: La maldición de un Gato Galáctico ha comenzado en: -32, 63, 217
[23:23:39] [Server thread/INFO]: Un gato galáctico invocará un mob al azar en: 5
[23:23:40] [Server thread/INFO]: La maldición de un Gato Galáctico ha comenzado en: -32, 63, 217
[23:23:40] [Server thread/INFO]: Un gato galáctico invocará un mob al azar en: 5
[23:23:40] [Server thread/INFO]: Un gato galáctico invocará un mob al azar en: 4
[23:23:40] [Server thread/INFO]: Un gato galáctico invocará un mob al azar en: 4
[23:23:40] [Server thread/INFO]: Un gato galáctico invocará un mob al azar en: 4
[23:23:40] [Server thread/INFO]: Un gato galáctico invocará un mob al azar en: 4
[23:23:40] [Server thread/INFO]: Un gato galáctico invocará un mob al azar en: 4
[23:23:40] [Server thread/INFO]: Un gato galáctico invocará un mob al azar en: 4
[23:23:40] [Server thread/INFO]: Un gato galáctico invocará un mob al azar en: 4
[23:23:40] [Server thread/INFO]: La maldición de un Gato Galáctico ha comenzado en: -32, 63, 217
[23:23:40] [Server thread/INFO]: Un gato galáctico invocará un mob al azar en: 5
[23:23:40] [Server thread/INFO]: Un gato galáctico invocará un mob al azar en: 4
[23:23:41] [Server thread/INFO]: Un gato galáctico invocará un mob al azar en: 4
[23:23:41] [Server thread/INFO]: Un gato galáctico invocará un mob al azar en: 3
[23:23:41] [Server thread/INFO]: Un gato galáctico invocará un mob al azar en: 3
[23:23:41] [Server thread/INFO]: Un gato galáctico invocará un mob al azar en: 3
[23:23:41] [Server thread/INFO]: Un gato galáctico invocará un mob al azar en: 3
[23:23:41] [Server thread/INFO]: Un gato galáctico invocará un mob al azar en: 3
[23:23:41] [Server thread/INFO]: Un gato galáctico invocará un mob al azar en: 3
[23:23:41] [Server thread/INFO]: Un gato galáctico invocará un mob al azar en: 3
[23:23:41] [Server thread/INFO]: Un gato galáctico invocará un mob al azar en: 4
[23:23:41] [Server thread/INFO]: Un gato galáctico invocará un mob al azar en: 3
[23:23:42] [Server thread/INFO]: Un gato galáctico invocará un mob al azar en: 3
[23:23:42] [Server thread/INFO]: Un gato galáctico invocará un mob al azar en: 2
[23:23:42] [Server thread/INFO]: Un gato galáctico invocará un mob al azar en: 2
[23:23:42] [Server thread/INFO]: Un gato galáctico invocará un mob al azar en: 2
[23:23:42] [Server thread/INFO]: Un gato galáctico invocará un mob al azar en: 2
[23:23:42] [Server thread/INFO]: Un gato galáctico invocará un mob al azar en: 2
[23:23:42] [Server thread/INFO]: Un gato galáctico invocará un mob al azar en: 2
[23:23:42] [Server thread/INFO]: Un gato galáctico invocará un mob al azar en: 2
[23:23:42] [Server thread/INFO]: Un gato galáctico invocará un mob al azar en: 3
[23:23:42] [Server thread/INFO]: Un gato galáctico invocará un mob al azar en: 2
[23:23:43] [Server thread/INFO]: Un gato galáctico invocará un mob al azar en: 2
[23:23:43] [Server thread/INFO]: Un gato galáctico invocará un mob al azar en: 1
[23:23:43] [Server thread/INFO]: Un gato galáctico ha invicado un(a) Gigante (-32.30000001192093, 63.0, 217.69999998807907
[23:23:43] [Server thread/INFO]: La maldición de un Gato Galáctico ha comenzado en: -32, 63, 217
[23:23:43] [Server thread/INFO]: Un gato galáctico invocará un mob al azar en: 5
[23:23:43] [Server thread/INFO]: Un gato galáctico invocará un mob al azar en: 1
[23:23:43] [Server thread/INFO]: Un gato galáctico ha invicado un(a) Giga Slime (-32.30000001192093, 63.0, 217.30000001192093
[23:23:43] [Server thread/INFO]: Un gato galáctico invocará un mob al azar en: 1
[23:23:43] [Server thread/INFO]: Un gato galáctico ha invicado un(a) Ender Quantum Creeper (-32.30000001192093, 63.0, 217.69999998807907
[23:23:43] [Server thread/INFO]: La maldición de un Gato Galáctico ha comenzado en: -32, 63, 217
[23:23:43] [Server thread/INFO]: Un gato galáctico invocará un mob al azar en: 5
[23:23:43] [Server thread/INFO]: La maldición de un Gato Galáctico ha comenzado en: -32, 63, 217
[23:23:43] [Server thread/INFO]: Un gato galáctico invocará un mob al azar en: 5
[23:23:43] [Server thread/INFO]: Un gato galáctico invocará un mob al azar en: 1
[23:23:43] [Server thread/INFO]: Un gato galáctico ha invicado un(a) Giga Phantom (-32.69999998807907, 63.0, 217.30000001192093
[23:23:43] [Server thread/INFO]: Un gato galáctico invocará un mob al azar en: 1
[23:23:43] [Server thread/INFO]: Un gato galáctico ha invicado un(a) Ender Ghast (-32.30000001192093, 63.0, 217.69999998807907
[23:23:43] [Server thread/INFO]: Un gato galáctico invocará un mob al azar en: 1
[23:23:43] [Server thread/INFO]: Un gato galáctico ha invicado un(a) Giga Slime (-32.69999998807907, 63.0, 217.69999998807907
[23:23:43] [Server thread/INFO]: Un gato galáctico invocará un mob al azar en: 1
[23:23:43] [Server thread/INFO]: Un gato galáctico ha invicado un(a) Bruja Imposible (-32.30000001192093, 63.0, 217.69999998807907
[23:23:43] [Server thread/INFO]: La maldición de un Gato Galáctico ha comenzado en: -32, 63, 217
[23:23:43] [Server thread/INFO]: La maldición de un Gato Galáctico ha comenzado en: -32, 63, 217
[23:23:43] [Server thread/INFO]: Un gato galáctico invocará un mob al azar en: 5
[23:23:43] [Server thread/INFO]: Un gato galáctico invocará un mob al azar en: 5
[23:23:43] [Server thread/INFO]: Un gato galáctico invocará un mob al azar en: 2
[23:23:43] [Server thread/INFO]: Un gato galáctico invocará un mob al azar en: 1
[23:23:43] [Server thread/INFO]: Un gato galáctico ha invicado un(a) Giga Phantom (-32.30000001192093, 63.0, 217.69999998807907
[23:23:44] [Server thread/INFO]: Un gato galáctico invocará un mob al azar en: 1
[23:23:44] [Server thread/INFO]: Un gato galáctico ha invicado un(a) Bruja Imposible (-32.69999998807907, 63.0, 217.30000001192093
[23:23:44] [Server thread/INFO]: La maldición de un Gato Galáctico ha comenzado en: -32, 63, 217
[23:23:44] [Server thread/INFO]: Un gato galáctico invocará un mob al azar en: 5
[23:23:44] [Server thread/INFO]: Un gato galáctico invocará un mob al azar en: 4
[23:23:44] [Server thread/INFO]: Un gato galáctico invocará un mob al azar en: 4
[23:23:44] [Server thread/INFO]: Un gato galáctico invocará un mob al azar en: 4
[23:23:44] [Server thread/INFO]: Un gato galáctico invocará un mob al azar en: 4
[23:23:44] [Server thread/INFO]: Un gato galáctico invocará un mob al azar en: 4
[23:23:44] [Server thread/INFO]: Un gato galáctico invocará un mob al azar en: 1
[23:23:44] [Server thread/INFO]: Un gato galáctico ha invicado un(a) Permadeath Demon (-32.30000001192093, 63.0, 217.69999998807907
[23:23:44] [Server thread/INFO]: La maldición de un Gato Galáctico ha comenzado en: -32, 63, 217
[23:23:44] [Server thread/INFO]: La maldición de un Gato Galáctico ha comenzado en: -32, 63, 217
[23:23:44] [Server thread/INFO]: La maldición de un Gato Galáctico ha comenzado en: -32, 63, 217
[23:23:44] [Server thread/INFO]: La maldición de un Gato Galáctico ha comenzado en: -32, 63, 217
[23:23:44] [Server thread/INFO]: La maldición de un Gato Galáctico ha comenzado en: -32, 63, 217
[23:23:44] [Server thread/INFO]: La maldición de un Gato Galáctico ha comenzado en: -32, 63, 217
[23:23:44] [Server thread/INFO]: La maldición de un Gato Galáctico ha comenzado en: -32, 63, 217
[23:23:44] [Server thread/INFO]: La maldición de un Gato Galáctico ha comenzado en: -32, 63, 217
[23:23:44] [Server thread/INFO]: La maldición de un Gato Galáctico ha comenzado en: -32, 63, 217
[23:23:44] [Server thread/INFO]: La maldición de un Gato Galáctico ha comenzado en: -32, 63, 217
[23:23:44] [Server thread/INFO]: La maldición de un Gato Galáctico ha comenzado en: -32, 63, 217
[23:23:44] [Server thread/INFO]: La maldición de un Gato Galáctico ha comenzado en: -32, 63, 217
[23:23:44] [Server thread/INFO]: La maldición de un Gato Galáctico ha comenzado en: -32, 63, 217
[23:23:44] [Server thread/INFO]: La maldición de un Gato Galáctico ha comenzado en: -32, 63, 217
[23:23:44] [Server thread/INFO]: La maldición de un Gato Galáctico ha comenzado en: -32, 63, 217
[23:23:44] [Server thread/INFO]: Un gato galáctico invocará un mob al azar en: 5
[23:23:44] [Server thread/INFO]: Un gato galáctico invocará un mob al azar en: 5
[23:23:44] [Server thread/INFO]: Un gato galáctico invocará un mob al azar en: 5
[23:23:44] [Server thread/INFO]: Un gato galáctico invocará un mob al azar en: 5
[23:23:44] [Server thread/INFO]: Un gato galáctico invocará un mob al azar en: 5
[23:23:44] [Server thread/INFO]: Un gato galáctico invocará un mob al azar en: 5
[23:23:44] [Server thread/INFO]: Un gato galáctico invocará un mob al azar en: 5
[23:23:44] [Server thread/INFO]: Un gato galáctico invocará un mob al azar en: 5
[23:23:44] [Server thread/INFO]: Un gato galáctico invocará un mob al azar en: 5
[23:23:44] [Server thread/INFO]: Un gato galáctico invocará un mob al azar en: 5
[23:23:44] [Server thread/INFO]: Un gato galáctico invocará un mob al azar en: 5
[23:23:44] [Server thread/INFO]: Un gato galáctico invocará un mob al azar en: 5
[23:23:44] [Server thread/INFO]: Un gato galáctico invocará un mob al azar en: 5
[23:23:44] [Server thread/INFO]: Un gato galáctico invocará un mob al azar en: 5
[23:23:44] [Server thread/INFO]: Un gato galáctico invocará un mob al azar en: 5
[23:23:45] [Server thread/INFO]: Un gato galáctico invocará un mob al azar en: 4
[23:23:45] [Server thread/INFO]: Un gato galáctico invocará un mob al azar en: 3
[23:23:45] [Server thread/INFO]: Un gato galáctico invocará un mob al azar en: 3
[23:23:45] [Server thread/INFO]: Un gato galáctico invocará un mob al azar en: 3
[23:23:45] [Server thread/INFO]: Un gato galáctico invocará un mob al azar en: 3
[23:23:45] [Server thread/INFO]: Un gato galáctico invocará un mob al azar en: 3
[23:23:45] [Server thread/INFO]: Un gato galáctico invocará un mob al azar en: 4
[23:23:45] [Server thread/INFO]: Un gato galáctico invocará un mob al azar en: 4
[23:23:45] [Server thread/INFO]: Un gato galáctico invocará un mob al azar en: 4
[23:23:45] [Server thread/INFO]: Un gato galáctico invocará un mob al azar en: 4
[23:23:45] [Server thread/INFO]: Un gato galáctico invocará un mob al azar en: 4
[23:23:45] [Server thread/INFO]: Un gato galáctico invocará un mob al azar en: 4
[23:23:45] [Server thread/INFO]: Un gato galáctico invocará un mob al azar en: 4
[23:23:45] [Server thread/INFO]: Un gato galáctico invocará un mob al azar en: 4
[23:23:45] [Server thread/INFO]: Un gato galáctico invocará un mob al azar en: 4
[23:23:45] [Server thread/INFO]: Un gato galáctico invocará un mob al azar en: 4
[23:23:45] [Server thread/INFO]: Un gato galáctico invocará un mob al azar en: 4
[23:23:45] [Server thread/INFO]: Un gato galáctico invocará un mob al azar en: 4
[23:23:45] [Server thread/INFO]: Un gato galáctico invocará un mob al azar en: 4
[23:23:45] [Server thread/INFO]: Un gato galáctico invocará un mob al azar en: 4
[23:23:45] [Server thread/INFO]: Un gato galáctico invocará un mob al azar en: 4
[23:23:46] [Server thread/INFO]: Un gato galáctico invocará un mob al azar en: 3
[23:23:46] [Server thread/INFO]: Un gato galáctico invocará un mob al azar en: 2
[23:23:46] [Server thread/INFO]: Un gato galáctico invocará un mob al azar en: 2
[23:23:46] [Server thread/INFO]: Un gato galáctico invocará un mob al azar en: 2
[23:23:46] [Server thread/INFO]: Un gato galáctico invocará un mob al azar en: 2
[23:23:46] [Server thread/INFO]: Un gato galáctico invocará un mob al azar en: 2
[23:23:46] [Server thread/INFO]: Un gato galáctico invocará un mob al azar en: 3
[23:23:46] [Server thread/INFO]: Un gato galáctico invocará un mob al azar en: 3
[23:23:46] [Server thread/INFO]: Un gato galáctico invocará un mob al azar en: 3
[23:23:46] [Server thread/INFO]: Un gato galáctico invocará un mob al azar en: 3
[23:23:46] [Server thread/INFO]: Un gato galáctico invocará un mob al azar en: 3
[23:23:46] [Server thread/INFO]: Un gato galáctico invocará un mob al azar en: 3
[23:23:46] [Server thread/INFO]: Un gato galáctico invocará un mob al azar en: 3
[23:23:46] [Server thread/INFO]: Un gato galáctico invocará un mob al azar en: 3
[23:23:46] [Server thread/INFO]: Un gato galáctico invocará un mob al azar en: 3
[23:23:46] [Server thread/INFO]: Un gato galáctico invocará un mob al azar en: 3
[23:23:46] [Server thread/INFO]: Un gato galáctico invocará un mob al azar en: 3
[23:23:46] [Server thread/INFO]: Un gato galáctico invocará un mob al azar en: 3
[23:23:46] [Server thread/INFO]: Un gato galáctico invocará un mob al azar en: 3
[23:23:46] [Server thread/INFO]: Un gato galáctico invocará un mob al azar en: 3
[23:23:46] [Server thread/INFO]: Un gato galáctico invocará un mob al azar en: 3
[23:23:47] [Server thread/INFO]: Un gato galáctico invocará un mob al azar en: 2
[23:23:47] [Server thread/INFO]: Un gato galáctico invocará un mob al azar en: 1
[23:23:47] [Server thread/WARN]: [Permadeath] Task #258633 for Permadeath v1.3 generated an exception
java.lang.NullPointerException: null
	at tech.sebazcrc.permadeath.nms.v1_16_R3.NMSHandlerImpl.spawnNMSEntity(NMSHandlerImpl.java:326) ~[?:?]
	at tech.sebazcrc.permadeath.task.GatoGalacticoTask.run(GatoGalacticoTask.java:150) ~[?:?]
	at org.bukkit.craftbukkit.v1_16_R3.scheduler.CraftTask.run(CraftTask.java:101) ~[patched_1.16.5.jar:git-Paper-794]
	at org.bukkit.craftbukkit.v1_16_R3.scheduler.CraftScheduler.mainThreadHeartbeat(CraftScheduler.java:485) ~[patched_1.16.5.jar:git-Paper-794]
	at net.minecraft.server.v1_16_R3.MinecraftServer.b(MinecraftServer.java:1432) ~[patched_1.16.5.jar:git-Paper-794]
	at net.minecraft.server.v1_16_R3.DedicatedServer.b(DedicatedServer.java:436) ~[patched_1.16.5.jar:git-Paper-794]
	at net.minecraft.server.v1_16_R3.MinecraftServer.a(MinecraftServer.java:1347) ~[patched_1.16.5.jar:git-Paper-794]
	at net.minecraft.server.v1_16_R3.MinecraftServer.w(MinecraftServer.java:1135) ~[patched_1.16.5.jar:git-Paper-794]
	at net.minecraft.server.v1_16_R3.MinecraftServer.lambda$a$0(MinecraftServer.java:291) ~[patched_1.16.5.jar:git-Paper-794]
	at java.lang.Thread.run(Thread.java:829) [?:?]
[23:23:47] [Server thread/INFO]: Un gato galáctico invocará un mob al azar en: 1
[23:23:47] [Server thread/INFO]: Un gato galáctico ha invicado un(a) Araña con Efectos (-32.69999998807907, 63.0, 217.69999998807907
[23:23:47] [Server thread/INFO]: Un gato galáctico invocará un mob al azar en: 1
[23:23:47] [Server thread/INFO]: Un gato galáctico ha invicado un(a) Permadeath Demon (-32.69999998807907, 63.0, 217.30000001192093
[23:23:47] [Server thread/INFO]: Un gato galáctico invocará un mob al azar en: 1
[23:23:47] [Server thread/INFO]: Un gato galáctico ha invicado un(a) Wither Skeleton Emperador (-32.69999998807907, 63.0, 217.30000001192093
[23:23:47] [Server thread/INFO]: Un gato galáctico invocará un mob al azar en: 1
[23:23:47] [Server thread/INFO]: Un gato galáctico ha invicado un(a) Permadeath Demon (-32.30000001192093, 63.0, 217.69999998807907
[23:23:47] [Server thread/INFO]: Un gato galáctico invocará un mob al azar en: 2
[23:23:47] [Server thread/INFO]: Un gato galáctico invocará un mob al azar en: 2
[23:23:47] [Server thread/INFO]: Un gato galáctico invocará un mob al azar en: 2
[23:23:47] [Server thread/INFO]: Un gato galáctico invocará un mob al azar en: 2
[23:23:47] [Server thread/INFO]: Un gato galáctico invocará un mob al azar en: 2
[23:23:47] [Server thread/INFO]: Un gato galáctico invocará un mob al azar en: 2
[23:23:47] [Server thread/INFO]: Un gato galáctico invocará un mob al azar en: 2
[23:23:47] [Server thread/INFO]: Un gato galáctico invocará un mob al azar en: 2
[23:23:47] [Server thread/INFO]: Un gato galáctico invocará un mob al azar en: 2
[23:23:47] [Server thread/INFO]: Un gato galáctico invocará un mob al azar en: 2
[23:23:47] [Server thread/INFO]: Un gato galáctico invocará un mob al azar en: 2
[23:23:47] [Server thread/INFO]: Un gato galáctico invocará un mob al azar en: 2
[23:23:47] [Server thread/INFO]: Un gato galáctico invocará un mob al azar en: 2
[23:23:47] [Server thread/INFO]: Un gato galáctico invocará un mob al azar en: 2
[23:23:47] [Server thread/INFO]: Un gato galáctico invocará un mob al azar en: 2
[23:23:48] [Server thread/INFO]: Un gato galáctico invocará un mob al azar en: 1
[23:23:48] [Server thread/INFO]: Un gato galáctico ha invicado un(a) Permadeath Demon (-32.69999998807907, 63.0, 217.30000001192093
[23:23:48] [Async Chat Thread - #15/INFO]: <TTottaly_RED> jaja
[23:23:48] [Server thread/INFO]: Un gato galáctico ha invicado un(a) Permadeath Demon (-32.30000001192093, 63.0, 217.69999998807907
[23:23:48] [Server thread/INFO]: Un gato galáctico invocará un mob al azar en: 1
[23:23:48] [Server thread/INFO]: Un gato galáctico ha invicado un(a) Permadeath Demon (-32.69999998807907, 63.0, 217.30000001192093
[23:23:48] [Server thread/INFO]: Un gato galáctico invocará un mob al azar en: 1
[23:23:48] [Server thread/INFO]: Un gato galáctico ha invicado un(a) Pufferfish invulnerable (-32.69999998807907, 63.0, 217.30000001192093
[23:23:48] [Server thread/INFO]: Un gato galáctico invocará un mob al azar en: 1
[23:23:48] [Server thread/INFO]: Un gato galáctico ha invicado un(a) Gigante (-32.69999998807907, 63.0, 217.30000001192093
[23:23:48] [Server thread/INFO]: Un gato galáctico invocará un mob al azar en: 1
[23:23:48] [Server thread/INFO]: Un gato galáctico ha invicado un(a) Gigante (-32.69999998807907, 63.0, 217.30000001192093
[23:23:48] [Server thread/INFO]: Un gato galáctico invocará un mob al azar en: 1
[23:23:48] [Server thread/INFO]: Un gato galáctico ha invicado un(a) Pufferfish invulnerable (-32.69999998807907, 63.0, 217.30000001192093
[23:23:48] [Server thread/INFO]: Un gato galáctico invocará un mob al azar en: 1
[23:23:48] [Server thread/INFO]: Un gato galáctico ha invicado un(a) Giga Slime (-32.69999998807907, 63.0, 217.30000001192093
[23:23:48] [Server thread/INFO]: Un gato galáctico invocará un mob al azar en: 1
[23:23:48] [Server thread/INFO]: Un gato galáctico ha invicado un(a) Gato Supernova (-32.69999998807907, 63.0, 217.69999998807907
[23:23:48] [Server thread/INFO]: Un gato galáctico invocará un mob al azar en: 1
[23:23:48] [Server thread/INFO]: Un gato galáctico ha invicado un(a) Pufferfish invulnerable (-32.69999998807907, 63.0, 217.69999998807907
[23:23:48] [Server thread/INFO]: Un gato galáctico invocará un mob al azar en: 1
[23:23:48] [Server thread/INFO]: Un gato galáctico ha invicado un(a) Ender Quantum Creeper (-32.69999998807907, 63.0, 217.69999998807907
[23:23:48] [Server thread/INFO]: Un gato galáctico invocará un mob al azar en: 1
[23:23:48] [Server thread/INFO]: Un gato galáctico ha invicado un(a) Giga Slime (-32.69999998807907, 63.0, 217.69999998807907
[23:23:48] [Server thread/INFO]: Un gato galáctico invocará un mob al azar en: 1
[23:23:48] [Server thread/INFO]: Un gato galáctico ha invicado un(a) Endermite Misterioso (-32.69999998807907, 63.0, 217.69999998807907
[23:23:48] [Server thread/INFO]: Un gato galáctico invocará un mob al azar en: 1
[23:23:48] [Server thread/INFO]: Un gato galáctico ha invicado un(a) Quantum Creeper (-32.69999998807907, 63.0, 217.69999998807907
[23:23:48] [Server thread/INFO]: Un gato galáctico invocará un mob al azar en: 1
[23:23:48] [Server thread/INFO]: Un gato galáctico ha invicado un(a) Permadeath Demon (-32.69999998807907, 63.0, 217.69999998807907
[23:23:48] [Server thread/INFO]: Un gato galáctico invocará un mob al azar en: 1
[23:23:48] [Server thread/INFO]: Un gato galáctico ha invicado un(a) Ender Quantum Creeper (-32.30000001192093, 63.0, 217.69999998807907
[23:23:48] [Server thread/INFO]: Un gato galáctico invocará un mob al azar en: 1
[23:23:48] [Server thread/INFO]: Un gato galáctico ha invicado un(a) Giga Slime (-32.30000001192093, 63.0, 217.69999998807907
[23:24:20] [Server thread/INFO]: La maldición de un Gato Galáctico ha comenzado en: -31, 61, 221
[23:24:20] [Server thread/INFO]: Un gato galáctico invocará un mob al azar en: 5
[23:24:21] [Server thread/INFO]: La maldición de un Gato Galáctico ha comenzado en: -31, 61, 220
[23:24:21] [Server thread/INFO]: Un gato galáctico invocará un mob al azar en: 5
[23:24:21] [Server thread/INFO]: La maldición de un Gato Galáctico ha comenzado en: -31, 61, 220
[23:24:21] [Server thread/INFO]: Un gato galáctico invocará un mob al azar en: 5
[23:24:21] [Server thread/INFO]: La maldición de un Gato Galáctico ha comenzado en: -31, 61, 221
[23:24:21] [Server thread/INFO]: Un gato galáctico invocará un mob al azar en: 5
[23:24:21] [Server thread/INFO]: La maldición de un Gato Galáctico ha comenzado en: -31, 61, 221
[23:24:21] [Server thread/INFO]: Un gato galáctico invocará un mob al azar en: 5
[23:24:21] [Server thread/INFO]: Un gato galáctico invocará un mob al azar en: 4
[23:24:21] [Server thread/INFO]: La maldición de un Gato Galáctico ha comenzado en: -30, 61, 220
[23:24:21] [Server thread/INFO]: Un gato galáctico invocará un mob al azar en: 5
[23:24:22] [Server thread/INFO]: Un gato galáctico invocará un mob al azar en: 4
[23:24:22] [Server thread/INFO]: La maldición de un Gato Galáctico ha comenzado en: -31, 61, 221
[23:24:22] [Server thread/INFO]: La maldición de un Gato Galáctico ha comenzado en: -31, 61, 221
[23:24:22] [Server thread/INFO]: Un gato galáctico invocará un mob al azar en: 5
[23:24:22] [Server thread/INFO]: Un gato galáctico invocará un mob al azar en: 5
[23:24:22] [Server thread/INFO]: Un gato galáctico invocará un mob al azar en: 4
[23:24:22] [Server thread/INFO]: Un gato galáctico invocará un mob al azar en: 4
[23:24:22] [Server thread/INFO]: La maldición de un Gato Galáctico ha comenzado en: -30, 61, 221
[23:24:22] [Server thread/INFO]: Un gato galáctico invocará un mob al azar en: 5
[23:24:22] [Server thread/INFO]: La maldición de un Gato Galáctico ha comenzado en: -30, 61, 220
[23:24:22] [Server thread/INFO]: Un gato galáctico invocará un mob al azar en: 5
[23:24:22] [Server thread/INFO]: Un gato galáctico invocará un mob al azar en: 3
[23:24:22] [Server thread/INFO]: Un gato galáctico invocará un mob al azar en: 4
[23:24:22] [Server thread/INFO]: Un gato galáctico invocará un mob al azar en: 4
[23:24:23] [Server thread/INFO]: La maldición de un Gato Galáctico ha comenzado en: -31, 61, 221
[23:24:23] [Server thread/INFO]: Un gato galáctico invocará un mob al azar en: 5
[23:24:23] [Server thread/INFO]: La maldición de un Gato Galáctico ha comenzado en: -31, 61, 221
[23:24:23] [Server thread/INFO]: La maldición de un Gato Galáctico ha comenzado en: -31, 61, 221
[23:24:23] [Server thread/INFO]: La maldición de un Gato Galáctico ha comenzado en: -31, 61, 221
[23:24:23] [Server thread/INFO]: Un gato galáctico invocará un mob al azar en: 5
[23:24:23] [Server thread/INFO]: Un gato galáctico invocará un mob al azar en: 5
[23:24:23] [Server thread/INFO]: Un gato galáctico invocará un mob al azar en: 5
[23:24:23] [Server thread/INFO]: Un gato galáctico invocará un mob al azar en: 3
[23:24:23] [Server thread/INFO]: La maldición de un Gato Galáctico ha comenzado en: -30, 61, 221
[23:24:23] [Server thread/INFO]: Un gato galáctico invocará un mob al azar en: 5
[23:24:23] [Server thread/INFO]: Un gato galáctico invocará un mob al azar en: 3
[23:24:23] [Server thread/INFO]: Un gato galáctico invocará un mob al azar en: 4
[23:24:23] [Server thread/INFO]: Un gato galáctico invocará un mob al azar en: 4
[23:24:23] [Server thread/INFO]: Un gato galáctico invocará un mob al azar en: 3
[23:24:23] [Server thread/INFO]: La maldición de un Gato Galáctico ha comenzado en: -31, 61, 221
[23:24:23] [Server thread/INFO]: Un gato galáctico invocará un mob al azar en: 5
[23:24:23] [Server thread/INFO]: Un gato galáctico invocará un mob al azar en: 4
[23:24:23] [Server thread/INFO]: Un gato galáctico invocará un mob al azar en: 2
[23:24:23] [Server thread/INFO]: Un gato galáctico invocará un mob al azar en: 3
[23:24:23] [Server thread/INFO]: Un gato galáctico invocará un mob al azar en: 4
[23:24:23] [Server thread/INFO]: Un gato galáctico invocará un mob al azar en: 3
[23:24:24] [Server thread/INFO]: Un gato galáctico invocará un mob al azar en: 4
[23:24:24] [Server thread/INFO]: Un gato galáctico invocará un mob al azar en: 4
[23:24:24] [Server thread/INFO]: Un gato galáctico invocará un mob al azar en: 4
[23:24:24] [Server thread/INFO]: Un gato galáctico invocará un mob al azar en: 4
[23:24:24] [Server thread/INFO]: Un gato galáctico invocará un mob al azar en: 2
[23:24:24] [Server thread/INFO]: Un gato galáctico invocará un mob al azar en: 4
[23:24:24] [Server thread/INFO]: Un gato galáctico invocará un mob al azar en: 2
[23:24:24] [Server thread/INFO]: Un gato galáctico invocará un mob al azar en: 3
[23:24:24] [Server thread/INFO]: Un gato galáctico invocará un mob al azar en: 3
[23:24:24] [Server thread/INFO]: La maldición de un Gato Galáctico ha comenzado en: -31, 61, 221
[23:24:24] [Server thread/INFO]: Un gato galáctico invocará un mob al azar en: 5
[23:24:24] [Server thread/INFO]: Un gato galáctico invocará un mob al azar en: 2
[23:24:24] [Server thread/INFO]: Un gato galáctico invocará un mob al azar en: 3
[23:24:24] [Server thread/INFO]: Un gato galáctico invocará un mob al azar en: 4
[23:24:24] [Server thread/INFO]: Un gato galáctico invocará un mob al azar en: 1
[23:24:24] [Server thread/INFO]: Un gato galáctico ha invicado un(a) Permadeath Demon (-31.21187244086131, 61.0, 221.69999998807907
[23:24:24] [Server thread/INFO]: Un gato galáctico invocará un mob al azar en: 2
[23:24:24] [Server thread/INFO]: Un gato galáctico invocará un mob al azar en: 3
[23:24:24] [Server thread/INFO]: La maldición de un Gato Galáctico ha comenzado en: -31, 61, 221
[23:24:24] [Server thread/INFO]: La maldición de un Gato Galáctico ha comenzado en: -31, 61, 221
[23:24:24] [Server thread/INFO]: La maldición de un Gato Galáctico ha comenzado en: -31, 61, 221
[23:24:24] [Server thread/INFO]: La maldición de un Gato Galáctico ha comenzado en: -30, 61, 221
[23:24:24] [Server thread/INFO]: La maldición de un Gato Galáctico ha comenzado en: -30, 61, 220
[23:24:24] [Server thread/INFO]: La maldición de un Gato Galáctico ha comenzado en: -31, 61, 220
[23:24:24] [Server thread/INFO]: La maldición de un Gato Galáctico ha comenzado en: -31, 61, 220
[23:24:24] [Server thread/INFO]: La maldición de un Gato Galáctico ha comenzado en: -31, 61, 220
[23:24:24] [Server thread/INFO]: La maldición de un Gato Galáctico ha comenzado en: -30, 61, 220
[23:24:24] [Server thread/INFO]: La maldición de un Gato Galáctico ha comenzado en: -31, 61, 221
[23:24:24] [Server thread/INFO]: La maldición de un Gato Galáctico ha comenzado en: -31, 61, 221
[23:24:24] [Server thread/INFO]: La maldición de un Gato Galáctico ha comenzado en: -31, 61, 221
[23:24:24] [Server thread/INFO]: La maldición de un Gato Galáctico ha comenzado en: -31, 61, 221
[23:24:24] [Server thread/INFO]: La maldición de un Gato Galáctico ha comenzado en: -31, 61, 221
[23:24:24] [Server thread/INFO]: La maldición de un Gato Galáctico ha comenzado en: -30, 61, 220
[23:24:24] [Server thread/INFO]: Un gato galáctico invocará un mob al azar en: 5
[23:24:24] [Server thread/INFO]: Un gato galáctico invocará un mob al azar en: 5
[23:24:24] [Server thread/INFO]: Un gato galáctico invocará un mob al azar en: 5
[23:24:24] [Server thread/INFO]: Un gato galáctico invocará un mob al azar en: 5
[23:24:24] [Server thread/INFO]: Un gato galáctico invocará un mob al azar en: 5
[23:24:24] [Server thread/INFO]: Un gato galáctico invocará un mob al azar en: 5
[23:24:24] [Server thread/INFO]: Un gato galáctico invocará un mob al azar en: 5
[23:24:24] [Server thread/INFO]: Un gato galáctico invocará un mob al azar en: 5
[23:24:24] [Server thread/INFO]: Un gato galáctico invocará un mob al azar en: 5
[23:24:24] [Server thread/INFO]: Un gato galáctico invocará un mob al azar en: 5
[23:24:24] [Server thread/INFO]: Un gato galáctico invocará un mob al azar en: 5
[23:24:24] [Server thread/INFO]: Un gato galáctico invocará un mob al azar en: 5
[23:24:24] [Server thread/INFO]: Un gato galáctico invocará un mob al azar en: 5
[23:24:24] [Server thread/INFO]: Un gato galáctico invocará un mob al azar en: 5
[23:24:24] [Server thread/INFO]: Un gato galáctico invocará un mob al azar en: 5
[23:24:24] [Server thread/INFO]: Un gato galáctico invocará un mob al azar en: 2
[23:24:25] [Server thread/INFO]: Un gato galáctico invocará un mob al azar en: 3
[23:24:25] [Server thread/INFO]: La maldición de un Gato Galáctico ha comenzado en: -40, 63, 216
[23:24:25] [Server thread/INFO]: Un gato galáctico invocará un mob al azar en: 5
[23:24:25] [Server thread/INFO]: Un gato galáctico invocará un mob al azar en: 3
[23:24:25] [Server thread/INFO]: Un gato galáctico invocará un mob al azar en: 3
[23:24:25] [Server thread/INFO]: Un gato galáctico invocará un mob al azar en: 3
[23:24:25] [Server thread/INFO]: La maldición de un Gato Galáctico ha comenzado en: -24, 63, 214
[23:24:25] [Server thread/INFO]: La maldición de un Gato Galáctico ha comenzado en: -27, 63, 214
[23:24:25] [Server thread/INFO]: La maldición de un Gato Galáctico ha comenzado en: -27, 63, 213
[23:24:25] [Server thread/INFO]: La maldición de un Gato Galáctico ha comenzado en: -27, 64, 213
[23:24:25] [Server thread/INFO]: Un gato galáctico invocará un mob al azar en: 5
[23:24:25] [Server thread/INFO]: Un gato galáctico invocará un mob al azar en: 5
[23:24:25] [Server thread/INFO]: Un gato galáctico invocará un mob al azar en: 5
[23:24:25] [Server thread/INFO]: Un gato galáctico invocará un mob al azar en: 5
[23:24:25] [Server thread/INFO]: Un gato galáctico invocará un mob al azar en: 1
[23:24:25] [Server thread/INFO]: Un gato galáctico ha invicado un(a) Silverfish de la Muerte (-31.69614863175279, 61.0, 220.88091624063742
[23:24:25] [Server thread/INFO]: Un gato galáctico invocará un mob al azar en: 3
[23:24:25] [Server thread/INFO]: Un gato galáctico invocará un mob al azar en: 1
[23:24:25] [Server thread/INFO]: Un gato galáctico ha invicado un(a) Giga Phantom (-31.69999998807907, 61.0, 220.82337493738163
[23:24:25] [Server thread/INFO]: Un gato galáctico invocará un mob al azar en: 2
[23:24:25] [Server thread/INFO]: Un gato galáctico invocará un mob al azar en: 2
[23:24:25] [Server thread/INFO]: Un gato galáctico invocará un mob al azar en: 4
[23:24:25] [Server thread/INFO]: Un gato galáctico invocará un mob al azar en: 1
[23:24:25] [Server thread/INFO]: Un gato galáctico ha invicado un(a) Gigante (-31.69999998807907, 61.0, 221.1303365968405
[23:24:25] [Server thread/INFO]: Un gato galáctico invocará un mob al azar en: 2
[23:24:25] [Server thread/INFO]: Un gato galáctico invocará un mob al azar en: 3
[23:24:25] [Server thread/INFO]: Un gato galáctico invocará un mob al azar en: 1
[23:24:25] [Server thread/INFO]: Un gato galáctico ha invicado un(a) Pufferfish invulnerable (-31.556887897150204, 61.0, 221.48758708761613
[23:24:25] [Server thread/INFO]: Un gato galáctico invocará un mob al azar en: 2
[23:24:25] [Server thread/INFO]: Un gato galáctico invocará un mob al azar en: 1
[23:24:25] [Server thread/INFO]: Un gato galáctico ha invicado un(a) Giga Slime (-30.524193238032474, 61.0, 220.79450193954304
[23:24:25] [Server thread/INFO]: Un gato galáctico invocará un mob al azar en: 4
[23:24:25] [Server thread/INFO]: Un gato galáctico invocará un mob al azar en: 4
[23:24:25] [Server thread/INFO]: Un gato galáctico invocará un mob al azar en: 4
[23:24:25] [Server thread/INFO]: Un gato galáctico invocará un mob al azar en: 4
[23:24:25] [Server thread/INFO]: Un gato galáctico invocará un mob al azar en: 4
[23:24:25] [Server thread/INFO]: Un gato galáctico invocará un mob al azar en: 4
[23:24:25] [Server thread/INFO]: Un gato galáctico invocará un mob al azar en: 4
[23:24:25] [Server thread/INFO]: Un gato galáctico invocará un mob al azar en: 4
[23:24:25] [Server thread/INFO]: Un gato galáctico invocará un mob al azar en: 4
[23:24:25] [Server thread/INFO]: Un gato galáctico invocará un mob al azar en: 4
[23:24:25] [Server thread/INFO]: Un gato galáctico invocará un mob al azar en: 4
[23:24:25] [Server thread/INFO]: Un gato galáctico invocará un mob al azar en: 4
[23:24:25] [Server thread/INFO]: Un gato galáctico invocará un mob al azar en: 4
[23:24:25] [Server thread/INFO]: Un gato galáctico invocará un mob al azar en: 4
[23:24:25] [Server thread/INFO]: Un gato galáctico invocará un mob al azar en: 4
[23:24:26] [Server thread/INFO]: Un gato galáctico invocará un mob al azar en: 2
[23:24:26] [Server thread/INFO]: Un gato galáctico invocará un mob al azar en: 2
[23:24:26] [Server thread/INFO]: Un gato galáctico invocará un mob al azar en: 2
[23:24:26] [Server thread/INFO]: Un gato galáctico invocará un mob al azar en: 2
[23:24:26] [Server thread/INFO]: Un gato galáctico invocará un mob al azar en: 4
[23:24:26] [Server thread/INFO]: La maldición de un Gato Galáctico ha comenzado en: -27, 60, 203
[23:24:26] [Server thread/INFO]: Un gato galáctico invocará un mob al azar en: 5
[23:24:26] [Server thread/INFO]: Un gato galáctico invocará un mob al azar en: 4
[23:24:26] [Server thread/INFO]: Un gato galáctico invocará un mob al azar en: 4
[23:24:26] [Server thread/INFO]: Un gato galáctico invocará un mob al azar en: 4
[23:24:26] [Server thread/INFO]: Un gato galáctico invocará un mob al azar en: 4
[23:24:26] [Server thread/INFO]: Un gato galáctico invocará un mob al azar en: 2
[23:24:26] [Server thread/INFO]: Un gato galáctico invocará un mob al azar en: 1
[23:24:26] [Server thread/INFO]: Un gato galáctico ha invicado un(a) Silverfish de la Muerte (-31.69999998807907, 61.0, 221.244571220583
[23:24:26] [Server thread/INFO]: Un gato galáctico invocará un mob al azar en: 1
[23:24:26] [Server thread/INFO]: Un gato galáctico ha invicado un(a) Wither Skeleton Emperador (-31.69999998807907, 61.0, 221.16581240361512
[23:24:26] [Server thread/INFO]: Un gato galáctico invocará un mob al azar en: 3
[23:24:26] [Server thread/INFO]: Un gato galáctico invocará un mob al azar en: 1
[23:24:26] [Server thread/INFO]: Un gato galáctico ha invicado un(a) Gigante (-30.30000001192093, 61.0, 221.54897054887817
[23:24:26] [Server thread/INFO]: Un gato galáctico invocará un mob al azar en: 2
[23:24:26] [Server thread/INFO]: La maldición de un Gato Galáctico ha comenzado en: -23, 62, 199
[23:24:26] [Server thread/INFO]: La maldición de un Gato Galáctico ha comenzado en: -17, 61, 207
[23:24:26] [Server thread/INFO]: La maldición de un Gato Galáctico ha comenzado en: -28, 62, 201
[23:24:26] [Server thread/INFO]: La maldición de un Gato Galáctico ha comenzado en: -26, 63, 200
[23:24:26] [Server thread/INFO]: La maldición de un Gato Galáctico ha comenzado en: -26, 63, 201
[23:24:26] [Server thread/INFO]: Un gato galáctico invocará un mob al azar en: 5
[23:24:26] [Server thread/INFO]: Un gato galáctico invocará un mob al azar en: 5
[23:24:26] [Server thread/INFO]: Un gato galáctico invocará un mob al azar en: 5
[23:24:26] [Server thread/INFO]: Un gato galáctico invocará un mob al azar en: 5
[23:24:26] [Server thread/INFO]: Un gato galáctico invocará un mob al azar en: 5
[23:24:26] [Server thread/INFO]: Un gato galáctico invocará un mob al azar en: 1
[23:24:26] [Server thread/INFO]: Un gato galáctico ha invicado un(a) Pufferfish invulnerable (-30.72997576104278, 61.0, 220.96912370658848
[23:24:26] [Server thread/INFO]: Un gato galáctico invocará un mob al azar en: 3
[23:24:26] [Server thread/INFO]: Un gato galáctico invocará un mob al azar en: 3
[23:24:26] [Server thread/INFO]: Un gato galáctico invocará un mob al azar en: 3
[23:24:26] [Server thread/INFO]: Un gato galáctico invocará un mob al azar en: 3
[23:24:26] [Server thread/INFO]: Un gato galáctico invocará un mob al azar en: 3
[23:24:26] [Server thread/INFO]: Un gato galáctico invocará un mob al azar en: 3
[23:24:26] [Server thread/INFO]: Un gato galáctico invocará un mob al azar en: 3
[23:24:26] [Server thread/INFO]: Un gato galáctico invocará un mob al azar en: 3
[23:24:26] [Server thread/INFO]: Un gato galáctico invocará un mob al azar en: 3
[23:24:26] [Server thread/INFO]: Un gato galáctico invocará un mob al azar en: 3
[23:24:26] [Server thread/INFO]: Un gato galáctico invocará un mob al azar en: 3
[23:24:26] [Server thread/INFO]: Un gato galáctico invocará un mob al azar en: 3
[23:24:26] [Server thread/INFO]: Un gato galáctico invocará un mob al azar en: 3
[23:24:26] [Server thread/INFO]: Un gato galáctico invocará un mob al azar en: 3
[23:24:26] [Server thread/INFO]: Un gato galáctico invocará un mob al azar en: 3
[23:24:27] [Server thread/INFO]: La maldición de un Gato Galáctico ha comenzado en: -13, 61, 194
[23:24:27] [Server thread/INFO]: Un gato galáctico invocará un mob al azar en: 5
[23:24:27] [Server thread/INFO]: Un gato galáctico invocará un mob al azar en: 1
[23:24:27] [Server thread/INFO]: Un gato galáctico ha invicado un(a) Permadeath Demon (-31.14997707671136, 61.0, 221.69999998807907
[23:24:27] [Server thread/INFO]: La maldición de un Gato Galáctico ha comenzado en: -36, 63, 223
[23:24:27] [Server thread/INFO]: La maldición de un Gato Galáctico ha comenzado en: -36, 63, 222
[23:24:27] [Server thread/INFO]: La maldición de un Gato Galáctico ha comenzado en: -35, 63, 225
[23:24:27] [Server thread/INFO]: Un gato galáctico invocará un mob al azar en: 5
[23:24:27] [Server thread/INFO]: Un gato galáctico invocará un mob al azar en: 5
[23:24:27] [Server thread/INFO]: Un gato galáctico invocará un mob al azar en: 5
[23:24:27] [Server thread/INFO]: Un gato galáctico invocará un mob al azar en: 1
[23:24:27] [Server thread/INFO]: Un gato galáctico ha invicado un(a) Giga Slime (-31.69999998807907, 61.0, 221.2547766824524
[23:24:27] [Server thread/INFO]: Un gato galáctico invocará un mob al azar en: 1
[23:24:27] [Server thread/INFO]: Un gato galáctico ha invicado un(a) Gigante (-31.318038965946965, 61.0, 221.23195604853356
[23:24:27] [Server thread/INFO]: Un gato galáctico invocará un mob al azar en: 1
[23:24:27] [Server thread/INFO]: Un gato galáctico ha invicado un(a) Pufferfish invulnerable (-31.117262838293676, 61.0, 221.69999998807907
[23:24:27] [Server thread/INFO]: Un gato galáctico invocará un mob al azar en: 3
[23:24:27] [Server thread/INFO]: Un gato galáctico invocará un mob al azar en: 4
[23:24:27] [Server thread/INFO]: La maldición de un Gato Galáctico ha comenzado en: -12, 60, 195
[23:24:27] [Server thread/INFO]: La maldición de un Gato Galáctico ha comenzado en: -19, 61, 187
[23:24:27] [Server thread/INFO]: Un gato galáctico invocará un mob al azar en: 5
[23:24:27] [Server thread/INFO]: Un gato galáctico invocará un mob al azar en: 5
[23:24:27] [Server thread/INFO]: Un gato galáctico invocará un mob al azar en: 3
[23:24:27] [Server thread/INFO]: Un gato galáctico invocará un mob al azar en: 3
[23:24:27] [Server thread/INFO]: Un gato galáctico invocará un mob al azar en: 3
[23:24:27] [Server thread/INFO]: Un gato galáctico invocará un mob al azar en: 3
[23:24:27] [Server thread/INFO]: Un gato galáctico invocará un mob al azar en: 1
[23:24:27] [Server thread/INFO]: Un gato galáctico ha invicado un(a) Araña con Efectos (-30.53533888319359, 61.0, 221.31970604769492
[23:24:27] [Server thread/INFO]: La maldición de un Gato Galáctico ha comenzado en: -22, 61, 184
[23:24:27] [Server thread/INFO]: Un gato galáctico invocará un mob al azar en: 5
[23:24:27] [Server thread/INFO]: Un gato galáctico invocará un mob al azar en: 2
[23:24:27] [Server thread/INFO]: La maldición de un Gato Galáctico ha comenzado en: -13, 61, 189
[23:24:27] [Server thread/INFO]: Un gato galáctico invocará un mob al azar en: 5
[23:24:27] [Server thread/INFO]: Un gato galáctico invocará un mob al azar en: 1
[23:24:27] [Server thread/INFO]: Un gato galáctico ha invicado un(a) Bruja Imposible (-31.69999998807907, 61.0, 221.19675461622975
[23:24:27] [Server thread/INFO]: La maldición de un Gato Galáctico ha comenzado en: -37, 64, 221
[23:24:27] [Server thread/INFO]: La maldición de un Gato Galáctico ha comenzado en: -36, 64, 223
[23:24:27] [Server thread/INFO]: La maldición de un Gato Galáctico ha comenzado en: -37, 64, 223
[23:24:27] [Server thread/INFO]: La maldición de un Gato Galáctico ha comenzado en: -37, 64, 223
[23:24:27] [Server thread/INFO]: La maldición de un Gato Galáctico ha comenzado en: -37, 64, 223
[23:24:27] [Server thread/INFO]: La maldición de un Gato Galáctico ha comenzado en: -37, 64, 222
[23:24:27] [Server thread/INFO]: Un gato galáctico invocará un mob al azar en: 5
[23:24:27] [Server thread/INFO]: Un gato galáctico invocará un mob al azar en: 5
[23:24:27] [Server thread/INFO]: Un gato galáctico invocará un mob al azar en: 5
[23:24:27] [Server thread/INFO]: Un gato galáctico invocará un mob al azar en: 5
[23:24:27] [Server thread/INFO]: Un gato galáctico invocará un mob al azar en: 5
[23:24:27] [Server thread/INFO]: Un gato galáctico invocará un mob al azar en: 5
[23:24:27] [Server thread/INFO]: Un gato galáctico invocará un mob al azar en: 4
[23:24:27] [Server thread/INFO]: Un gato galáctico invocará un mob al azar en: 4
[23:24:27] [Server thread/INFO]: Un gato galáctico invocará un mob al azar en: 4
[23:24:27] [Server thread/INFO]: Un gato galáctico invocará un mob al azar en: 4
[23:24:27] [Server thread/INFO]: Un gato galáctico invocará un mob al azar en: 4
[23:24:27] [Server thread/INFO]: La maldición de un Gato Galáctico ha comenzado en: -37, 64, 222
[23:24:27] [Server thread/INFO]: Un gato galáctico invocará un mob al azar en: 5
[23:24:27] [Server thread/INFO]: La maldición de un Gato Galáctico ha comenzado en: -37, 64, 223
[23:24:27] [Server thread/INFO]: Un gato galáctico invocará un mob al azar en: 5
[23:24:27] [Server thread/INFO]: Un gato galáctico invocará un mob al azar en: 2
[23:24:27] [Server thread/INFO]: Un gato galáctico invocará un mob al azar en: 2
[23:24:27] [Server thread/INFO]: Un gato galáctico invocará un mob al azar en: 2
[23:24:27] [Server thread/INFO]: Un gato galáctico invocará un mob al azar en: 2
[23:24:27] [Server thread/INFO]: Un gato galáctico invocará un mob al azar en: 2
[23:24:27] [Server thread/INFO]: Un gato galáctico invocará un mob al azar en: 2
[23:24:27] [Server thread/INFO]: Un gato galáctico invocará un mob al azar en: 2
[23:24:27] [Server thread/INFO]: Un gato galáctico invocará un mob al azar en: 2
[23:24:27] [Server thread/INFO]: Un gato galáctico invocará un mob al azar en: 2
[23:24:27] [Server thread/INFO]: Un gato galáctico invocará un mob al azar en: 2
[23:24:27] [Server thread/INFO]: Un gato galáctico invocará un mob al azar en: 2
[23:24:27] [Server thread/INFO]: Un gato galáctico invocará un mob al azar en: 2
[23:24:27] [Server thread/INFO]: Un gato galáctico invocará un mob al azar en: 2
[23:24:27] [Server thread/INFO]: Un gato galáctico invocará un mob al azar en: 2
[23:24:27] [Server thread/INFO]: Un gato galáctico invocará un mob al azar en: 2
[23:24:27] [Server thread/INFO]: La maldición de un Gato Galáctico ha comenzado en: -10, 61, 190
[23:24:27] [Server thread/INFO]: La maldición de un Gato Galáctico ha comenzado en: -34, 64, 229
[23:24:27] [Server thread/INFO]: Un gato galáctico invocará un mob al azar en: 5
[23:24:27] [Server thread/INFO]: Un gato galáctico invocará un mob al azar en: 5
[23:24:27] [Server thread/INFO]: La maldición de un Gato Galáctico ha comenzado en: -36, 64, 224
[23:24:27] [Server thread/INFO]: La maldición de un Gato Galáctico ha comenzado en: -36, 64, 224
[23:24:27] [Server thread/INFO]: Un gato galáctico invocará un mob al azar en: 5
[23:24:27] [Server thread/INFO]: Un gato galáctico invocará un mob al azar en: 5
[23:24:28] [Server thread/INFO]: La maldición de un Gato Galáctico ha comenzado en: -40, 63, 216
[23:24:28] [Server thread/INFO]: Un gato galáctico invocará un mob al azar en: 5
[23:24:28] [Server thread/INFO]: Un gato galáctico invocará un mob al azar en: 4
[23:24:28] [Server thread/INFO]: Un gato galáctico invocará un mob al azar en: 4
[23:24:28] [Server thread/INFO]: Un gato galáctico invocará un mob al azar en: 4
[23:24:28] [Server thread/INFO]: Un gato galáctico invocará un mob al azar en: 4
[23:24:28] [Server thread/INFO]: La maldición de un Gato Galáctico ha comenzado en: -42, 63, 215
[23:24:28] [Server thread/INFO]: La maldición de un Gato Galáctico ha comenzado en: -44, 63, 215
[23:24:28] [Server thread/INFO]: Un gato galáctico invocará un mob al azar en: 5
[23:24:28] [Server thread/INFO]: Un gato galáctico invocará un mob al azar en: 5
[23:24:28] [Server thread/INFO]: Un gato galáctico invocará un mob al azar en: 2
[23:24:28] [Server thread/INFO]: Un gato galáctico invocará un mob al azar en: 3
[23:24:28] [Server thread/INFO]: Un gato galáctico invocará un mob al azar en: 2
[23:24:28] [Server thread/INFO]: Un gato galáctico invocará un mob al azar en: 2
[23:24:28] [Server thread/INFO]: Un gato galáctico invocará un mob al azar en: 2
[23:24:28] [Server thread/INFO]: Un gato galáctico invocará un mob al azar en: 2
[23:24:28] [Server thread/INFO]: Un gato galáctico invocará un mob al azar en: 4
[23:24:28] [Server thread/INFO]: Un gato galáctico invocará un mob al azar en: 4
[23:24:28] [Server thread/INFO]: Un gato galáctico invocará un mob al azar en: 1
[23:24:28] [Server thread/INFO]: Un gato galáctico ha invicado un(a) Gato Supernova (-31.52048358131152, 61.0, 221.52211259274375
[23:24:28] [Server thread/INFO]: Un gato galáctico invocará un mob al azar en: 4
[23:24:28] [Server thread/INFO]: Un gato galáctico invocará un mob al azar en: 4
[23:24:28] [Server thread/INFO]: Un gato galáctico invocará un mob al azar en: 3
[23:24:28] [Server thread/INFO]: Un gato galáctico invocará un mob al azar en: 3
[23:24:28] [Server thread/INFO]: Un gato galáctico invocará un mob al azar en: 3
[23:24:28] [Server thread/INFO]: Un gato galáctico invocará un mob al azar en: 3
[23:24:28] [Server thread/INFO]: Un gato galáctico invocará un mob al azar en: 3
[23:24:28] [Server thread/INFO]: Un gato galáctico invocará un mob al azar en: 4
[23:24:28] [Server thread/INFO]: Un gato galáctico invocará un mob al azar en: 4
[23:24:28] [Server thread/INFO]: Un gato galáctico invocará un mob al azar en: 4
[23:24:28] [Server thread/INFO]: Un gato galáctico invocará un mob al azar en: 4
[23:24:28] [Server thread/INFO]: Un gato galáctico invocará un mob al azar en: 4
[23:24:28] [Server thread/INFO]: Un gato galáctico invocará un mob al azar en: 4
[23:24:28] [Server thread/INFO]: Un gato galáctico invocará un mob al azar en: 4
[23:24:28] [Server thread/INFO]: Un gato galáctico invocará un mob al azar en: 1
[23:24:28] [Server thread/INFO]: Un gato galáctico ha invicado un(a) Ultra Ravager (-31.20620501700298, 61.0, 221.17224355606112
[23:24:28] [Server thread/INFO]: Un gato galáctico invocará un mob al azar en: 1
[23:24:28] [Server thread/INFO]: Un gato galáctico ha invicado un(a) Gigante (-31.479569625176374, 61.0, 221.41738077838846
[23:24:28] [Server thread/INFO]: Un gato galáctico invocará un mob al azar en: 1
[23:24:28] [Server thread/INFO]: Un gato galáctico ha invicado un(a) Demonio Flotante (-31.69999998807907, 61.0, 221.57902986499067
[23:24:28] [Server thread/INFO]: Un gato galáctico invocará un mob al azar en: 1
[23:24:28] [Server thread/INFO]: Un gato galáctico ha invicado un(a) Pufferfish invulnerable (-30.30000001192093, 61.0, 221.56808262462226
[23:24:28] [Server thread/INFO]: Un gato galáctico invocará un mob al azar en: 1
[23:24:28] [Server thread/INFO]: Un gato galáctico ha invicado un(a) Giga Phantom (-30.30000001192093, 61.0, 220.96895172683713
[23:24:28] [Server thread/INFO]: Un gato galáctico invocará un mob al azar en: 1
[23:24:28] [Server thread/INFO]: Un gato galáctico ha invicado un(a) Ultra Ravager (-31.69999998807907, 61.0, 220.30000001192093
[23:24:28] [Server thread/INFO]: Un gato galáctico invocará un mob al azar en: 1
[23:24:28] [Server thread/INFO]: Un gato galáctico ha invicado un(a) Pufferfish invulnerable (-31.456898916675012, 61.0, 220.30000001192093
[23:24:28] [Server thread/INFO]: Un gato galáctico invocará un mob al azar en: 1
[23:24:28] [Server thread/INFO]: Un gato galáctico ha invicado un(a) Silverfish de la Muerte (-31.69999998807907, 61.0, 220.30000001192093
[23:24:28] [Server thread/INFO]: Un gato galáctico invocará un mob al azar en: 1
[23:24:28] [Server thread/INFO]: Un gato galáctico ha invicado un(a) Araña con Efectos (-30.30000001192093, 61.0, 220.53827059644863
[23:24:28] [Server thread/INFO]: Un gato galáctico invocará un mob al azar en: 1
[23:24:28] [Server thread/INFO]: Un gato galáctico ha invicado un(a) Quantum Creeper (-31.308404420754613, 61.0, 221.69999998807907
[23:24:28] [Server thread/INFO]: Un gato galáctico invocará un mob al azar en: 1
[23:24:28] [Server thread/INFO]: Un gato galáctico ha invicado un(a) Gigante (-31.226949399755373, 61.0, 221.69999998807907
[23:24:28] [Server thread/INFO]: Un gato galáctico invocará un mob al azar en: 1
[23:24:28] [Server thread/INFO]: Un gato galáctico ha invicado un(a) Wither Skeleton Emperador (-31.233442679071512, 61.0, 221.69999998807907
[23:24:28] [Server thread/INFO]: Un gato galáctico invocará un mob al azar en: 1
[23:24:28] [Server thread/INFO]: Un gato galáctico ha invicado un(a) Pufferfish invulnerable (-31.265349352167714, 61.0, 221.69999998807907
[23:24:28] [Server thread/INFO]: Un gato galáctico invocará un mob al azar en: 1
[23:24:28] [Server thread/INFO]: Un gato galáctico ha invicado un(a) Gigante (-31.220380376396136, 61.0, 221.69999998807907
[23:24:28] [Server thread/INFO]: Un gato galáctico invocará un mob al azar en: 1
[23:24:28] [Server thread/INFO]: Un gato galáctico ha invicado un(a) Giga MagmaCube (-30.34927823229828, 61.0, 220.51092640628696
[23:24:28] [Server thread/INFO]: Un gato galáctico invocará un mob al azar en: 4
[23:24:28] [Server thread/INFO]: Un gato galáctico invocará un mob al azar en: 4
[23:24:28] [Server thread/INFO]: Un gato galáctico invocará un mob al azar en: 4
[23:24:28] [Server thread/INFO]: Un gato galáctico invocará un mob al azar en: 4
[23:24:28] [Server thread/INFO]: Un gato galáctico invocará un mob al azar en: 4
[23:24:29] [Server thread/INFO]: Un gato galáctico invocará un mob al azar en: 3
[23:24:29] [Server thread/INFO]: Un gato galáctico invocará un mob al azar en: 4
[23:24:29] [Server thread/INFO]: Un gato galáctico invocará un mob al azar en: 3
[23:24:29] [Server thread/INFO]: Un gato galáctico invocará un mob al azar en: 3
[23:24:29] [Server thread/INFO]: Un gato galáctico invocará un mob al azar en: 3
[23:24:29] [Server thread/INFO]: Un gato galáctico invocará un mob al azar en: 1
[23:24:29] [Server thread/INFO]: Un gato galáctico ha invicado un(a) Permadeath Demon (-40.36026988742644, 63.77016222645493, 216.77910383912018
[23:24:29] [Server thread/INFO]: Un gato galáctico invocará un mob al azar en: 4
[23:24:29] [Server thread/INFO]: Un gato galáctico invocará un mob al azar en: 4
[23:24:29] [Server thread/INFO]: Un gato galáctico invocará un mob al azar en: 2
[23:24:29] [Server thread/INFO]: Un gato galáctico invocará un mob al azar en: 1
[23:24:29] [Server thread/INFO]: Un gato galáctico ha invicado un(a) Esqueleto de Clase (-24.9627074310126, 63.35212064007266, 214.16066005171297
[23:24:29] [Server thread/INFO]: Un gato galáctico invocará un mob al azar en: 1
[23:24:29] [Server thread/INFO]: Un gato galáctico ha invicado un(a) Demonio Flotante (-27.290898808481295, 63.564964779392454, 214.01785308454464
[23:24:29] [Server thread/INFO]: Un gato galáctico invocará un mob al azar en: 1
[23:24:29] [Server thread/INFO]: Un gato galáctico ha invicado un(a) Ultra Ravager (-27.98646137006619, 63.477865782514456, 213.65671849629308
[23:24:29] [Server thread/INFO]: Un gato galáctico invocará un mob al azar en: 1
[23:24:29] [Server thread/INFO]: Un gato galáctico ha invicado un(a) Permadeath Demon (-27.016136354592312, 64.31742231390758, 213.7334369057361
[23:24:29] [Server thread/INFO]: Un gato galáctico invocará un mob al azar en: 3
[23:24:29] [Server thread/INFO]: Un gato galáctico invocará un mob al azar en: 3
[23:24:29] [Server thread/INFO]: Un gato galáctico invocará un mob al azar en: 3
[23:24:29] [Server thread/INFO]: La maldición de un Gato Galáctico ha comenzado en: -23, 63, 230
[23:24:29] [Server thread/INFO]: Un gato galáctico invocará un mob al azar en: 5
[23:24:29] [Server thread/INFO]: Un gato galáctico invocará un mob al azar en: 3
[23:24:29] [Server thread/INFO]: Un gato galáctico invocará un mob al azar en: 2
[23:24:29] [Server thread/INFO]: Un gato galáctico invocará un mob al azar en: 2
[23:24:29] [Server thread/INFO]: Un gato galáctico invocará un mob al azar en: 2
[23:24:29] [Server thread/INFO]: Un gato galáctico invocará un mob al azar en: 2
[23:24:29] [Server thread/INFO]: Un gato galáctico invocará un mob al azar en: 2
[23:24:29] [Server thread/INFO]: Un gato galáctico invocará un mob al azar en: 3
[23:24:29] [Server thread/INFO]: Un gato galáctico invocará un mob al azar en: 3
[23:24:29] [Server thread/INFO]: Un gato galáctico invocará un mob al azar en: 3
[23:24:29] [Server thread/INFO]: Un gato galáctico invocará un mob al azar en: 3
[23:24:29] [Server thread/INFO]: Un gato galáctico invocará un mob al azar en: 3
[23:24:29] [Server thread/INFO]: Un gato galáctico invocará un mob al azar en: 3
[23:24:29] [Server thread/INFO]: Un gato galáctico invocará un mob al azar en: 3
[23:24:29] [Server thread/INFO]: Un gato galáctico invocará un mob al azar en: 3
[23:24:29] [Server thread/INFO]: Un gato galáctico invocará un mob al azar en: 3
[23:24:29] [Server thread/INFO]: Un gato galáctico invocará un mob al azar en: 3
[23:24:29] [Server thread/INFO]: Un gato galáctico invocará un mob al azar en: 3
[23:24:29] [Server thread/INFO]: Un gato galáctico invocará un mob al azar en: 3
[23:24:29] [Async Chat Thread - #15/INFO]: <TTottaly_RED> oe
[23:24:30] [Server thread/INFO]: Un gato galáctico invocará un mob al azar en: 2
[23:24:30] [Server thread/INFO]: Un gato galáctico invocará un mob al azar en: 3
[23:24:30] [Server thread/INFO]: Un gato galáctico invocará un mob al azar en: 2
[23:24:30] [Server thread/INFO]: Un gato galáctico invocará un mob al azar en: 2
[23:24:30] [Server thread/INFO]: Un gato galáctico invocará un mob al azar en: 2
[23:24:30] [Server thread/INFO]: Un gato galáctico invocará un mob al azar en: 3
[23:24:30] [Server thread/INFO]: Un gato galáctico invocará un mob al azar en: 3
[23:24:30] [Server thread/INFO]: Un gato galáctico invocará un mob al azar en: 1
[23:24:30] [Server thread/INFO]: Un gato galáctico ha invicado un(a) Silverfish de la Muerte (-27.16929246300561, 60.360232171086786, 203.74515771845628
[23:24:30] [Server thread/INFO]: Un gato galáctico invocará un mob al azar en: 2
[23:24:30] [Server thread/INFO]: Un gato galáctico invocará un mob al azar en: 2
[23:24:30] [Server thread/INFO]: Un gato galáctico invocará un mob al azar en: 2
[23:24:30] [Server thread/INFO]: Un gato galáctico invocará un mob al azar en: 4
[23:24:30] [Server thread/INFO]: Un gato galáctico invocará un mob al azar en: 2
[23:24:30] [Server thread/INFO]: Un gato galáctico invocará un mob al azar en: 1
[23:24:30] [Server thread/INFO]: Un gato galáctico ha invicado un(a) Shulker Tnt (-23.099815785296066, 62.32724239197425, 199.682080212162
[23:24:30] [Server thread/INFO]: Un gato galáctico invocará un mob al azar en: 1
[23:24:30] [Server thread/INFO]: Un gato galáctico ha invicado un(a) Demonio Flotante (-17.734244663698878, 61.622398874119156, 207.80359317044758
[23:24:30] [Server thread/INFO]: Un gato galáctico invocará un mob al azar en: 1
[23:24:30] [Server thread/INFO]: Un gato galáctico ha invicado un(a) Endermite Misterioso (-28.152116697996817, 62.56352063330191, 201.88637410735694
[23:24:30] [Server thread/INFO]: Un gato galáctico invocará un mob al azar en: 1
[23:24:30] [Server thread/INFO]: Un gato galáctico ha invicado un(a) Endermite Misterioso (-26.04172872083213, 63.041537281743246, 200.07702140072527
[23:24:30] [Server thread/INFO]: Un gato galáctico invocará un mob al azar en: 1
[23:24:30] [Server thread/INFO]: Un gato galáctico ha invicado un(a) Pufferfish invulnerable (-26.263640704063306, 63.0748857830144, 201.13115941965836
[23:24:30] [Server thread/INFO]: Un gato galáctico invocará un mob al azar en: 2
[23:24:30] [Server thread/INFO]: Un gato galáctico invocará un mob al azar en: 2
[23:24:30] [Server thread/INFO]: Un gato galáctico invocará un mob al azar en: 2
[23:24:30] [Server thread/INFO]: Un gato galáctico invocará un mob al azar en: 2
[23:24:30] [Server thread/INFO]: Un gato galáctico invocará un mob al azar en: 2
[23:24:30] [Server thread/INFO]: Un gato galáctico invocará un mob al azar en: 2
[23:24:30] [Server thread/INFO]: Un gato galáctico invocará un mob al azar en: 2
[23:24:30] [Server thread/INFO]: Un gato galáctico invocará un mob al azar en: 2
[23:24:30] [Server thread/INFO]: Un gato galáctico invocará un mob al azar en: 2
[23:24:30] [Server thread/INFO]: Un gato galáctico invocará un mob al azar en: 2
[23:24:30] [Server thread/INFO]: Un gato galáctico invocará un mob al azar en: 2
[23:24:30] [Server thread/INFO]: Un gato galáctico invocará un mob al azar en: 2
[23:24:31] [Server thread/INFO]: Un gato galáctico invocará un mob al azar en: 1
[23:24:31] [Server thread/INFO]: Un gato galáctico ha invicado un(a) Giga MagmaCube (-13.402933459019621, 61.784159558282234, 194.85771220800564
[23:24:31] [Server thread/INFO]: Un gato galáctico invocará un mob al azar en: 2
[23:24:31] [Server thread/INFO]: Un gato galáctico invocará un mob al azar en: 1
[23:24:31] [Server thread/INFO]: Un gato galáctico ha invicado un(a) Ultra Ravager (-36.496888663501515, 63.0, 223.13662644003026
[23:24:31] [Server thread/INFO]: Un gato galáctico invocará un mob al azar en: 1
[23:24:31] [Server thread/INFO]: Un gato galáctico ha invicado un(a) Ender Quantum Creeper (-36.46173500865627, 63.0, 222.64097374866978
[23:24:31] [Server thread/INFO]: Un gato galáctico invocará un mob al azar en: 1
[23:24:31] [Server thread/INFO]: Un gato galáctico ha invicado un(a) Gato Supernova (-35.28942036633658, 63.0, 225.55119499526583
[23:24:31] [Server thread/INFO]: Un gato galáctico invocará un mob al azar en: 2
[23:24:31] [Server thread/INFO]: Un gato galáctico invocará un mob al azar en: 2
[23:24:31] [Server thread/INFO]: Un gato galáctico invocará un mob al azar en: 1
[23:24:31] [Server thread/INFO]: Un gato galáctico ha invicado un(a) Giga Phantom (-12.180846860087374, 60.17503860393153, 195.3755423847626
[23:24:31] [Server thread/INFO]: Un gato galáctico invocará un mob al azar en: 1
[23:24:31] [Server thread/INFO]: Un gato galáctico ha invicado un(a) Gato Supernova (-19.86587936924003, 61.23839266809131, 187.90397944673046
[23:24:31] [Server thread/INFO]: Un gato galáctico invocará un mob al azar en: 1
[23:24:31] [Server thread/INFO]: Un gato galáctico ha invicado un(a) Shulker Tnt (-22.60419221622508, 61.62046160457146, 184.85384938433796
[23:24:31] [Server thread/INFO]: Un gato galáctico invocará un mob al azar en: 3
[23:24:31] [Server thread/INFO]: Un gato galáctico invocará un mob al azar en: 1
[23:24:31] [Server thread/INFO]: Un gato galáctico ha invicado un(a) Ghast Demoníaco (-13.884161579060313, 61.78961276164552, 189.80161956568898
[23:24:31] [Server thread/INFO]: Un gato galáctico invocará un mob al azar en: 1
[23:24:31] [Server thread/INFO]: Un gato galáctico ha invicado un(a) Silverfish de la Muerte (-37.16626333894981, 64.70739541428587, 221.52351169209985
[23:24:31] [Server thread/INFO]: Un gato galáctico invocará un mob al azar en: 1
[23:24:31] [Server thread/INFO]: Un gato galáctico ha invicado un(a) Araña con Efectos (-36.42251239530289, 64.70739541428587, 223.44048912934966
[23:24:31] [Server thread/INFO]: Un gato galáctico invocará un mob al azar en: 1
[23:24:31] [Server thread/INFO]: Un gato galáctico ha invicado un(a) Endermite Misterioso (-37.60124823595093, 64.70739541428587, 223.44054032154654
[23:24:31] [Server thread/INFO]: Un gato galáctico invocará un mob al azar en: 1
[23:24:31] [Server thread/INFO]: Un gato galáctico ha invicado un(a) Silverfish de la Muerte (-37.60124823595093, 64.70739541428587, 223.44054032154654
[23:24:31] [Server thread/INFO]: Un gato galáctico invocará un mob al azar en: 1
[23:24:31] [Server thread/INFO]: Un gato galáctico ha invicado un(a) Bruja Imposible (-37.60124823595093, 64.70739541428587, 223.44054032154654
[23:24:31] [Server thread/INFO]: Un gato galáctico invocará un mob al azar en: 1
[23:24:31] [Server thread/INFO]: Un gato galáctico ha invicado un(a) Gato Supernova (-37.69999998807907, 64.70739541428587, 222.8298336567247
[23:24:31] [Server thread/INFO]: Un gato galáctico invocará un mob al azar en: 1
[23:24:31] [Server thread/INFO]: Un gato galáctico ha invicado un(a) Quantum Creeper (-37.69999998807907, 64.59044747114136, 222.64783476827233
[23:24:31] [Server thread/INFO]: Un gato galáctico invocará un mob al azar en: 1
[23:24:31] [Server thread/INFO]: Un gato galáctico ha invicado un(a) Endermite Misterioso (-37.849999994039536, 64.54044745922043, 223.84999999403954
[23:24:31] [Server thread/INFO]: Un gato galáctico invocará un mob al azar en: 1
[23:24:31] [Server thread/INFO]: Un gato galáctico ha invicado un(a) Permadeath Demon (-10.536293049193596, 61.32075319925533, 190.1927290207703
[23:24:31] [Server thread/INFO]: Un gato galáctico invocará un mob al azar en: 1
[23:24:31] [Server thread/INFO]: Un gato galáctico ha invicado un(a) Giga Slime (-34.849999994039536, 64.57042456968148, 229.84999999403954
[23:24:31] [Server thread/INFO]: Un gato galáctico invocará un mob al azar en: 1
[23:24:31] [Server thread/INFO]: Un gato galáctico ha invicado un(a) Wither Skeleton Emperador (-36.849999994039536, 64.52283084712424, 224.84999999403954
[23:24:31] [Server thread/INFO]: Un gato galáctico invocará un mob al azar en: 1
[23:24:31] [Server thread/INFO]: Un gato galáctico ha invicado un(a) Gigante (-36.60699437822962, 64.52283084712424, 224.7932978478966
[23:24:32] [Server thread/INFO]: Un gato galáctico invocará un mob al azar en: 1
[23:24:32] [Server thread/INFO]: Un gato galáctico ha invicado un(a) Gigante (-40.83271850009292, 63.0, 216.57649022089245
[23:24:32] [Server thread/INFO]: Un gato galáctico invocará un mob al azar en: 1
[23:24:32] [Server thread/INFO]: Un gato galáctico ha invicado un(a) Gigante (-42.26509112455898, 63.0, 215.2983078609332
[23:24:32] [Server thread/INFO]: Un gato galáctico invocará un mob al azar en: 1
[23:24:32] [Server thread/INFO]: Un gato galáctico ha invicado un(a) Bruja Imposible (-44.44910971329931, 63.0, 215.06018022770462
[23:24:32] [Server thread/INFO]: Un gato galáctico invocará un mob al azar en: 2
[23:24:33] [Server thread/INFO]: Un gato galáctico invocará un mob al azar en: 1
[23:24:33] [Server thread/INFO]: Un gato galáctico ha invicado un(a) Shulker Tnt (-23.978488364036735, 63.0, 230.40915669783604
[23:24:33] [Async Chat Thread - #15/INFO]: <TTottaly_RED> ya fue tio
[23:24:40] [Server thread/INFO]: La maldición de un Gato Galáctico ha comenzado en: -34, 61, 228
[23:24:40] [Server thread/INFO]: Un gato galáctico invocará un mob al azar en: 5
[23:24:41] [Server thread/INFO]: Un gato galáctico invocará un mob al azar en: 4
[23:24:41] [Server thread/INFO]: La maldición de un Gato Galáctico ha comenzado en: -40, 67, 226
[23:24:41] [Server thread/INFO]: Un gato galáctico invocará un mob al azar en: 5
[23:24:41] [Server thread/INFO]: La maldición de un Gato Galáctico ha comenzado en: -38, 62, 190
[23:24:43] [Server thread/INFO]: La maldición de un Gato Galáctico ha comenzado en: -6, 68, 223
[23:24:43] [Server thread/INFO]: La maldición de un Gato Galáctico ha comenzado en: -10, 69, 227
[23:24:43] [Server thread/INFO]: La maldición de un Gato Galáctico ha comenzado en: -7, 65, 245
[23:24:44] [Server thread/INFO]: La maldición de un Gato Galáctico ha comenzado en: 5, 72, 233
[23:24:44] [Server thread/INFO]: Un gato galáctico invocará un mob al azar en: 5
[23:24:44] [Server thread/INFO]: Un gato galáctico invocará un mob al azar en: 5
[23:24:44] [Server thread/INFO]: Un gato galáctico invocará un mob al azar en: 5
[23:24:44] [Server thread/INFO]: Un gato galáctico invocará un mob al azar en: 5
[23:24:44] [Server thread/INFO]: Un gato galáctico invocará un mob al azar en: 5
[23:24:44] [Server thread/INFO]: Un gato galáctico invocará un mob al azar en: 3
[23:24:44] [Server thread/INFO]: Un gato galáctico invocará un mob al azar en: 4
[23:24:44] [Server thread/INFO]: Un gato galáctico invocará un mob al azar en: 4
[23:24:44] [Server thread/INFO]: Un gato galáctico invocará un mob al azar en: 4
[23:24:44] [Server thread/INFO]: Un gato galáctico invocará un mob al azar en: 4
[23:24:44] [Server thread/INFO]: Un gato galáctico invocará un mob al azar en: 4
[23:24:44] [Server thread/INFO]: Un gato galáctico invocará un mob al azar en: 4
[23:24:44] [Server thread/INFO]: Un gato galáctico invocará un mob al azar en: 2
[23:24:44] [Server thread/INFO]: Un gato galáctico invocará un mob al azar en: 3
[23:24:45] [Server thread/INFO]: Un gato galáctico invocará un mob al azar en: 3
[23:24:45] [Server thread/INFO]: Un gato galáctico invocará un mob al azar en: 3
[23:24:45] [Server thread/INFO]: Un gato galáctico invocará un mob al azar en: 3
[23:24:45] [Server thread/INFO]: Un gato galáctico invocará un mob al azar en: 3
[23:24:45] [Server thread/INFO]: Un gato galáctico invocará un mob al azar en: 3
[23:24:45] [Server thread/INFO]: Un gato galáctico invocará un mob al azar en: 1
[23:24:45] [Server thread/INFO]: Un gato galáctico ha invicado un(a) Araña con Efectos (-34.09863451650869, 61.166109260938214, 228.93817749563954
[23:24:45] [Server thread/INFO]: Un gato galáctico invocará un mob al azar en: 2
[23:24:45] [Server thread/INFO]: Un gato galáctico invocará un mob al azar en: 2
[23:24:45] [Server thread/INFO]: Un gato galáctico invocará un mob al azar en: 2
[23:24:45] [Server thread/INFO]: Un gato galáctico invocará un mob al azar en: 2
[23:24:45] [Server thread/INFO]: Un gato galáctico invocará un mob al azar en: 2
[23:24:45] [Server thread/INFO]: Un gato galáctico invocará un mob al azar en: 2
[23:24:45] [Server thread/INFO]: Un gato galáctico invocará un mob al azar en: 1
[23:24:45] [Server thread/INFO]: Un gato galáctico ha invicado un(a) Gigante (-40.319432145481976, 67.0, 226.87214638429322
[23:24:45] [Server thread/INFO]: Un gato galáctico invocará un mob al azar en: 1
[23:24:45] [Server thread/ERROR]: Could not pass event CreatureSpawnEvent to Permadeath v1.3
java.lang.NullPointerException: null
	at tech.sebazcrc.permadeath.nms.v1_16_R3.NMSHandlerImpl.spawnNMSEntity(NMSHandlerImpl.java:326) ~[?:?]
	at tech.sebazcrc.permadeath.event.entity.SpawnListener.onSpawn(SpawnListener.java:127) ~[?:?]
	at com.destroystokyo.paper.event.executor.asm.generated.GeneratedEventExecutor9.execute(Unknown Source) ~[?:?]
	at org.bukkit.plugin.EventExecutor.lambda$create$1(EventExecutor.java:69) ~[patched_1.16.5.jar:git-Paper-794]
	at co.aikar.timings.TimedEventExecutor.execute(TimedEventExecutor.java:80) ~[patched_1.16.5.jar:git-Paper-794]
	at org.bukkit.plugin.RegisteredListener.callEvent(RegisteredListener.java:70) ~[patched_1.16.5.jar:git-Paper-794]
	at org.bukkit.plugin.SimplePluginManager.callEvent(SimplePluginManager.java:624) ~[patched_1.16.5.jar:git-Paper-794]
	at org.bukkit.craftbukkit.v1_16_R3.event.CraftEventFactory.callCreatureSpawnEvent(CraftEventFactory.java:722) ~[patched_1.16.5.jar:git-Paper-794]
	at org.bukkit.craftbukkit.v1_16_R3.event.CraftEventFactory.doEntityAddEventCalling(CraftEventFactory.java:640) ~[patched_1.16.5.jar:git-Paper-794]
	at net.minecraft.server.v1_16_R3.WorldServer.addEntity0(WorldServer.java:1302) ~[patched_1.16.5.jar:git-Paper-794]
	at net.minecraft.server.v1_16_R3.WorldServer.addEntity(WorldServer.java:1203) ~[patched_1.16.5.jar:git-Paper-794]
	at net.minecraft.server.v1_16_R3.WorldAccess.lambda$addAllEntities$0(WorldAccess.java:16) ~[patched_1.16.5.jar:git-Paper-794]
	at java.util.stream.Streams$StreamBuilderImpl.forEachRemaining(Streams.java:411) ~[?:?]
	at java.util.stream.Streams$ConcatSpliterator.forEachRemaining(Streams.java:734) ~[?:?]
	at java.util.stream.ReferencePipeline$Head.forEach(ReferencePipeline.java:658) ~[?:?]
	at net.minecraft.server.v1_16_R3.WorldAccess.addAllEntities(WorldAccess.java:16) ~[patched_1.16.5.jar:git-Paper-794]
	at net.minecraft.server.v1_16_R3.EntityTypes.spawnCreature(EntityTypes.java:346) ~[patched_1.16.5.jar:git-Paper-794]
	at net.minecraft.server.v1_16_R3.EntityTypes.spawnCreature(EntityTypes.java:323) ~[patched_1.16.5.jar:git-Paper-794]
	at tech.sebazcrc.permadeath.nms.v1_16_R3.NMSHandlerImpl.spawnNMSEntity(NMSHandlerImpl.java:326) ~[?:?]
	at tech.sebazcrc.permadeath.task.GatoGalacticoTask.run(GatoGalacticoTask.java:170) ~[?:?]
	at org.bukkit.craftbukkit.v1_16_R3.scheduler.CraftTask.run(CraftTask.java:101) ~[patched_1.16.5.jar:git-Paper-794]
	at org.bukkit.craftbukkit.v1_16_R3.scheduler.CraftScheduler.mainThreadHeartbeat(CraftScheduler.java:485) ~[patched_1.16.5.jar:git-Paper-794]
	at net.minecraft.server.v1_16_R3.MinecraftServer.b(MinecraftServer.java:1432) ~[patched_1.16.5.jar:git-Paper-794]
	at net.minecraft.server.v1_16_R3.DedicatedServer.b(DedicatedServer.java:436) ~[patched_1.16.5.jar:git-Paper-794]
	at net.minecraft.server.v1_16_R3.MinecraftServer.a(MinecraftServer.java:1347) ~[patched_1.16.5.jar:git-Paper-794]
	at net.minecraft.server.v1_16_R3.MinecraftServer.w(MinecraftServer.java:1135) ~[patched_1.16.5.jar:git-Paper-794]
	at net.minecraft.server.v1_16_R3.MinecraftServer.lambda$a$0(MinecraftServer.java:291) ~[patched_1.16.5.jar:git-Paper-794]
	at java.lang.Thread.run(Thread.java:829) [?:?]
[23:24:45] [Server thread/INFO]: Un gato galáctico ha invicado un(a) Giga Phantom (-38.007919981046626, 62.3904048685158, 190.34212476261447
[23:24:45] [Server thread/INFO]: Un gato galáctico invocará un mob al azar en: 1
[23:24:45] [Server thread/INFO]: Un gato galáctico ha invicado un(a) Giga Slime (-6.593059481042541, 68.0, 223.49936314799947
[23:24:45] [Server thread/INFO]: Un gato galáctico invocará un mob al azar en: 1
[23:24:45] [Server thread/INFO]: Un gato galáctico ha invicado un(a) Giga Slime (-10.04873388618485, 69.0, 227.7040446908417
[23:24:45] [Server thread/INFO]: Un gato galáctico invocará un mob al azar en: 1
[23:24:45] [Server thread/INFO]: Un gato galáctico ha invicado un(a) Ghast Demoníaco (-7.563293827127117, 65.0, 245.4928907918718
[23:24:45] [Server thread/INFO]: Un gato galáctico invocará un mob al azar en: 1
[23:24:45] [Server thread/INFO]: Un gato galáctico ha invicado un(a) Silverfish de la Muerte (5.059815304955009, 72.0, 233.09183925239302
[23:25:09] [Async Chat Thread - #15/INFO]: <TTottaly_RED> q fue
[23:25:12] [Server thread/INFO]: La maldición de un Gato Galáctico ha comenzado en: -3, 67, 233
[23:25:12] [Server thread/INFO]: Un gato galáctico invocará un mob al azar en: 5
[23:25:13] [Server thread/INFO]: La maldición de un Gato Galáctico ha comenzado en: -4, 67, 233
[23:25:13] [Server thread/INFO]: Un gato galáctico invocará un mob al azar en: 5
[23:25:13] [Server thread/INFO]: RompOrTos issued server command: /tp TTottaly_RED RompOrTos
[23:25:13] [Server thread/INFO]: Un gato galáctico invocará un mob al azar en: 4
[23:25:14] [Server thread/INFO]: Un gato galáctico invocará un mob al azar en: 4
[23:25:14] [Server thread/INFO]: Un gato galáctico invocará un mob al azar en: 3
[23:25:15] [Server thread/INFO]: Un gato galáctico invocará un mob al azar en: 3
[23:25:15] [Server thread/INFO]: Un gato galáctico invocará un mob al azar en: 2
[23:25:16] [Server thread/INFO]: Un gato galáctico invocará un mob al azar en: 2
[23:25:16] [Server thread/INFO]: Un gato galáctico invocará un mob al azar en: 1
[23:25:16] [Server thread/INFO]: Un gato galáctico ha invicado un(a) Giga Phantom (-3.6392417484410027, 67.0, 233.50472528142296
[23:25:17] [Server thread/INFO]: Un gato galáctico invocará un mob al azar en: 1
[23:25:17] [Server thread/INFO]: Un gato galáctico ha invicado un(a) Quantum Creeper (-4.145309033441363, 67.00133597911214, 233.24396059632926
[23:25:18] [Server thread/INFO]: La maldición de un Gato Galáctico ha comenzado en: -11, 64, 222
[23:25:18] [Server thread/INFO]: Un gato galáctico invocará un mob al azar en: 5
[23:25:19] [Server thread/INFO]: Un gato galáctico invocará un mob al azar en: 4
[23:25:20] [Server thread/INFO]: Un gato galáctico invocará un mob al azar en: 3
[23:25:21] [Server thread/INFO]: Un gato galáctico invocará un mob al azar en: 2
[23:25:22] [Server thread/INFO]: Un gato galáctico invocará un mob al azar en: 1
[23:25:22] [Server thread/INFO]: Un gato galáctico ha invicado un(a) Silverfish de la Muerte (-11.302041316648182, 64.0, 222.2035083148637
[23:25:36] [Async Chat Thread - #15/INFO]: <TTottaly_RED> aura
[23:25:38] [Async Chat Thread - #15/INFO]: <RompOrTos> xdd
[23:27:17] [Async Chat Thread - #16/INFO]: <TTottaly_RED> carlitos
[23:27:38] [Server thread/INFO]: La maldición de un Gato Galáctico ha comenzado en: -6, 61, 213
[23:27:39] [Server thread/INFO]: Un gato galáctico invocará un mob al azar en: 5
[23:27:39] [Server thread/INFO]: La maldición de un Gato Galáctico ha comenzado en: -3, 61, 213
[23:27:39] [Server thread/INFO]: Un gato galáctico invocará un mob al azar en: 5
[23:27:39] [Server thread/INFO]: La maldición de un Gato Galáctico ha comenzado en: -6, 61, 213
[23:27:39] [Server thread/INFO]: Un gato galáctico invocará un mob al azar en: 5
[23:27:40] [Server thread/INFO]: Un gato galáctico invocará un mob al azar en: 4
[23:27:40] [Server thread/INFO]: La maldición de un Gato Galáctico ha comenzado en: -6, 61, 213
[23:27:40] [Server thread/INFO]: Un gato galáctico invocará un mob al azar en: 5
[23:27:40] [Server thread/INFO]: La maldición de un Gato Galáctico ha comenzado en: -3, 61, 213
[23:27:40] [Server thread/INFO]: Un gato galáctico invocará un mob al azar en: 5
[23:27:40] [Server thread/INFO]: Un gato galáctico invocará un mob al azar en: 4
[23:27:40] [Server thread/INFO]: La maldición de un Gato Galáctico ha comenzado en: -6, 61, 212
[23:27:40] [Server thread/INFO]: La maldición de un Gato Galáctico ha comenzado en: -6, 61, 212
[23:27:40] [Server thread/INFO]: Un gato galáctico invocará un mob al azar en: 5
[23:27:40] [Server thread/INFO]: Un gato galáctico invocará un mob al azar en: 5
[23:27:40] [Server thread/INFO]: Un gato galáctico invocará un mob al azar en: 4
[23:27:40] [Server thread/INFO]: La maldición de un Gato Galáctico ha comenzado en: -3, 61, 213
[23:27:40] [Server thread/INFO]: La maldición de un Gato Galáctico ha comenzado en: -3, 61, 213
[23:27:40] [Server thread/INFO]: Un gato galáctico invocará un mob al azar en: 5
[23:27:40] [Server thread/INFO]: Un gato galáctico invocará un mob al azar en: 5
[23:27:40] [Server thread/INFO]: La maldición de un Gato Galáctico ha comenzado en: -5, 61, 213
[23:27:40] [Server thread/INFO]: Un gato galáctico invocará un mob al azar en: 5
[23:27:41] [Server thread/INFO]: Un gato galáctico invocará un mob al azar en: 3
[23:27:41] [Server thread/INFO]: Un gato galáctico invocará un mob al azar en: 4
[23:27:41] [Server thread/INFO]: La maldición de un Gato Galáctico ha comenzado en: -5, 61, 213
[23:27:41] [Server thread/INFO]: Un gato galáctico invocará un mob al azar en: 5
[23:27:41] [Server thread/INFO]: Un gato galáctico invocará un mob al azar en: 4
[23:27:41] [Server thread/INFO]: La maldición de un Gato Galáctico ha comenzado en: -6, 61, 213
[23:27:41] [Server thread/INFO]: Un gato galáctico invocará un mob al azar en: 5
[23:27:41] [Server thread/INFO]: Un gato galáctico invocará un mob al azar en: 3
[23:27:41] [Server thread/INFO]: Un gato galáctico invocará un mob al azar en: 4
[23:27:41] [Server thread/INFO]: Un gato galáctico invocará un mob al azar en: 4
[23:27:41] [Server thread/INFO]: Un gato galáctico invocará un mob al azar en: 3
[23:27:41] [Server thread/INFO]: La maldición de un Gato Galáctico ha comenzado en: -6, 61, 213
[23:27:41] [Server thread/INFO]: La maldición de un Gato Galáctico ha comenzado en: -6, 61, 213
[23:27:41] [Server thread/INFO]: Un gato galáctico invocará un mob al azar en: 5
[23:27:41] [Server thread/INFO]: Un gato galáctico invocará un mob al azar en: 5
[23:27:41] [Server thread/INFO]: Un gato galáctico invocará un mob al azar en: 4
[23:27:41] [Server thread/INFO]: Un gato galáctico invocará un mob al azar en: 4
[23:27:41] [Server thread/INFO]: Un gato galáctico invocará un mob al azar en: 4
[23:27:42] [Server thread/INFO]: Un gato galáctico invocará un mob al azar en: 2
[23:27:42] [Server thread/INFO]: Un gato galáctico invocará un mob al azar en: 3
[23:27:42] [Server thread/INFO]: La maldición de un Gato Galáctico ha comenzado en: -3, 61, 213
[23:27:42] [Server thread/INFO]: Un gato galáctico invocará un mob al azar en: 5
[23:27:42] [Server thread/INFO]: Un gato galáctico invocará un mob al azar en: 3
[23:27:42] [Server thread/INFO]: Un gato galáctico invocará un mob al azar en: 4
[23:27:42] [Server thread/INFO]: La maldición de un Gato Galáctico ha comenzado en: -5, 61, 213
[23:27:42] [Server thread/INFO]: Un gato galáctico invocará un mob al azar en: 5
[23:27:42] [Server thread/INFO]: Un gato galáctico invocará un mob al azar en: 2
[23:27:42] [Server thread/INFO]: Un gato galáctico invocará un mob al azar en: 4
[23:27:42] [Server thread/INFO]: Un gato galáctico invocará un mob al azar en: 3
[23:27:42] [Server thread/INFO]: Un gato galáctico invocará un mob al azar en: 3
[23:27:42] [Server thread/INFO]: La maldición de un Gato Galáctico ha comenzado en: -6, 61, 213
[23:27:42] [Server thread/INFO]: Un gato galáctico invocará un mob al azar en: 5
[23:27:42] [Server thread/INFO]: Un gato galáctico invocará un mob al azar en: 2
[23:27:42] [Server thread/INFO]: Un gato galáctico invocará un mob al azar en: 4
[23:27:42] [Server thread/INFO]: Un gato galáctico invocará un mob al azar en: 4
[23:27:42] [Server thread/INFO]: Un gato galáctico invocará un mob al azar en: 3
[23:27:42] [Server thread/INFO]: Un gato galáctico invocará un mob al azar en: 3
[23:27:42] [Server thread/INFO]: La maldición de un Gato Galáctico ha comenzado en: -6, 61, 213
[23:27:42] [Server thread/INFO]: Un gato galáctico invocará un mob al azar en: 5
[23:27:42] [Server thread/INFO]: Un gato galáctico invocará un mob al azar en: 3
[23:27:43] [Server thread/INFO]: Un gato galáctico invocará un mob al azar en: 1
[23:27:43] [Server thread/INFO]: Un gato galáctico ha invicado un(a) Quantum Creeper (-6.357240977393813, 61.0, 213.13599092135067
[23:27:43] [Server thread/INFO]: La maldición de un Gato Galáctico ha comenzado en: -2, 61, 213
[23:27:43] [Server thread/INFO]: La maldición de un Gato Galáctico ha comenzado en: -5, 61, 213
[23:27:43] [Server thread/INFO]: Un gato galáctico invocará un mob al azar en: 5
[23:27:43] [Server thread/INFO]: Un gato galáctico invocará un mob al azar en: 5
[23:27:43] [Server thread/INFO]: La maldición de un Gato Galáctico ha comenzado en: -5, 61, 213
[23:27:43] [Server thread/INFO]: Un gato galáctico invocará un mob al azar en: 5
[23:27:43] [Server thread/INFO]: Un gato galáctico invocará un mob al azar en: 2
[23:27:43] [Server thread/INFO]: La maldición de un Gato Galáctico ha comenzado en: -6, 61, 213
[23:27:43] [Server thread/INFO]: Un gato galáctico invocará un mob al azar en: 5
[23:27:43] [Server thread/INFO]: Un gato galáctico invocará un mob al azar en: 4
[23:27:43] [Server thread/INFO]: Un gato galáctico invocará un mob al azar en: 2
[23:27:43] [Server thread/INFO]: Un gato galáctico invocará un mob al azar en: 3
[23:27:43] [Server thread/INFO]: La maldición de un Gato Galáctico ha comenzado en: -6, 61, 212
[23:27:43] [Server thread/INFO]: Un gato galáctico invocará un mob al azar en: 5
[23:27:43] [Server thread/INFO]: Un gato galáctico invocará un mob al azar en: 4
[23:27:43] [Server thread/INFO]: Un gato galáctico invocará un mob al azar en: 1
[23:27:43] [Server thread/INFO]: Un gato galáctico ha invicado un(a) Endermite Misterioso (-3.2040236309389227, 61.0, 213.10202209841128
[23:27:43] [Server thread/INFO]: Un gato galáctico invocará un mob al azar en: 3
[23:27:43] [Server thread/INFO]: La maldición de un Gato Galáctico ha comenzado en: -2, 61, 213
[23:27:43] [Server thread/INFO]: Un gato galáctico invocará un mob al azar en: 5
[23:27:43] [Server thread/INFO]: Un gato galáctico invocará un mob al azar en: 2
[23:27:43] [Server thread/INFO]: Un gato galáctico invocará un mob al azar en: 2
[23:27:43] [Server thread/INFO]: Un gato galáctico invocará un mob al azar en: 1
[23:27:43] [Server thread/INFO]: Un gato galáctico ha invicado un(a) Giga Slime (-6.103384257532701, 61.0, 213.69999998807907
[23:27:43] [Server thread/INFO]: Un gato galáctico invocará un mob al azar en: 4
[23:27:43] [Server thread/INFO]: Un gato galáctico invocará un mob al azar en: 3
[23:27:43] [Server thread/INFO]: Un gato galáctico invocará un mob al azar en: 3
[23:27:43] [Server thread/INFO]: Un gato galáctico invocará un mob al azar en: 2
[23:27:43] [Server thread/INFO]: Un gato galáctico invocará un mob al azar en: 2
[23:27:43] [Server thread/INFO]: Un gato galáctico invocará un mob al azar en: 2
[23:27:43] [Server thread/INFO]: Un gato galáctico invocará un mob al azar en: 4
[23:27:44] [Server thread/INFO]: Un gato galáctico invocará un mob al azar en: 4
[23:27:44] [Server thread/INFO]: Un gato galáctico invocará un mob al azar en: 4
[23:27:44] [Server thread/INFO]: Un gato galáctico invocará un mob al azar en: 1
[23:27:44] [Server thread/INFO]: Un gato galáctico ha invicado un(a) Giga Phantom (-6.381989950349316, 61.0, 213.5996295948635
[23:27:44] [Server thread/INFO]: Un gato galáctico invocará un mob al azar en: 4
[23:27:44] [Server thread/INFO]: Un gato galáctico invocará un mob al azar en: 3
[23:27:44] [Server thread/INFO]: Un gato galáctico invocará un mob al azar en: 4
[23:27:44] [Server thread/INFO]: Un gato galáctico invocará un mob al azar en: 1
[23:27:44] [Server thread/INFO]: Un gato galáctico ha invicado un(a) Permadeath Demon (-3.4835977068252486, 61.0, 213.22189401899053
[23:27:44] [Server thread/INFO]: Un gato galáctico invocará un mob al azar en: 2
[23:27:44] [Server thread/INFO]: La maldición de un Gato Galáctico ha comenzado en: -4, 61, 211
[23:27:44] [Server thread/INFO]: La maldición de un Gato Galáctico ha comenzado en: -2, 61, 213
[23:27:44] [Server thread/INFO]: La maldición de un Gato Galáctico ha comenzado en: -3, 61, 209
[23:27:44] [Server thread/INFO]: La maldición de un Gato Galáctico ha comenzado en: -4, 61, 213
[23:27:44] [Server thread/INFO]: La maldición de un Gato Galáctico ha comenzado en: -2, 61, 210
[23:27:44] [Server thread/INFO]: La maldición de un Gato Galáctico ha comenzado en: -4, 61, 211
[23:27:44] [Server thread/INFO]: La maldición de un Gato Galáctico ha comenzado en: -4, 61, 211
[23:27:44] [Server thread/INFO]: La maldición de un Gato Galáctico ha comenzado en: -2, 61, 211
[23:27:44] [Server thread/INFO]: La maldición de un Gato Galáctico ha comenzado en: -4, 61, 213
[23:27:44] [Server thread/INFO]: La maldición de un Gato Galáctico ha comenzado en: -2, 61, 210
[23:27:44] [Server thread/INFO]: La maldición de un Gato Galáctico ha comenzado en: -2, 61, 212
[23:27:44] [Server thread/INFO]: La maldición de un Gato Galáctico ha comenzado en: -3, 61, 213
[23:27:44] [Server thread/INFO]: La maldición de un Gato Galáctico ha comenzado en: -2, 61, 212
[23:27:44] [Server thread/INFO]: La maldición de un Gato Galáctico ha comenzado en: -3, 61, 213
[23:27:44] [Server thread/INFO]: La maldición de un Gato Galáctico ha comenzado en: -3, 61, 212
[23:27:44] [Server thread/INFO]: La maldición de un Gato Galáctico ha comenzado en: -2, 61, 212
[23:27:44] [Server thread/INFO]: La maldición de un Gato Galáctico ha comenzado en: -3, 61, 212
[23:27:44] [Server thread/INFO]: La maldición de un Gato Galáctico ha comenzado en: -3, 61, 212
[23:27:44] [Server thread/INFO]: La maldición de un Gato Galáctico ha comenzado en: -3, 61, 213
[23:27:44] [Server thread/INFO]: La maldición de un Gato Galáctico ha comenzado en: -3, 61, 212
[23:27:44] [Server thread/INFO]: La maldición de un Gato Galáctico ha comenzado en: -3, 61, 213
[23:27:44] [Server thread/INFO]: La maldición de un Gato Galáctico ha comenzado en: -5, 61, 212
[23:27:44] [Server thread/INFO]: La maldición de un Gato Galáctico ha comenzado en: -6, 61, 212
[23:27:44] [Server thread/INFO]: La maldición de un Gato Galáctico ha comenzado en: -6, 61, 212
[23:27:44] [Server thread/INFO]: La maldición de un Gato Galáctico ha comenzado en: -6, 61, 212
[23:27:44] [Server thread/INFO]: La maldición de un Gato Galáctico ha comenzado en: -6, 61, 213
[23:27:44] [Server thread/INFO]: La maldición de un Gato Galáctico ha comenzado en: -6, 61, 213
[23:27:44] [Server thread/INFO]: La maldición de un Gato Galáctico ha comenzado en: -6, 61, 211
[23:27:44] [Server thread/INFO]: Un gato galáctico invocará un mob al azar en: 5
[23:27:44] [Server thread/INFO]: Un gato galáctico invocará un mob al azar en: 5
[23:27:44] [Server thread/INFO]: Un gato galáctico invocará un mob al azar en: 5
[23:27:44] [Server thread/INFO]: Un gato galáctico invocará un mob al azar en: 5
[23:27:44] [Server thread/INFO]: Un gato galáctico invocará un mob al azar en: 5
[23:27:44] [Server thread/INFO]: Un gato galáctico invocará un mob al azar en: 5
[23:27:44] [Server thread/INFO]: Un gato galáctico invocará un mob al azar en: 5
[23:27:44] [Server thread/INFO]: Un gato galáctico invocará un mob al azar en: 5
[23:27:44] [Server thread/INFO]: Un gato galáctico invocará un mob al azar en: 5
[23:27:44] [Server thread/INFO]: Un gato galáctico invocará un mob al azar en: 5
[23:27:44] [Server thread/INFO]: Un gato galáctico invocará un mob al azar en: 5
[23:27:44] [Server thread/INFO]: Un gato galáctico invocará un mob al azar en: 5
[23:27:44] [Server thread/INFO]: Un gato galáctico invocará un mob al azar en: 5
[23:27:44] [Server thread/INFO]: Un gato galáctico invocará un mob al azar en: 5
[23:27:44] [Server thread/INFO]: Un gato galáctico invocará un mob al azar en: 5
[23:27:44] [Server thread/INFO]: Un gato galáctico invocará un mob al azar en: 5
[23:27:44] [Server thread/INFO]: Un gato galáctico invocará un mob al azar en: 5
[23:27:44] [Server thread/INFO]: Un gato galáctico invocará un mob al azar en: 5
[23:27:44] [Server thread/INFO]: Un gato galáctico invocará un mob al azar en: 5
[23:27:44] [Server thread/INFO]: Un gato galáctico invocará un mob al azar en: 5
[23:27:44] [Server thread/INFO]: Un gato galáctico invocará un mob al azar en: 5
[23:27:44] [Server thread/INFO]: Un gato galáctico invocará un mob al azar en: 5
[23:27:44] [Server thread/INFO]: Un gato galáctico invocará un mob al azar en: 5
[23:27:44] [Server thread/INFO]: Un gato galáctico invocará un mob al azar en: 5
[23:27:44] [Server thread/INFO]: Un gato galáctico invocará un mob al azar en: 5
[23:27:44] [Server thread/INFO]: Un gato galáctico invocará un mob al azar en: 5
[23:27:44] [Server thread/INFO]: Un gato galáctico invocará un mob al azar en: 5
[23:27:44] [Server thread/INFO]: Un gato galáctico invocará un mob al azar en: 5
[23:27:44] [Server thread/INFO]: La maldición de un Gato Galáctico ha comenzado en: 0, 61, 206
[23:27:44] [Server thread/INFO]: Un gato galáctico invocará un mob al azar en: 5
[23:27:44] [Server thread/INFO]: Un gato galáctico invocará un mob al azar en: 3
[23:27:44] [Server thread/INFO]: Un gato galáctico invocará un mob al azar en: 4
[23:27:44] [Server thread/INFO]: Un gato galáctico invocará un mob al azar en: 2
[23:27:44] [Server thread/INFO]: Un gato galáctico invocará un mob al azar en: 1
[23:27:44] [Server thread/INFO]: Un gato galáctico ha invicado un(a) Giga Phantom (-6.1153767031518615, 61.0, 212.91223993910526
[23:27:44] [Server thread/INFO]: Un gato galáctico invocará un mob al azar en: 1
[23:27:44] [Server thread/INFO]: Un gato galáctico ha invicado un(a) Demonio Flotante (-6.11530578719942, 61.0, 212.88600269262417
[23:27:44] [Server thread/INFO]: Un gato galáctico invocará un mob al azar en: 4
[23:27:44] [Server thread/INFO]: Un gato galáctico invocará un mob al azar en: 3
[23:27:44] [Server thread/INFO]: La maldición de un Gato Galáctico ha comenzado en: -4, 64, 202
[23:27:44] [Server thread/INFO]: La maldición de un Gato Galáctico ha comenzado en: -2, 65, 203
[23:27:44] [Server thread/INFO]: La maldición de un Gato Galáctico ha comenzado en: -2, 65, 203
[23:27:44] [Server thread/INFO]: La maldición de un Gato Galáctico ha comenzado en: 0, 63, 203
[23:27:44] [Server thread/INFO]: Un gato galáctico invocará un mob al azar en: 5
[23:27:44] [Server thread/INFO]: Un gato galáctico invocará un mob al azar en: 5
[23:27:44] [Server thread/INFO]: Un gato galáctico invocará un mob al azar en: 5
[23:27:44] [Server thread/INFO]: Un gato galáctico invocará un mob al azar en: 5
[23:27:44] [Server thread/INFO]: Un gato galáctico invocará un mob al azar en: 2
[23:27:44] [Server thread/INFO]: Un gato galáctico invocará un mob al azar en: 2
[23:27:44] [Server thread/INFO]: La maldición de un Gato Galáctico ha comenzado en: -3, 64, 202
[23:27:44] [Server thread/INFO]: Un gato galáctico invocará un mob al azar en: 5
[23:27:44] [Server thread/INFO]: Un gato galáctico invocará un mob al azar en: 1
[23:27:44] [Server thread/INFO]: Un gato galáctico ha invicado un(a) Wither Skeleton Emperador (-3.756606471877439, 61.0, 213.1421244465586
[23:27:44] [Server thread/INFO]: Un gato galáctico invocará un mob al azar en: 1
[23:27:44] [Server thread/INFO]: Un gato galáctico ha invicado un(a) Gigante (-3.069093844398364, 61.0, 213.18365652149473
[23:27:44] [Server thread/INFO]: Un gato galáctico invocará un mob al azar en: 1
[23:27:44] [Server thread/INFO]: Un gato galáctico ha invicado un(a) Ultra Ravager (-5.6075857166925385, 61.0, 213.5637392053403
[23:27:44] [Server thread/INFO]: Un gato galáctico invocará un mob al azar en: 3
[23:27:45] [Server thread/INFO]: Un gato galáctico invocará un mob al azar en: 3
[23:27:45] [Server thread/INFO]: Un gato galáctico invocará un mob al azar en: 3
[23:27:45] [Server thread/INFO]: Un gato galáctico invocará un mob al azar en: 3
[23:27:45] [Server thread/INFO]: La maldición de un Gato Galáctico ha comenzado en: -1, 64, 202
[23:27:45] [Server thread/INFO]: La maldición de un Gato Galáctico ha comenzado en: -2, 64, 200
[23:27:45] [Server thread/INFO]: Un gato galáctico invocará un mob al azar en: 5
[23:27:45] [Server thread/INFO]: Un gato galáctico invocará un mob al azar en: 5
[23:27:45] [Server thread/INFO]: Un gato galáctico invocará un mob al azar en: 2
[23:27:45] [Server thread/INFO]: Un gato galáctico invocará un mob al azar en: 3
[23:27:45] [Server thread/INFO]: La maldición de un Gato Galáctico ha comenzado en: 7, 66, 198
[23:27:45] [Server thread/INFO]: La maldición de un Gato Galáctico ha comenzado en: -1, 64, 201
[23:27:45] [Server thread/INFO]: La maldición de un Gato Galáctico ha comenzado en: 2, 65, 202
[23:27:45] [Server thread/INFO]: Un gato galáctico invocará un mob al azar en: 5
[23:27:45] [Server thread/INFO]: Un gato galáctico invocará un mob al azar en: 5
[23:27:45] [Server thread/INFO]: Un gato galáctico invocará un mob al azar en: 5
[23:27:45] [Server thread/INFO]: La maldición de un Gato Galáctico ha comenzado en: -1, 64, 197
[23:27:45] [Server thread/INFO]: Un gato galáctico invocará un mob al azar en: 5
[23:27:45] [Server thread/INFO]: Un gato galáctico invocará un mob al azar en: 1
[23:27:45] [Server thread/INFO]: Un gato galáctico ha invicado un(a) Bruja Imposible (-5.509574133137546, 61.0, 213.4098801746075
[23:27:45] [Server thread/INFO]: La maldición de un Gato Galáctico ha comenzado en: -4, 70, 215
[23:27:45] [Server thread/INFO]: La maldición de un Gato Galáctico ha comenzado en: 6, 62, 198
[23:27:45] [Server thread/INFO]: La maldición de un Gato Galáctico ha comenzado en: 6, 64, 198
[23:27:45] [Server thread/INFO]: La maldición de un Gato Galáctico ha comenzado en: 5, 64, 198
[23:27:45] [Server thread/INFO]: Un gato galáctico invocará un mob al azar en: 5
[23:27:45] [Server thread/INFO]: Un gato galáctico invocará un mob al azar en: 5
[23:27:45] [Server thread/INFO]: Un gato galáctico invocará un mob al azar en: 5
[23:27:45] [Server thread/INFO]: Un gato galáctico invocará un mob al azar en: 5
[23:27:45] [Server thread/INFO]: Un gato galáctico invocará un mob al azar en: 4
[23:27:45] [Server thread/INFO]: Un gato galáctico invocará un mob al azar en: 4
[23:27:45] [Server thread/INFO]: Un gato galáctico invocará un mob al azar en: 4
[23:27:45] [Server thread/INFO]: Un gato galáctico invocará un mob al azar en: 4
[23:27:45] [Server thread/INFO]: Un gato galáctico invocará un mob al azar en: 4
[23:27:45] [Server thread/INFO]: Un gato galáctico invocará un mob al azar en: 4
[23:27:45] [Server thread/INFO]: Un gato galáctico invocará un mob al azar en: 4
[23:27:45] [Server thread/INFO]: Un gato galáctico invocará un mob al azar en: 4
[23:27:45] [Server thread/INFO]: Un gato galáctico invocará un mob al azar en: 4
[23:27:45] [Server thread/INFO]: Un gato galáctico invocará un mob al azar en: 4
[23:27:45] [Server thread/INFO]: Un gato galáctico invocará un mob al azar en: 4
[23:27:45] [Server thread/INFO]: Un gato galáctico invocará un mob al azar en: 4
[23:27:45] [Server thread/INFO]: Un gato galáctico invocará un mob al azar en: 4
[23:27:45] [Server thread/INFO]: Un gato galáctico invocará un mob al azar en: 4
[23:27:45] [Server thread/INFO]: Un gato galáctico invocará un mob al azar en: 4
[23:27:45] [Server thread/INFO]: Un gato galáctico invocará un mob al azar en: 4
[23:27:45] [Server thread/INFO]: Un gato galáctico invocará un mob al azar en: 4
[23:27:45] [Server thread/INFO]: Un gato galáctico invocará un mob al azar en: 4
[23:27:45] [Server thread/INFO]: Un gato galáctico invocará un mob al azar en: 4
[23:27:45] [Server thread/INFO]: Un gato galáctico invocará un mob al azar en: 4
[23:27:45] [Server thread/INFO]: Un gato galáctico invocará un mob al azar en: 4
[23:27:45] [Server thread/INFO]: Un gato galáctico invocará un mob al azar en: 4
[23:27:45] [Server thread/INFO]: Un gato galáctico invocará un mob al azar en: 4
[23:27:45] [Server thread/INFO]: Un gato galáctico invocará un mob al azar en: 4
[23:27:45] [Server thread/INFO]: Un gato galáctico invocará un mob al azar en: 4
[23:27:45] [Server thread/INFO]: Un gato galáctico invocará un mob al azar en: 4
[23:27:45] [Server thread/INFO]: Un gato galáctico invocará un mob al azar en: 4
[23:27:45] [Server thread/INFO]: Un gato galáctico invocará un mob al azar en: 4
[23:27:45] [Server thread/INFO]: La maldición de un Gato Galáctico ha comenzado en: -1, 70, 210
[23:27:45] [Server thread/INFO]: La maldición de un Gato Galáctico ha comenzado en: -1, 70, 211
[23:27:45] [Server thread/INFO]: Un gato galáctico invocará un mob al azar en: 5
[23:27:45] [Server thread/INFO]: Un gato galáctico invocará un mob al azar en: 5
[23:27:45] [Server thread/INFO]: Un gato galáctico invocará un mob al azar en: 4
[23:27:45] [Server thread/INFO]: La maldición de un Gato Galáctico ha comenzado en: 4, 64, 197
[23:27:45] [Server thread/INFO]: La maldición de un Gato Galáctico ha comenzado en: 2, 64, 196
[23:27:45] [Server thread/INFO]: Un gato galáctico invocará un mob al azar en: 5
[23:27:45] [Server thread/INFO]: Un gato galáctico invocará un mob al azar en: 5
[23:27:45] [Server thread/INFO]: Un gato galáctico invocará un mob al azar en: 2
[23:27:45] [Server thread/INFO]: Un gato galáctico invocará un mob al azar en: 3
[23:27:45] [Server thread/INFO]: La maldición de un Gato Galáctico ha comenzado en: 7, 62, 195
[23:27:45] [Server thread/INFO]: Un gato galáctico invocará un mob al azar en: 5
[23:27:45] [Server thread/INFO]: La maldición de un Gato Galáctico ha comenzado en: 0, 60, 193
[23:27:45] [Server thread/INFO]: Un gato galáctico invocará un mob al azar en: 5
[23:27:45] [Server thread/INFO]: Un gato galáctico invocará un mob al azar en: 1
[23:27:45] [Server thread/INFO]: Un gato galáctico ha invicado un(a) Gato Supernova (-6.2008537484261534, 61.0, 213.2738236561545
[23:27:45] [Server thread/INFO]: La maldición de un Gato Galáctico ha comenzado en: 7, 62, 193
[23:27:45] [Server thread/INFO]: Un gato galáctico invocará un mob al azar en: 5
[23:27:45] [Server thread/INFO]: Un gato galáctico invocará un mob al azar en: 3
[23:27:45] [Server thread/INFO]: Un gato galáctico invocará un mob al azar en: 2
[23:27:45] [Server thread/INFO]: La maldición de un Gato Galáctico ha comenzado en: -3, 64, 193
[23:27:45] [Server thread/INFO]: La maldición de un Gato Galáctico ha comenzado en: 0, 64, 195
[23:27:45] [Server thread/INFO]: La maldición de un Gato Galáctico ha comenzado en: -6, 64, 194
[23:27:45] [Server thread/INFO]: La maldición de un Gato Galáctico ha comenzado en: -5, 64, 190
[23:27:45] [Server thread/INFO]: La maldición de un Gato Galáctico ha comenzado en: -2, 64, 191
[23:27:45] [Server thread/INFO]: La maldición de un Gato Galáctico ha comenzado en: -1, 64, 193
[23:27:45] [Server thread/INFO]: Un gato galáctico invocará un mob al azar en: 5
[23:27:45] [Server thread/INFO]: Un gato galáctico invocará un mob al azar en: 5
[23:27:45] [Server thread/INFO]: Un gato galáctico invocará un mob al azar en: 5
[23:27:45] [Server thread/INFO]: Un gato galáctico invocará un mob al azar en: 5
[23:27:45] [Server thread/INFO]: Un gato galáctico invocará un mob al azar en: 5
[23:27:45] [Server thread/INFO]: Un gato galáctico invocará un mob al azar en: 5
[23:27:45] [Server thread/INFO]: La maldición de un Gato Galáctico ha comenzado en: 0, 59, 190
[23:27:45] [Server thread/INFO]: Un gato galáctico invocará un mob al azar en: 5
[23:27:45] [Server thread/INFO]: Un gato galáctico invocará un mob al azar en: 1
[23:27:45] [Server thread/INFO]: Un gato galáctico ha invicado un(a) Esqueleto de Clase (-6.47422474907029, 61.0, 213.11764853766812
[23:27:45] [Server thread/INFO]: Un gato galáctico invocará un mob al azar en: 1
[23:27:45] [Server thread/INFO]: Un gato galáctico ha invicado un(a) Shulker Tnt (-6.43844028778563, 61.0, 213.62565529781583
[23:27:45] [Server thread/INFO]: Un gato galáctico invocará un mob al azar en: 4
[23:27:45] [Server thread/INFO]: Un gato galáctico invocará un mob al azar en: 4
[23:27:45] [Server thread/INFO]: Un gato galáctico invocará un mob al azar en: 4
[23:27:45] [Server thread/INFO]: Un gato galáctico invocará un mob al azar en: 4
[23:27:45] [Server thread/INFO]: Un gato galáctico invocará un mob al azar en: 4
[23:27:45] [Server thread/INFO]: La maldición de un Gato Galáctico ha comenzado en: -2, 59, 188
[23:27:45] [Server thread/INFO]: Un gato galáctico invocará un mob al azar en: 5
[23:27:45] [Server thread/INFO]: Un gato galáctico invocará un mob al azar en: 2
[23:27:46] [Server thread/INFO]: Un gato galáctico invocará un mob al azar en: 2
[23:27:46] [Server thread/INFO]: Un gato galáctico invocará un mob al azar en: 2
[23:27:46] [Server thread/INFO]: Un gato galáctico invocará un mob al azar en: 2
[23:27:46] [Server thread/INFO]: Un gato galáctico invocará un mob al azar en: 1
[23:27:46] [Server thread/INFO]: Un gato galáctico ha invicado un(a) Gigante (-3.4325892016566937, 61.0, 213.14282054814575
[23:27:46] [Server thread/INFO]: Un gato galáctico invocará un mob al azar en: 2
[23:27:46] [Server thread/INFO]: Un gato galáctico invocará un mob al azar en: 4
[23:27:46] [Server thread/INFO]: Un gato galáctico invocará un mob al azar en: 4
[23:27:46] [Server thread/INFO]: Un gato galáctico invocará un mob al azar en: 4
[23:27:46] [Server thread/INFO]: Un gato galáctico invocará un mob al azar en: 4
[23:27:46] [Server thread/INFO]: Un gato galáctico invocará un mob al azar en: 4
[23:27:46] [Server thread/INFO]: La maldición de un Gato Galáctico ha comenzado en: 3, 61, 183
[23:27:46] [Server thread/INFO]: La maldición de un Gato Galáctico ha comenzado en: 7, 61, 183
[23:27:46] [Server thread/INFO]: Un gato galáctico invocará un mob al azar en: 5
[23:27:46] [Server thread/INFO]: Un gato galáctico invocará un mob al azar en: 5
[23:27:46] [Server thread/INFO]: Un gato galáctico invocará un mob al azar en: 4
[23:27:46] [Server thread/INFO]: Un gato galáctico invocará un mob al azar en: 3
[23:27:46] [Server thread/INFO]: Un gato galáctico invocará un mob al azar en: 3
[23:27:46] [Server thread/INFO]: Un gato galáctico invocará un mob al azar en: 3
[23:27:46] [Server thread/INFO]: Un gato galáctico invocará un mob al azar en: 3
[23:27:46] [Server thread/INFO]: Un gato galáctico invocará un mob al azar en: 3
[23:27:46] [Server thread/INFO]: Un gato galáctico invocará un mob al azar en: 3
[23:27:46] [Server thread/INFO]: Un gato galáctico invocará un mob al azar en: 3
[23:27:46] [Server thread/INFO]: Un gato galáctico invocará un mob al azar en: 3
[23:27:46] [Server thread/INFO]: Un gato galáctico invocará un mob al azar en: 3
[23:27:46] [Server thread/INFO]: Un gato galáctico invocará un mob al azar en: 3
[23:27:46] [Server thread/INFO]: Un gato galáctico invocará un mob al azar en: 3
[23:27:46] [Server thread/INFO]: Un gato galáctico invocará un mob al azar en: 3
[23:27:46] [Server thread/INFO]: Un gato galáctico invocará un mob al azar en: 3
[23:27:46] [Server thread/INFO]: Un gato galáctico invocará un mob al azar en: 3
[23:27:46] [Server thread/INFO]: Un gato galáctico invocará un mob al azar en: 3
[23:27:46] [Server thread/INFO]: Un gato galáctico invocará un mob al azar en: 3
[23:27:46] [Server thread/INFO]: Un gato galáctico invocará un mob al azar en: 3
[23:27:46] [Server thread/INFO]: Un gato galáctico invocará un mob al azar en: 3
[23:27:46] [Server thread/INFO]: Un gato galáctico invocará un mob al azar en: 3
[23:27:46] [Server thread/INFO]: Un gato galáctico invocará un mob al azar en: 3
[23:27:46] [Server thread/INFO]: Un gato galáctico invocará un mob al azar en: 3
[23:27:46] [Server thread/INFO]: Un gato galáctico invocará un mob al azar en: 3
[23:27:46] [Server thread/INFO]: Un gato galáctico invocará un mob al azar en: 3
[23:27:46] [Server thread/INFO]: Un gato galáctico invocará un mob al azar en: 3
[23:27:46] [Server thread/INFO]: Un gato galáctico invocará un mob al azar en: 3
[23:27:46] [Server thread/INFO]: Un gato galáctico invocará un mob al azar en: 3
[23:27:46] [Server thread/INFO]: Un gato galáctico invocará un mob al azar en: 3
[23:27:46] [Server thread/INFO]: Un gato galáctico invocará un mob al azar en: 3
[23:27:46] [Server thread/INFO]: Un gato galáctico invocará un mob al azar en: 4
[23:27:46] [Server thread/INFO]: Un gato galáctico invocará un mob al azar en: 4
[23:27:46] [Server thread/INFO]: Un gato galáctico invocará un mob al azar en: 4
[23:27:46] [Server thread/INFO]: Un gato galáctico invocará un mob al azar en: 4
[23:27:46] [Server thread/INFO]: Un gato galáctico invocará un mob al azar en: 3
[23:27:46] [Server thread/INFO]: Un gato galáctico invocará un mob al azar en: 4
[23:27:46] [Server thread/INFO]: Un gato galáctico invocará un mob al azar en: 4
[23:27:46] [Server thread/INFO]: Un gato galáctico invocará un mob al azar en: 1
[23:27:46] [Server thread/INFO]: Un gato galáctico ha invicado un(a) Gato Supernova (-5.072811175056758, 61.0, 213.12901256244288
[23:27:46] [Server thread/INFO]: Un gato galáctico invocará un mob al azar en: 2
[23:27:46] [Server thread/INFO]: Un gato galáctico invocará un mob al azar en: 4
[23:27:46] [Server thread/INFO]: Un gato galáctico invocará un mob al azar en: 4
[23:27:46] [Server thread/INFO]: Un gato galáctico invocará un mob al azar en: 4
[23:27:46] [Server thread/INFO]: Un gato galáctico invocará un mob al azar en: 4
[23:27:46] [Server thread/INFO]: Un gato galáctico invocará un mob al azar en: 4
[23:27:46] [Server thread/INFO]: Un gato galáctico invocará un mob al azar en: 2
[23:27:46] [Server thread/INFO]: Un gato galáctico invocará un mob al azar en: 1
[23:27:46] [Server thread/INFO]: Un gato galáctico ha invicado un(a) Giga Slime (-6.239626963473207, 61.0, 213.69999998807907
[23:27:46] [Server thread/INFO]: Un gato galáctico invocará un mob al azar en: 4
[23:27:46] [Server thread/INFO]: Un gato galáctico invocará un mob al azar en: 4
[23:27:46] [Server thread/INFO]: Un gato galáctico invocará un mob al azar en: 4
[23:27:46] [Server thread/INFO]: Un gato galáctico invocará un mob al azar en: 4
[23:27:46] [Server thread/INFO]: Un gato galáctico invocará un mob al azar en: 4
[23:27:46] [Server thread/INFO]: Un gato galáctico invocará un mob al azar en: 4
[23:27:46] [Server thread/INFO]: Un gato galáctico invocará un mob al azar en: 3
[23:27:46] [Server thread/INFO]: Un gato galáctico invocará un mob al azar en: 3
[23:27:46] [Server thread/INFO]: Un gato galáctico invocará un mob al azar en: 3
[23:27:46] [Server thread/INFO]: Un gato galáctico invocará un mob al azar en: 3
[23:27:46] [Server thread/INFO]: Un gato galáctico invocará un mob al azar en: 4
[23:27:46] [Server thread/INFO]: Un gato galáctico invocará un mob al azar en: 3
[23:27:46] [Server thread/INFO]: Un gato galáctico invocará un mob al azar en: 4
[23:27:46] [Server thread/INFO]: Un gato galáctico invocará un mob al azar en: 1
[23:27:46] [Server thread/INFO]: Un gato galáctico ha invicado un(a) Silverfish de la Muerte (-6.17561630306108, 61.0, 213.50512214074757
[23:27:47] [Server thread/INFO]: Un gato galáctico invocará un mob al azar en: 1
[23:27:47] [Server thread/INFO]: Un gato galáctico ha invicado un(a) Silverfish de la Muerte (-2.832286755349953, 61.0, 213.28314766093519
[23:27:47] [Server thread/INFO]: Un gato galáctico invocará un mob al azar en: 1
[23:27:47] [Server thread/INFO]: Un gato galáctico ha invicado un(a) Gato Supernova (-5.861972031181602, 61.0, 213.69999998807907
[23:27:47] [Server thread/INFO]: Un gato galáctico invocará un mob al azar en: 1
[23:27:47] [Server thread/INFO]: Un gato galáctico ha invicado un(a) Araña con Efectos (-5.809700734629478, 61.0, 213.69999998807907
[23:27:47] [Server thread/INFO]: Un gato galáctico invocará un mob al azar en: 1
[23:27:47] [Server thread/INFO]: Un gato galáctico ha invicado un(a) Ultra Ravager (-6.182088021465932, 61.0, 213.66558459326353
[23:27:47] [Server thread/INFO]: Un gato galáctico invocará un mob al azar en: 3
[23:27:47] [Server thread/INFO]: Un gato galáctico invocará un mob al azar en: 3
[23:27:47] [Server thread/INFO]: Un gato galáctico invocará un mob al azar en: 3
[23:27:47] [Server thread/INFO]: Un gato galáctico invocará un mob al azar en: 3
[23:27:47] [Server thread/INFO]: Un gato galáctico invocará un mob al azar en: 3
[23:27:47] [Server thread/INFO]: Un gato galáctico invocará un mob al azar en: 3
[23:27:47] [Server thread/INFO]: Un gato galáctico invocará un mob al azar en: 4
[23:27:47] [Server thread/INFO]: Un gato galáctico invocará un mob al azar en: 4
[23:27:47] [Server thread/INFO]: Un gato galáctico invocará un mob al azar en: 2
[23:27:47] [Server thread/INFO]: Un gato galáctico invocará un mob al azar en: 2
[23:27:47] [Server thread/INFO]: Un gato galáctico invocará un mob al azar en: 2
[23:27:47] [Server thread/INFO]: Un gato galáctico invocará un mob al azar en: 2
[23:27:47] [Server thread/INFO]: Un gato galáctico invocará un mob al azar en: 2
[23:27:47] [Server thread/INFO]: Un gato galáctico invocará un mob al azar en: 2
[23:27:47] [Server thread/INFO]: Un gato galáctico invocará un mob al azar en: 2
[23:27:47] [Server thread/INFO]: Un gato galáctico invocará un mob al azar en: 2
[23:27:47] [Server thread/INFO]: Un gato galáctico invocará un mob al azar en: 2
[23:27:47] [Server thread/INFO]: Un gato galáctico invocará un mob al azar en: 2
[23:27:47] [Server thread/INFO]: Un gato galáctico invocará un mob al azar en: 2
[23:27:47] [Server thread/INFO]: Un gato galáctico invocará un mob al azar en: 2
[23:27:47] [Server thread/INFO]: Un gato galáctico invocará un mob al azar en: 2
[23:27:47] [Server thread/INFO]: Un gato galáctico invocará un mob al azar en: 2
[23:27:47] [Server thread/INFO]: Un gato galáctico invocará un mob al azar en: 2
[23:27:47] [Server thread/INFO]: Un gato galáctico invocará un mob al azar en: 2
[23:27:47] [Server thread/INFO]: Un gato galáctico invocará un mob al azar en: 2
[23:27:47] [Server thread/INFO]: Un gato galáctico invocará un mob al azar en: 2
[23:27:47] [Server thread/INFO]: Un gato galáctico invocará un mob al azar en: 2
[23:27:47] [Server thread/INFO]: Un gato galáctico invocará un mob al azar en: 2
[23:27:47] [Server thread/INFO]: Un gato galáctico invocará un mob al azar en: 2
[23:27:47] [Server thread/INFO]: Un gato galáctico invocará un mob al azar en: 2
[23:27:47] [Server thread/INFO]: Un gato galáctico invocará un mob al azar en: 2
[23:27:47] [Server thread/INFO]: Un gato galáctico invocará un mob al azar en: 2
[23:27:47] [Server thread/INFO]: Un gato galáctico invocará un mob al azar en: 2
[23:27:47] [Server thread/INFO]: Un gato galáctico invocará un mob al azar en: 2
[23:27:47] [Server thread/INFO]: Un gato galáctico invocará un mob al azar en: 2
[23:27:47] [Server thread/INFO]: Un gato galáctico invocará un mob al azar en: 2
[23:27:47] [Server thread/INFO]: Un gato galáctico invocará un mob al azar en: 3
[23:27:47] [Server thread/INFO]: Un gato galáctico invocará un mob al azar en: 3
[23:27:47] [Server thread/INFO]: Un gato galáctico invocará un mob al azar en: 3
[23:27:47] [Server thread/INFO]: Un gato galáctico invocará un mob al azar en: 3
[23:27:47] [Server thread/INFO]: Un gato galáctico invocará un mob al azar en: 2
[23:27:47] [Server thread/INFO]: Un gato galáctico invocará un mob al azar en: 3
[23:27:47] [Server thread/INFO]: Un gato galáctico invocará un mob al azar en: 3
[23:27:47] [Server thread/INFO]: Un gato galáctico invocará un mob al azar en: 1
[23:27:47] [Server thread/INFO]: Un gato galáctico ha invicado un(a) Permadeath Demon (-6.267555116862404, 61.0, 212.7381349906756
[23:27:47] [Server thread/INFO]: Un gato galáctico invocará un mob al azar en: 3
[23:27:47] [Server thread/INFO]: Un gato galáctico invocará un mob al azar en: 3
[23:27:47] [Server thread/INFO]: La maldición de un Gato Galáctico ha comenzado en: 0, 61, 210
[23:27:47] [Server thread/INFO]: La maldición de un Gato Galáctico ha comenzado en: 0, 63, 212
[23:27:47] [Server thread/INFO]: La maldición de un Gato Galáctico ha comenzado en: -7, 64, 214
[23:27:47] [Server thread/INFO]: La maldición de un Gato Galáctico ha comenzado en: -7, 64, 214
[23:27:47] [Server thread/INFO]: Un gato galáctico invocará un mob al azar en: 5
[23:27:47] [Server thread/INFO]: Un gato galáctico invocará un mob al azar en: 5
[23:27:47] [Server thread/INFO]: Un gato galáctico invocará un mob al azar en: 5
[23:27:47] [Server thread/INFO]: Un gato galáctico invocará un mob al azar en: 5
[23:27:47] [Server thread/INFO]: Un gato galáctico invocará un mob al azar en: 3
[23:27:47] [Server thread/INFO]: Un gato galáctico invocará un mob al azar en: 3
[23:27:47] [Server thread/INFO]: Un gato galáctico invocará un mob al azar en: 3
[23:27:47] [Server thread/INFO]: Un gato galáctico invocará un mob al azar en: 1
[23:27:47] [Server thread/INFO]: Un gato galáctico ha invicado un(a) Ender Ghast (-2.823095311923625, 61.0, 213.1894504220012
[23:27:47] [Server thread/INFO]: La maldición de un Gato Galáctico ha comenzado en: 0, 62, 215
[23:27:47] [Server thread/INFO]: Un gato galáctico invocará un mob al azar en: 5
[23:27:47] [Server thread/INFO]: Un gato galáctico invocará un mob al azar en: 3
[23:27:47] [Server thread/INFO]: Un gato galáctico invocará un mob al azar en: 3
[23:27:47] [Server thread/INFO]: Un gato galáctico invocará un mob al azar en: 3
[23:27:47] [Server thread/INFO]: Un gato galáctico invocará un mob al azar en: 3
[23:27:47] [Server thread/INFO]: Un gato galáctico invocará un mob al azar en: 3
[23:27:47] [Server thread/INFO]: Un gato galáctico invocará un mob al azar en: 3
[23:27:47] [Server thread/INFO]: La maldición de un Gato Galáctico ha comenzado en: 0, 64, 214
[23:27:47] [Server thread/INFO]: Un gato galáctico invocará un mob al azar en: 5
[23:27:47] [Server thread/INFO]: Un gato galáctico invocará un mob al azar en: 2
[23:27:47] [Server thread/INFO]: Un gato galáctico invocará un mob al azar en: 2
[23:27:47] [Server thread/INFO]: Un gato galáctico invocará un mob al azar en: 2
[23:27:47] [Server thread/INFO]: Un gato galáctico invocará un mob al azar en: 2
[23:27:47] [Server thread/INFO]: Un gato galáctico invocará un mob al azar en: 3
[23:27:47] [Server thread/INFO]: Un gato galáctico invocará un mob al azar en: 2
[23:27:47] [Server thread/INFO]: La maldición de un Gato Galáctico ha comenzado en: 0, 64, 215
[23:27:47] [Server thread/INFO]: Un gato galáctico invocará un mob al azar en: 5
[23:27:47] [Server thread/INFO]: Un gato galáctico invocará un mob al azar en: 3
[23:27:47] [Server thread/INFO]: La maldición de un Gato Galáctico ha comenzado en: 2, 62, 204
[23:27:48] [Server thread/INFO]: Un gato galáctico invocará un mob al azar en: 5
[23:27:48] [Server thread/INFO]: Un gato galáctico invocará un mob al azar en: 2
[23:27:48] [Server thread/INFO]: Un gato galáctico invocará un mob al azar en: 2
[23:27:48] [Server thread/INFO]: Un gato galáctico invocará un mob al azar en: 2
[23:27:48] [Server thread/INFO]: Un gato galáctico invocará un mob al azar en: 2
[23:27:48] [Server thread/INFO]: Un gato galáctico invocará un mob al azar en: 2
[23:27:48] [Server thread/INFO]: Un gato galáctico invocará un mob al azar en: 2
[23:27:48] [Server thread/INFO]: Un gato galáctico invocará un mob al azar en: 3
[23:27:48] [Server thread/INFO]: Un gato galáctico invocará un mob al azar en: 3
[23:27:48] [Server thread/INFO]: Un gato galáctico invocará un mob al azar en: 1
[23:27:48] [Server thread/INFO]: Un gato galáctico ha invicado un(a) Ultra Ravager (-4.460446860566947, 61.0, 211.95883426664773
[23:27:48] [Server thread/INFO]: Un gato galáctico invocará un mob al azar en: 1
[23:27:48] [Server thread/INFO]: Un gato galáctico ha invicado un(a) Bruja Imposible (-2.300000011920929, 61.0, 213.04549339418733
[23:27:48] [Server thread/INFO]: Un gato galáctico invocará un mob al azar en: 1
[23:27:48] [Server thread/INFO]: Un gato galáctico ha invicado un(a) Giga Phantom (-3.537806959899638, 61.0, 209.90483467977933
[23:27:48] [Server thread/INFO]: Un gato galáctico invocará un mob al azar en: 1
[23:27:48] [Server thread/INFO]: Un gato galáctico ha invicado un(a) Esqueleto de Clase (-4.468090903262854, 61.0, 213.35641756802607
[23:27:48] [Server thread/INFO]: Un gato galáctico invocará un mob al azar en: 1
[23:27:48] [Server thread/INFO]: Un gato galáctico ha invicado un(a) Giga Slime (-2.689237699992149, 61.0, 210.86805716451514
[23:27:48] [Server thread/INFO]: Un gato galáctico invocará un mob al azar en: 1
[23:27:48] [Server thread/INFO]: Un gato galáctico ha invicado un(a) Ghast Demoníaco (-4.6733475270503915, 61.0, 211.91010707114685
[23:27:48] [Server thread/INFO]: Un gato galáctico invocará un mob al azar en: 1
[23:27:48] [Server thread/INFO]: Un gato galáctico ha invicado un(a) Demonio Flotante (-4.375235836759672, 61.0, 211.95665210705295
[23:27:48] [Server thread/INFO]: Un gato galáctico invocará un mob al azar en: 1
[23:27:48] [Server thread/INFO]: Un gato galáctico ha invicado un(a) Bruja Imposible (-2.5621712378460058, 61.0, 211.74992327789457
[23:27:48] [Server thread/INFO]: Un gato galáctico invocará un mob al azar en: 1
[23:27:48] [Server thread/INFO]: Un gato galáctico ha invicado un(a) Gato Supernova (-4.715276285447353, 61.0, 213.29827269561045
[23:27:48] [Server thread/INFO]: Un gato galáctico invocará un mob al azar en: 1
[23:27:48] [Server thread/INFO]: Un gato galáctico ha invicado un(a) Ghast Demoníaco (-2.322922588154904, 61.0, 210.32556924616316
[23:27:48] [Server thread/INFO]: Un gato galáctico invocará un mob al azar en: 1
[23:27:48] [Server thread/INFO]: Un gato galáctico ha invicado un(a) Gigante (-2.663963511662776, 61.0, 212.6615383645502
[23:27:48] [Server thread/INFO]: Un gato galáctico invocará un mob al azar en: 1
[23:27:48] [Server thread/INFO]: Un gato galáctico ha invicado un(a) Quantum Creeper (-3.937117651982925, 61.0, 213.6448875559854
[23:27:48] [Server thread/INFO]: Un gato galáctico invocará un mob al azar en: 1
[23:27:48] [Server thread/INFO]: Un gato galáctico ha invicado un(a) Pufferfish invulnerable (-2.882552407254641, 61.0, 212.7162062881918
[23:27:48] [Server thread/INFO]: Un gato galáctico invocará un mob al azar en: 1
[23:27:48] [Server thread/INFO]: Un gato galáctico ha invicado un(a) Giga Phantom (-3.795484629100665, 61.0, 213.04376527974438
[23:27:48] [Server thread/INFO]: Un gato galáctico invocará un mob al azar en: 1
[23:27:48] [Server thread/INFO]: Un gato galáctico ha invicado un(a) Shulker Tnt (-3.025001385796539, 61.0, 212.53854322381983
[23:27:48] [Server thread/INFO]: Un gato galáctico invocará un mob al azar en: 1
[23:27:48] [Server thread/INFO]: Un gato galáctico ha invicado un(a) Gato Supernova (-2.9962190070141923, 61.0, 212.51786853474343
[23:27:48] [Server thread/INFO]: Un gato galáctico invocará un mob al azar en: 1
[23:27:48] [Server thread/INFO]: Un gato galáctico ha invicado un(a) Permadeath Demon (-3.040179012749686, 61.0, 212.55266817484411
[23:27:48] [Server thread/INFO]: Un gato galáctico invocará un mob al azar en: 1
[23:27:48] [Server thread/INFO]: Un gato galáctico ha invicado un(a) Silverfish de la Muerte (-3.3995078352583534, 61.0, 212.91500223966742
[23:27:48] [Server thread/INFO]: Un gato galáctico invocará un mob al azar en: 1
[23:27:48] [Server thread/INFO]: Un gato galáctico ha invicado un(a) Bruja Imposible (-3.8180256182918715, 61.0, 213.06505533524953
[23:27:48] [Server thread/INFO]: Un gato galáctico invocará un mob al azar en: 1
[23:27:48] [Server thread/INFO]: Un gato galáctico ha invicado un(a) Wither Skeleton Emperador (-3.2310258768166706, 61.0, 212.52388441747033
[23:27:48] [Server thread/INFO]: Un gato galáctico invocará un mob al azar en: 1
[23:27:48] [Server thread/INFO]: Un gato galáctico ha invicado un(a) Ender Ghast (-3.8138323078866767, 61.0, 213.0177239385185
[23:27:48] [Server thread/INFO]: Un gato galáctico invocará un mob al azar en: 1
[23:27:48] [Server thread/INFO]: Un gato galáctico ha invicado un(a) Ultra Ravager (-5.29171948416669, 61.0, 212.26777658543537
[23:27:48] [Server thread/INFO]: Un gato galáctico invocará un mob al azar en: 1
[23:27:48] [Server thread/INFO]: Un gato galáctico ha invicado un(a) Ultra Ravager (-6.699999988079071, 61.0, 212.88178900559504
[23:27:48] [Server thread/INFO]: Un gato galáctico invocará un mob al azar en: 1
[23:27:48] [Server thread/INFO]: Un gato galáctico ha invicado un(a) Bruja Imposible (-6.699999988079071, 61.0, 212.37977845892652
[23:27:48] [Server thread/INFO]: Un gato galáctico invocará un mob al azar en: 1
[23:27:48] [Server thread/INFO]: Un gato galáctico ha invicado un(a) Ultra Ravager (-6.007689693781524, 61.0, 212.90193177103663
[23:27:48] [Server thread/INFO]: Un gato galáctico invocará un mob al azar en: 1
[23:27:48] [Server thread/INFO]: Un gato galáctico ha invicado un(a) Silverfish de la Muerte (-6.609158698152735, 61.0, 213.21192519875115
[23:27:48] [Server thread/INFO]: Un gato galáctico invocará un mob al azar en: 1
[23:27:48] [Server thread/INFO]: Un gato galáctico ha invicado un(a) Araña con Efectos (-6.090340301952105, 61.0, 213.57591361261962
[23:27:48] [Server thread/INFO]: Un gato galáctico invocará un mob al azar en: 1
[23:27:48] [Server thread/INFO]: Un gato galáctico ha invicado un(a) Giga Phantom (-6.699999988079071, 61.0, 211.20331761168597
[23:27:48] [Server thread/INFO]: Un gato galáctico invocará un mob al azar en: 2
[23:27:48] [Server thread/INFO]: Un gato galáctico invocará un mob al azar en: 2
[23:27:48] [Server thread/INFO]: Un gato galáctico invocará un mob al azar en: 2
[23:27:48] [Server thread/INFO]: Un gato galáctico invocará un mob al azar en: 2
[23:27:48] [Server thread/INFO]: La maldición de un Gato Galáctico ha comenzado en: 7, 67, 215
[23:27:48] [Server thread/INFO]: La maldición de un Gato Galáctico ha comenzado en: 4, 64, 208
[23:27:48] [Server thread/INFO]: Un gato galáctico invocará un mob al azar en: 5
[23:27:48] [Server thread/INFO]: Un gato galáctico invocará un mob al azar en: 5
[23:27:48] [Server thread/INFO]: Un gato galáctico invocará un mob al azar en: 1
[23:27:48] [Server thread/INFO]: Un gato galáctico ha invicado un(a) Silverfish de la Muerte (-0.9240047454535749, 61.60000000298023, 206.30000001192093
[23:27:48] [Server thread/INFO]: Un gato galáctico invocará un mob al azar en: 2
[23:27:48] [Server thread/INFO]: Un gato galáctico invocará un mob al azar en: 2
[23:27:48] [Server thread/INFO]: La maldición de un Gato Galáctico ha comenzado en: 0, 66, 215
[23:27:48] [Server thread/INFO]: Un gato galáctico invocará un mob al azar en: 5
[23:27:48] [Server thread/INFO]: Un gato galáctico invocará un mob al azar en: 2
[23:27:48] [Server thread/INFO]: Un gato galáctico invocará un mob al azar en: 2
[23:27:48] [Server thread/INFO]: La maldición de un Gato Galáctico ha comenzado en: 0, 68, 219
[23:27:48] [Server thread/INFO]: La maldición de un Gato Galáctico ha comenzado en: 0, 68, 216
[23:27:48] [Server thread/INFO]: La maldición de un Gato Galáctico ha comenzado en: 5, 64, 215
[23:27:48] [Server thread/INFO]: La maldición de un Gato Galáctico ha comenzado en: 1, 68, 219
[23:27:48] [Server thread/INFO]: La maldición de un Gato Galáctico ha comenzado en: 2, 68, 218
[23:27:48] [Server thread/INFO]: Un gato galáctico invocará un mob al azar en: 5
[23:27:48] [Server thread/INFO]: Un gato galáctico invocará un mob al azar en: 5
[23:27:48] [Server thread/INFO]: Un gato galáctico invocará un mob al azar en: 5
[23:27:48] [Server thread/INFO]: Un gato galáctico invocará un mob al azar en: 5
[23:27:48] [Server thread/INFO]: Un gato galáctico invocará un mob al azar en: 5
[23:27:48] [Server thread/INFO]: Un gato galáctico invocará un mob al azar en: 2
[23:27:48] [Server thread/INFO]: Un gato galáctico invocará un mob al azar en: 4
[23:27:48] [Server thread/INFO]: Un gato galáctico invocará un mob al azar en: 4
[23:27:48] [Server thread/INFO]: Un gato galáctico invocará un mob al azar en: 4
[23:27:48] [Server thread/INFO]: Un gato galáctico invocará un mob al azar en: 4
[23:27:48] [Server thread/INFO]: Un gato galáctico invocará un mob al azar en: 2
[23:27:48] [Server thread/INFO]: Un gato galáctico invocará un mob al azar en: 2
[23:27:48] [Server thread/INFO]: La maldición de un Gato Galáctico ha comenzado en: -19, 62, 191
[23:27:48] [Server thread/INFO]: Un gato galáctico invocará un mob al azar en: 5
[23:27:48] [Server thread/INFO]: Un gato galáctico invocará un mob al azar en: 2
[23:27:48] [Server thread/INFO]: Un gato galáctico invocará un mob al azar en: 2
[23:27:48] [Server thread/INFO]: Un gato galáctico invocará un mob al azar en: 2
[23:27:48] [Server thread/INFO]: Un gato galáctico invocará un mob al azar en: 2
[23:27:48] [Server thread/INFO]: Un gato galáctico invocará un mob al azar en: 2
[23:27:48] [Server thread/INFO]: Un gato galáctico invocará un mob al azar en: 2
[23:27:48] [Server thread/INFO]: Un gato galáctico invocará un mob al azar en: 4
[23:27:48] [Server thread/INFO]: La maldición de un Gato Galáctico ha comenzado en: 8, 71, 219
[23:27:48] [Server thread/INFO]: Un gato galáctico invocará un mob al azar en: 5
[23:27:48] [Server thread/INFO]: Un gato galáctico invocará un mob al azar en: 1
[23:27:48] [Server thread/INFO]: Un gato galáctico ha invicado un(a) Quantum Creeper (-4.618457628185503, 64.3122737884017, 202.78245374489612
[23:27:48] [Server thread/INFO]: Un gato galáctico invocará un mob al azar en: 1
[23:27:48] [Server thread/ERROR]: Could not pass event CreatureSpawnEvent to Permadeath v1.3
java.lang.NullPointerException: null
	at tech.sebazcrc.permadeath.nms.v1_16_R3.NMSHandlerImpl.spawnNMSEntity(NMSHandlerImpl.java:326) ~[?:?]
	at tech.sebazcrc.permadeath.event.entity.SpawnListener.onSpawn(SpawnListener.java:127) ~[?:?]
	at com.destroystokyo.paper.event.executor.asm.generated.GeneratedEventExecutor9.execute(Unknown Source) ~[?:?]
	at org.bukkit.plugin.EventExecutor.lambda$create$1(EventExecutor.java:69) ~[patched_1.16.5.jar:git-Paper-794]
	at co.aikar.timings.TimedEventExecutor.execute(TimedEventExecutor.java:80) ~[patched_1.16.5.jar:git-Paper-794]
	at org.bukkit.plugin.RegisteredListener.callEvent(RegisteredListener.java:70) ~[patched_1.16.5.jar:git-Paper-794]
	at org.bukkit.plugin.SimplePluginManager.callEvent(SimplePluginManager.java:624) ~[patched_1.16.5.jar:git-Paper-794]
	at org.bukkit.craftbukkit.v1_16_R3.event.CraftEventFactory.callCreatureSpawnEvent(CraftEventFactory.java:722) ~[patched_1.16.5.jar:git-Paper-794]
	at org.bukkit.craftbukkit.v1_16_R3.event.CraftEventFactory.doEntityAddEventCalling(CraftEventFactory.java:640) ~[patched_1.16.5.jar:git-Paper-794]
	at net.minecraft.server.v1_16_R3.WorldServer.addEntity0(WorldServer.java:1302) ~[patched_1.16.5.jar:git-Paper-794]
	at net.minecraft.server.v1_16_R3.WorldServer.addEntity(WorldServer.java:1203) ~[patched_1.16.5.jar:git-Paper-794]
	at net.minecraft.server.v1_16_R3.WorldAccess.lambda$addAllEntities$0(WorldAccess.java:16) ~[patched_1.16.5.jar:git-Paper-794]
	at java.util.stream.Streams$StreamBuilderImpl.forEachRemaining(Streams.java:411) ~[?:?]
	at java.util.stream.Streams$ConcatSpliterator.forEachRemaining(Streams.java:734) ~[?:?]
	at java.util.stream.ReferencePipeline$Head.forEach(ReferencePipeline.java:658) ~[?:?]
	at net.minecraft.server.v1_16_R3.WorldAccess.addAllEntities(WorldAccess.java:16) ~[patched_1.16.5.jar:git-Paper-794]
	at net.minecraft.server.v1_16_R3.EntityTypes.spawnCreature(EntityTypes.java:346) ~[patched_1.16.5.jar:git-Paper-794]
	at net.minecraft.server.v1_16_R3.EntityTypes.spawnCreature(EntityTypes.java:323) ~[patched_1.16.5.jar:git-Paper-794]
	at tech.sebazcrc.permadeath.nms.v1_16_R3.NMSHandlerImpl.spawnNMSEntity(NMSHandlerImpl.java:326) ~[?:?]
	at tech.sebazcrc.permadeath.task.GatoGalacticoTask.run(GatoGalacticoTask.java:170) ~[?:?]
	at org.bukkit.craftbukkit.v1_16_R3.scheduler.CraftTask.run(CraftTask.java:101) ~[patched_1.16.5.jar:git-Paper-794]
	at org.bukkit.craftbukkit.v1_16_R3.scheduler.CraftScheduler.mainThreadHeartbeat(CraftScheduler.java:485) ~[patched_1.16.5.jar:git-Paper-794]
	at net.minecraft.server.v1_16_R3.MinecraftServer.b(MinecraftServer.java:1432) ~[patched_1.16.5.jar:git-Paper-794]
	at net.minecraft.server.v1_16_R3.DedicatedServer.b(DedicatedServer.java:436) ~[patched_1.16.5.jar:git-Paper-794]
	at net.minecraft.server.v1_16_R3.MinecraftServer.a(MinecraftServer.java:1347) ~[patched_1.16.5.jar:git-Paper-794]
	at net.minecraft.server.v1_16_R3.MinecraftServer.w(MinecraftServer.java:1135) ~[patched_1.16.5.jar:git-Paper-794]
	at net.minecraft.server.v1_16_R3.MinecraftServer.lambda$a$0(MinecraftServer.java:291) ~[patched_1.16.5.jar:git-Paper-794]
	at java.lang.Thread.run(Thread.java:829) [?:?]
[23:27:48] [Server thread/INFO]: Un gato galáctico ha invicado un(a) Giga Phantom (-2.1173647669600384, 65.00406843259213, 203.29657572836265
[23:27:48] [Server thread/INFO]: Un gato galáctico invocará un mob al azar en: 1
[23:27:48] [Server thread/INFO]: Un gato galáctico ha invicado un(a) Pufferfish invulnerable (-2.8914484501164037, 65.00406843259213, 203.3735129421665
[23:27:48] [Server thread/INFO]: Un gato galáctico invocará un mob al azar en: 1
[23:27:48] [Server thread/INFO]: Un gato galáctico ha invicado un(a) Giga MagmaCube (0.4518135374783665, 63.72962592112108, 203.7242313544116
[23:27:48] [Server thread/INFO]: Un gato galáctico invocará un mob al azar en: 2
[23:27:48] [Server thread/INFO]: Un gato galáctico invocará un mob al azar en: 4
[23:27:48] [Server thread/INFO]: Un gato galáctico invocará un mob al azar en: 1
[23:27:48] [Server thread/INFO]: Un gato galáctico ha invicado un(a) Gigante (-3.5566429973760636, 64.7300549410509, 202.37346560978983
[23:27:48] [Server thread/INFO]: Un gato galáctico invocará un mob al azar en: 2
[23:27:48] [Server thread/INFO]: Un gato galáctico invocará un mob al azar en: 4
[23:27:49] [Server thread/INFO]: Un gato galáctico invocará un mob al azar en: 4
[23:27:49] [Server thread/INFO]: Un gato galáctico invocará un mob al azar en: 1
[23:27:49] [Server thread/INFO]: Un gato galáctico ha invicado un(a) Pufferfish invulnerable (-1.6958974657462007, 64.96813731943685, 202.83994271856605
[23:27:49] [Server thread/INFO]: Un gato galáctico invocará un mob al azar en: 1
[23:27:49] [Server thread/INFO]: Un gato galáctico ha invicado un(a) Shulker Tnt (-2.8900532342001086, 64.8079910126148, 200.18457042051688
[23:27:49] [Server thread/INFO]: Un gato galáctico invocará un mob al azar en: 1
[23:27:49] [Server thread/INFO]: Un gato galáctico ha invicado un(a) Giga Phantom (7.687952467521716, 66.0280729250154, 198.49874607291062
[23:27:49] [Server thread/INFO]: Un gato galáctico invocará un mob al azar en: 1
[23:27:49] [Server thread/INFO]: Un gato galáctico ha invicado un(a) Demonio Flotante (-1.9356171562710105, 64.7097791507939, 201.00885417185765
[23:27:49] [Server thread/INFO]: Un gato galáctico invocará un mob al azar en: 1
[23:27:49] [Server thread/INFO]: Un gato galáctico ha invicado un(a) Silverfish de la Muerte (2.9855663328688244, 65.00822144825906, 202.1198611625904
[23:27:49] [Server thread/INFO]: Un gato galáctico invocará un mob al azar en: 1
[23:27:49] [Server thread/INFO]: Un gato galáctico ha invicado un(a) Wither Skeleton Emperador (-1.205695811933888, 64.51685707721951, 197.12924734223745
[23:27:49] [Server thread/INFO]: Un gato galáctico invocará un mob al azar en: 2
[23:27:49] [Server thread/INFO]: Un gato galáctico invocará un mob al azar en: 2
[23:27:49] [Server thread/INFO]: Un gato galáctico invocará un mob al azar en: 1
[23:27:49] [Server thread/INFO]: Un gato galáctico ha invicado un(a) Silverfish de la Muerte (-4.571943005456579, 70.22384910692892, 215.20822463157015
[23:27:49] [Server thread/INFO]: Un gato galáctico invocará un mob al azar en: 1
[23:27:49] [Server thread/INFO]: Un gato galáctico ha invicado un(a) Bruja Imposible (6.919412205856327, 62.57418658600932, 198.2590070767093
[23:27:49] [Server thread/INFO]: Un gato galáctico invocará un mob al azar en: 1
[23:27:49] [Server thread/INFO]: Un gato galáctico ha invicado un(a) Demonio Flotante (6.814108508077019, 64.73023159463891, 198.5667403637821
[23:27:49] [Server thread/INFO]: Un gato galáctico invocará un mob al azar en: 1
[23:27:49] [Server thread/INFO]: Un gato galáctico ha invicado un(a) Giga Slime (5.525658741633183, 64.73023159463891, 198.59964540628852
[23:27:49] [Server thread/INFO]: Un gato galáctico invocará un mob al azar en: 1
[23:27:49] [Server thread/INFO]: Un gato galáctico ha invicado un(a) Wither Skeleton Emperador (-1.202011283159554, 70.06861710241232, 210.65060478814215
[23:27:49] [Server thread/INFO]: Un gato galáctico invocará un mob al azar en: 1
[23:27:49] [Server thread/INFO]: Un gato galáctico ha invicado un(a) Araña con Efectos (-1.0585893820889127, 70.06861710241232, 211.15127983503376
[23:27:49] [Server thread/INFO]: Un gato galáctico invocará un mob al azar en: 4
[23:27:49] [Server thread/INFO]: Un gato galáctico invocará un mob al azar en: 4
[23:27:49] [Server thread/INFO]: Un gato galáctico invocará un mob al azar en: 1
[23:27:49] [Server thread/INFO]: Un gato galáctico ha invicado un(a) Quantum Creeper (4.6214646536728745, 64.37723775750005, 197.71391408478627
[23:27:49] [Server thread/INFO]: Un gato galáctico invocará un mob al azar en: 1
[23:27:49] [Server thread/INFO]: Un gato galáctico ha invicado un(a) Pufferfish invulnerable (2.8453164186642343, 64.37723775750005, 196.73071832843735
[23:27:49] [Server thread/INFO]: Un gato galáctico invocará un mob al azar en: 4
[23:27:49] [Server thread/INFO]: Un gato galáctico invocará un mob al azar en: 1
[23:27:49] [Server thread/INFO]: Un gato galáctico ha invicado un(a) Esqueleto de Clase (7.326066091188855, 62.28352882447485, 195.37599269833123
[23:27:49] [Server thread/INFO]: Un gato galáctico invocará un mob al azar en: 3
[23:27:49] [Server thread/INFO]: Un gato galáctico invocará un mob al azar en: 3
[23:27:49] [Server thread/INFO]: Un gato galáctico invocará un mob al azar en: 3
[23:27:49] [Server thread/INFO]: Un gato galáctico invocará un mob al azar en: 3
[23:27:49] [Server thread/INFO]: Un gato galáctico invocará un mob al azar en: 4
[23:27:49] [Server thread/INFO]: Un gato galáctico invocará un mob al azar en: 4
[23:27:49] [Server thread/INFO]: Un gato galáctico invocará un mob al azar en: 4
[23:27:49] [Server thread/INFO]: Un gato galáctico invocará un mob al azar en: 4
[23:27:49] [Server thread/INFO]: Un gato galáctico invocará un mob al azar en: 4
[23:27:49] [Server thread/INFO]: Un gato galáctico invocará un mob al azar en: 1
[23:27:49] [Server thread/INFO]: Un gato galáctico ha invicado un(a) Ghast Demoníaco (0.1055869369897132, 60.98399883928712, 193.07239224629024
[23:27:49] [Server thread/INFO]: Un gato galáctico invocará un mob al azar en: 1
[23:27:49] [Server thread/INFO]: Un gato galáctico ha invicado un(a) Bruja Imposible (7.749039450378542, 62.10945346833206, 193.92808399853558
[23:27:49] [Server thread/INFO]: Un gato galáctico invocará un mob al azar en: 4
[23:27:49] [Server thread/INFO]: Un gato galáctico invocará un mob al azar en: 1
[23:27:49] [Server thread/INFO]: Un gato galáctico ha invicado un(a) Endermite Misterioso (-3.707381312095576, 64.10060043174299, 193.77083157264838
[23:27:49] [Server thread/INFO]: Un gato galáctico invocará un mob al azar en: 1
[23:27:49] [Server thread/INFO]: Un gato galáctico ha invicado un(a) Ghast Demoníaco (0.7809104205212032, 64.10060043174299, 195.62349245370768
[23:27:49] [Server thread/INFO]: Un gato galáctico invocará un mob al azar en: 1
[23:27:49] [Server thread/INFO]: Un gato galáctico ha invicado un(a) Araña con Efectos (-6.1741857949139485, 64.10060043174299, 194.45341426671578
[23:27:49] [Server thread/INFO]: Un gato galáctico invocará un mob al azar en: 1
[23:27:49] [Server thread/INFO]: Un gato galáctico ha invicado un(a) Giga MagmaCube (-5.259308316287522, 64.10060043174299, 190.89122370349182
[23:27:49] [Server thread/INFO]: Un gato galáctico invocará un mob al azar en: 1
[23:27:49] [Server thread/INFO]: Un gato galáctico ha invicado un(a) Giga MagmaCube (-2.8001368890922316, 64.10060043174299, 191.87561786562767
[23:27:49] [Server thread/INFO]: Un gato galáctico invocará un mob al azar en: 1
[23:27:49] [Server thread/INFO]: Un gato galáctico ha invicado un(a) Bruja Imposible (-1.6447195637463974, 64.10060043174299, 193.1116612348969
[23:27:49] [Server thread/INFO]: Un gato galáctico invocará un mob al azar en: 3
[23:27:49] [Server thread/INFO]: Un gato galáctico invocará un mob al azar en: 1
[23:27:49] [Server thread/INFO]: Un gato galáctico ha invicado un(a) Giga MagmaCube (-0.15000000596046448, 59.919592387473514, 190.1154587100144
[23:27:49] [Server thread/INFO]: Un gato galáctico invocará un mob al azar en: 3
[23:27:49] [Server thread/INFO]: Un gato galáctico invocará un mob al azar en: 4
[23:27:49] [Server thread/INFO]: Un gato galáctico invocará un mob al azar en: 1
[23:27:49] [Server thread/INFO]: Un gato galáctico ha invicado un(a) Giga Slime (-2.7865048508173857, 59.36535848457435, 188.27558717299746
[23:27:49] [Server thread/INFO]: Un gato galáctico invocará un mob al azar en: 3
[23:27:50] [Server thread/INFO]: Un gato galáctico invocará un mob al azar en: 3
[23:27:50] [Server thread/INFO]: Un gato galáctico invocará un mob al azar en: 1
[23:27:50] [Server thread/INFO]: Un gato galáctico ha invicado un(a) Endermite Misterioso (3.25960205337335, 61.056634728868, 183.08656209198148
[23:27:50] [Server thread/INFO]: Un gato galáctico invocará un mob al azar en: 1
[23:27:50] [Server thread/INFO]: Un gato galáctico ha invicado un(a) Giga MagmaCube (7.194311933842078, 61.99597809651038, 183.657775208084
[23:27:50] [Server thread/INFO]: La maldición de un Gato Galáctico ha comenzado en: 2, 58, 197
[23:27:50] [Server thread/INFO]: Un gato galáctico invocará un mob al azar en: 5
[23:27:50] [Server thread/INFO]: La maldición de un Gato Galáctico ha comenzado en: 7, 64, 220
[23:27:50] [Server thread/INFO]: Un gato galáctico invocará un mob al azar en: 5
[23:27:50] [Server thread/INFO]: Un gato galáctico invocará un mob al azar en: 3
[23:27:50] [Server thread/INFO]: Un gato galáctico invocará un mob al azar en: 3
[23:27:50] [Server thread/INFO]: Un gato galáctico invocará un mob al azar en: 3
[23:27:50] [Server thread/INFO]: Un gato galáctico invocará un mob al azar en: 2
[23:27:50] [Server thread/INFO]: Un gato galáctico invocará un mob al azar en: 2
[23:27:50] [Server thread/INFO]: Un gato galáctico invocará un mob al azar en: 2
[23:27:50] [Server thread/INFO]: Un gato galáctico invocará un mob al azar en: 2
[23:27:50] [Server thread/INFO]: Un gato galáctico invocará un mob al azar en: 3
[23:27:50] [Server thread/INFO]: Un gato galáctico invocará un mob al azar en: 3
[23:27:50] [Server thread/INFO]: Un gato galáctico invocará un mob al azar en: 3
[23:27:50] [Server thread/INFO]: Un gato galáctico invocará un mob al azar en: 3
[23:27:50] [Server thread/INFO]: Un gato galáctico invocará un mob al azar en: 3
[23:27:50] [Server thread/INFO]: Un gato galáctico invocará un mob al azar en: 3
[23:27:50] [Server thread/INFO]: Un gato galáctico invocará un mob al azar en: 2
[23:27:50] [Server thread/INFO]: Un gato galáctico invocará un mob al azar en: 2
[23:27:50] [Server thread/INFO]: Un gato galáctico invocará un mob al azar en: 3
[23:27:50] [Server thread/INFO]: Un gato galáctico invocará un mob al azar en: 2
[23:27:51] [Server thread/INFO]: Un gato galáctico invocará un mob al azar en: 2
[23:27:51] [Async Chat Thread - #16/INFO]: <TTottaly_RED> aaaaa
[23:27:51] [Server thread/INFO]: Un gato galáctico invocará un mob al azar en: 4
[23:27:51] [Server thread/INFO]: Un gato galáctico invocará un mob al azar en: 2
[23:27:51] [Server thread/INFO]: Un gato galáctico invocará un mob al azar en: 2
[23:27:51] [Server thread/INFO]: Un gato galáctico invocará un mob al azar en: 4
[23:27:51] [Server thread/INFO]: Un gato galáctico invocará un mob al azar en: 2
[23:27:51] [Server thread/INFO]: Un gato galáctico invocará un mob al azar en: 1
[23:27:51] [Server thread/INFO]: Un gato galáctico ha invicado un(a) Ultra Ravager (-0.4002132335185603, 61.399036795968634, 210.69999998807907
[23:27:51] [Server thread/INFO]: Un gato galáctico invocará un mob al azar en: 1
[23:27:51] [Server thread/INFO]: Un gato galáctico ha invicado un(a) Wither Skeleton Emperador (-0.30000001192092896, 63.0, 212.92159347012029
[23:27:51] [Server thread/INFO]: Un gato galáctico invocará un mob al azar en: 1
[23:27:51] [Server thread/INFO]: Un gato galáctico ha invicado un(a) Gato Supernova (-7.497111230333215, 64.0, 214.9411045585899
[23:27:51] [Server thread/INFO]: Un gato galáctico invocará un mob al azar en: 1
[23:27:51] [Server thread/INFO]: Un gato galáctico ha invicado un(a) Bruja Imposible (-7.530762938780005, 64.0, 214.15380961646258
[23:27:51] [Server thread/INFO]: Un gato galáctico invocará un mob al azar en: 2
[23:27:51] [Server thread/INFO]: Un gato galáctico invocará un mob al azar en: 2
[23:27:51] [Server thread/INFO]: Un gato galáctico invocará un mob al azar en: 2
[23:27:51] [Server thread/INFO]: Un gato galáctico invocará un mob al azar en: 2
[23:27:51] [Server thread/INFO]: Un gato galáctico invocará un mob al azar en: 2
[23:27:51] [Server thread/INFO]: Un gato galáctico invocará un mob al azar en: 2
[23:27:51] [Server thread/INFO]: La maldición de un Gato Galáctico ha comenzado en: 15, 62, 192
[23:27:51] [Server thread/INFO]: La maldición de un Gato Galáctico ha comenzado en: 17, 62, 193
[23:27:51] [Server thread/INFO]: La maldición de un Gato Galáctico ha comenzado en: 15, 62, 194
[23:27:51] [Server thread/INFO]: La maldición de un Gato Galáctico ha comenzado en: 19, 62, 193
[23:27:51] [Server thread/INFO]: Un gato galáctico invocará un mob al azar en: 5
[23:27:51] [Server thread/INFO]: Un gato galáctico invocará un mob al azar en: 5
[23:27:51] [Server thread/INFO]: Un gato galáctico invocará un mob al azar en: 5
[23:27:51] [Server thread/INFO]: Un gato galáctico invocará un mob al azar en: 5
[23:27:51] [Server thread/INFO]: Un gato galáctico invocará un mob al azar en: 1
[23:27:51] [Server thread/INFO]: Un gato galáctico ha invicado un(a) Pufferfish invulnerable (-0.15000000596046448, 62.650000005960464, 215.84999999403954
[23:27:51] [Server thread/INFO]: Un gato galáctico invocará un mob al azar en: 1
[23:27:51] [Server thread/INFO]: Un gato galáctico ha invicado un(a) Ghast Demoníaco (-0.30000001192092896, 64.470162214534, 214.9669622321164
[23:27:51] [Server thread/INFO]: Un gato galáctico invocará un mob al azar en: 2
[23:27:51] [Server thread/INFO]: Un gato galáctico invocará un mob al azar en: 1
[23:27:51] [Server thread/INFO]: Un gato galáctico ha invicado un(a) Quantum Creeper (-0.30000001192092896, 64.12160000145435, 215.69999998807907
[23:27:52] [Server thread/INFO]: Un gato galáctico invocará un mob al azar en: 1
[23:27:52] [Server thread/INFO]: Un gato galáctico ha invicado un(a) Bruja Imposible (2.386086135023099, 62.894694441009044, 204.60456225598077
[23:27:52] [Server thread/INFO]: Un gato galáctico invocará un mob al azar en: 3
[23:27:52] [Server thread/INFO]: Un gato galáctico invocará un mob al azar en: 1
[23:27:52] [Server thread/INFO]: Un gato galáctico ha invicado un(a) Bruja Imposible (7.719130997948771, 67.16610926093821, 215.47900841949826
[23:27:52] [Server thread/INFO]: Un gato galáctico invocará un mob al azar en: 1
[23:27:52] [Server thread/INFO]: Un gato galáctico ha invicado un(a) Gato Supernova (4.3699483940075865, 64.92202830333102, 208.87895324366917
[23:27:52] [Server thread/INFO]: Un gato galáctico invocará un mob al azar en: 3
[23:27:52] [Server thread/INFO]: Un gato galáctico invocará un mob al azar en: 1
[23:27:52] [Server thread/INFO]: Un gato galáctico ha invicado un(a) Gato Supernova (-0.15000000596046448, 66.67267845602983, 215.84999999403954
[23:27:52] [Server thread/INFO]: Un gato galáctico invocará un mob al azar en: 1
[23:27:52] [Server thread/INFO]: Un gato galáctico ha invicado un(a) Ultra Ravager (-0.47591409383631167, 68.0, 219.72088970436292
[23:27:52] [Server thread/INFO]: Un gato galáctico invocará un mob al azar en: 1
[23:27:52] [Server thread/INFO]: Un gato galáctico ha invicado un(a) Ultra Ravager (-0.8855298579709163, 68.0, 216.4593538938576
[23:27:52] [Server thread/INFO]: Un gato galáctico invocará un mob al azar en: 1
[23:27:52] [Server thread/INFO]: Un gato galáctico ha invicado un(a) Pufferfish invulnerable (5.846033761043014, 64.0, 215.79757381690308
[23:27:52] [Server thread/INFO]: Un gato galáctico invocará un mob al azar en: 1
[23:27:52] [Server thread/INFO]: Un gato galáctico ha invicado un(a) Giga Phantom (1.3235910538664228, 68.0, 219.84999999403954
[23:27:52] [Server thread/INFO]: Un gato galáctico invocará un mob al azar en: 1
[23:27:52] [Server thread/INFO]: Un gato galáctico ha invicado un(a) Permadeath Demon (2.4855413083652897, 68.0, 218.89066469283966
[23:27:52] [Server thread/INFO]: Un gato galáctico invocará un mob al azar en: 1
[23:27:52] [Server thread/ERROR]: Could not pass event CreatureSpawnEvent to Permadeath v1.3
java.lang.NullPointerException: null
	at tech.sebazcrc.permadeath.nms.v1_16_R3.NMSHandlerImpl.spawnNMSEntity(NMSHandlerImpl.java:326) ~[?:?]
	at tech.sebazcrc.permadeath.event.entity.SpawnListener.onSpawn(SpawnListener.java:127) ~[?:?]
	at com.destroystokyo.paper.event.executor.asm.generated.GeneratedEventExecutor9.execute(Unknown Source) ~[?:?]
	at org.bukkit.plugin.EventExecutor.lambda$create$1(EventExecutor.java:69) ~[patched_1.16.5.jar:git-Paper-794]
	at co.aikar.timings.TimedEventExecutor.execute(TimedEventExecutor.java:80) ~[patched_1.16.5.jar:git-Paper-794]
	at org.bukkit.plugin.RegisteredListener.callEvent(RegisteredListener.java:70) ~[patched_1.16.5.jar:git-Paper-794]
	at org.bukkit.plugin.SimplePluginManager.callEvent(SimplePluginManager.java:624) ~[patched_1.16.5.jar:git-Paper-794]
	at org.bukkit.craftbukkit.v1_16_R3.event.CraftEventFactory.callCreatureSpawnEvent(CraftEventFactory.java:722) ~[patched_1.16.5.jar:git-Paper-794]
	at org.bukkit.craftbukkit.v1_16_R3.event.CraftEventFactory.doEntityAddEventCalling(CraftEventFactory.java:640) ~[patched_1.16.5.jar:git-Paper-794]
	at net.minecraft.server.v1_16_R3.WorldServer.addEntity0(WorldServer.java:1302) ~[patched_1.16.5.jar:git-Paper-794]
	at net.minecraft.server.v1_16_R3.WorldServer.addEntity(WorldServer.java:1203) ~[patched_1.16.5.jar:git-Paper-794]
	at net.minecraft.server.v1_16_R3.WorldAccess.lambda$addAllEntities$0(WorldAccess.java:16) ~[patched_1.16.5.jar:git-Paper-794]
	at java.util.stream.Streams$StreamBuilderImpl.forEachRemaining(Streams.java:411) ~[?:?]
	at java.util.stream.Streams$ConcatSpliterator.forEachRemaining(Streams.java:734) ~[?:?]
	at java.util.stream.ReferencePipeline$Head.forEach(ReferencePipeline.java:658) ~[?:?]
	at net.minecraft.server.v1_16_R3.WorldAccess.addAllEntities(WorldAccess.java:16) ~[patched_1.16.5.jar:git-Paper-794]
	at net.minecraft.server.v1_16_R3.EntityTypes.spawnCreature(EntityTypes.java:346) ~[patched_1.16.5.jar:git-Paper-794]
	at net.minecraft.server.v1_16_R3.EntityTypes.spawnCreature(EntityTypes.java:323) ~[patched_1.16.5.jar:git-Paper-794]
	at tech.sebazcrc.permadeath.nms.v1_16_R3.NMSHandlerImpl.spawnNMSEntity(NMSHandlerImpl.java:326) ~[?:?]
	at tech.sebazcrc.permadeath.task.GatoGalacticoTask.run(GatoGalacticoTask.java:170) ~[?:?]
	at org.bukkit.craftbukkit.v1_16_R3.scheduler.CraftTask.run(CraftTask.java:101) ~[patched_1.16.5.jar:git-Paper-794]
	at org.bukkit.craftbukkit.v1_16_R3.scheduler.CraftScheduler.mainThreadHeartbeat(CraftScheduler.java:485) ~[patched_1.16.5.jar:git-Paper-794]
	at net.minecraft.server.v1_16_R3.MinecraftServer.b(MinecraftServer.java:1432) ~[patched_1.16.5.jar:git-Paper-794]
	at net.minecraft.server.v1_16_R3.DedicatedServer.b(DedicatedServer.java:436) ~[patched_1.16.5.jar:git-Paper-794]
	at net.minecraft.server.v1_16_R3.MinecraftServer.a(MinecraftServer.java:1347) ~[patched_1.16.5.jar:git-Paper-794]
	at net.minecraft.server.v1_16_R3.MinecraftServer.w(MinecraftServer.java:1135) ~[patched_1.16.5.jar:git-Paper-794]
	at net.minecraft.server.v1_16_R3.MinecraftServer.lambda$a$0(MinecraftServer.java:291) ~[patched_1.16.5.jar:git-Paper-794]
	at java.lang.Thread.run(Thread.java:829) [?:?]
[23:27:52] [Server thread/INFO]: Un gato galáctico ha invicado un(a) Giga Phantom (-19.03477769097335, 62.930633488121316, 191.64939395438105
[23:27:52] [Server thread/INFO]: Un gato galáctico invocará un mob al azar en: 4
[23:27:52] [Server thread/INFO]: Un gato galáctico invocará un mob al azar en: 4
[23:27:52] [Server thread/INFO]: Un gato galáctico invocará un mob al azar en: 4
[23:27:52] [Server thread/INFO]: Un gato galáctico invocará un mob al azar en: 4
[23:27:52] [Server thread/INFO]: Un gato galáctico invocará un mob al azar en: 1
[23:27:52] [Server thread/INFO]: Un gato galáctico ha invicado un(a) Endermite Misterioso (8.21740213863773, 71.20813210619718, 219.3964560809089
[23:27:53] [Server thread/INFO]: Un gato galáctico invocará un mob al azar en: 2
[23:27:53] [Server thread/INFO]: Un gato galáctico invocará un mob al azar en: 2
[23:27:53] [Server thread/INFO]: Un gato galáctico invocará un mob al azar en: 3
[23:27:53] [Server thread/INFO]: Un gato galáctico invocará un mob al azar en: 3
[23:27:53] [Server thread/INFO]: Un gato galáctico invocará un mob al azar en: 3
[23:27:53] [Server thread/INFO]: Un gato galáctico invocará un mob al azar en: 3
[23:27:54] [Server thread/INFO]: Un gato galáctico invocará un mob al azar en: 1
[23:27:54] [Server thread/INFO]: Un gato galáctico ha invicado un(a) Ultra Ravager (2.3838019120178466, 58.47580828231476, 197.06712604258274
[23:27:54] [Server thread/INFO]: Un gato galáctico invocará un mob al azar en: 1
[23:27:54] [Server thread/INFO]: Un gato galáctico ha invicado un(a) Pufferfish invulnerable (7.46546115381169, 64.0, 220.8572467472071
[23:27:54] [Server thread/INFO]: Un gato galáctico invocará un mob al azar en: 2
[23:27:54] [Server thread/INFO]: Un gato galáctico invocará un mob al azar en: 2
[23:27:54] [Server thread/INFO]: Un gato galáctico invocará un mob al azar en: 2
[23:27:54] [Server thread/INFO]: Un gato galáctico invocará un mob al azar en: 2
[23:27:55] [Server thread/INFO]: Un gato galáctico invocará un mob al azar en: 1
[23:27:55] [Server thread/INFO]: Un gato galáctico ha invicado un(a) Pufferfish invulnerable (15.05019876697619, 62.44335959253115, 192.8505733811558
[23:27:55] [Server thread/INFO]: Un gato galáctico invocará un mob al azar en: 1
[23:27:55] [Server thread/INFO]: Un gato galáctico ha invicado un(a) Bruja Imposible (17.11164130420141, 62.445337717693306, 193.18618263946388
[23:27:55] [Server thread/INFO]: Un gato galáctico invocará un mob al azar en: 1
[23:27:55] [Server thread/INFO]: Un gato galáctico ha invicado un(a) Endermite Misterioso (15.426049470886369, 62.290183581105545, 194.0796597714905
[23:27:55] [Server thread/INFO]: Un gato galáctico invocará un mob al azar en: 1
[23:27:55] [Server thread/INFO]: Un gato galáctico ha invicado un(a) Endermite Misterioso (19.112879824325436, 62.5370823439835, 193.76613150886436
[23:27:56] [Server thread/INFO]: La maldición de un Gato Galáctico ha comenzado en: 6, 62, 216
[23:27:56] [Server thread/INFO]: Un gato galáctico invocará un mob al azar en: 5
[23:27:57] [Server thread/INFO]: Un gato galáctico invocará un mob al azar en: 4
[23:27:58] [Server thread/INFO]: Un gato galáctico invocará un mob al azar en: 3
[23:27:59] [Server thread/INFO]: Un gato galáctico invocará un mob al azar en: 2
[23:28:00] [Server thread/INFO]: Un gato galáctico invocará un mob al azar en: 1
[23:28:00] [Server thread/INFO]: Un gato galáctico ha invicado un(a) Permadeath Demon (6.300000011920929, 62.0, 216.30000001192093
[23:28:01] [Server thread/INFO]: La maldición de un Gato Galáctico ha comenzado en: 18, 63, 207
[23:28:01] [Server thread/INFO]: Un gato galáctico invocará un mob al azar en: 5
[23:28:02] [Server thread/INFO]: La maldición de un Gato Galáctico ha comenzado en: 11, 62, 201
[23:28:02] [Server thread/INFO]: La maldición de un Gato Galáctico ha comenzado en: 12, 62, 201
[23:28:02] [Server thread/INFO]: Un gato galáctico invocará un mob al azar en: 5
[23:28:02] [Server thread/INFO]: Un gato galáctico invocará un mob al azar en: 5
[23:28:02] [Server thread/INFO]: La maldición de un Gato Galáctico ha comenzado en: 11, 62, 200
[23:28:02] [Server thread/INFO]: Un gato galáctico invocará un mob al azar en: 5
[23:28:02] [Server thread/INFO]: La maldición de un Gato Galáctico ha comenzado en: 17, 62, 200
[23:28:02] [Server thread/INFO]: La maldición de un Gato Galáctico ha comenzado en: 11, 63, 199
[23:28:02] [Server thread/INFO]: Un gato galáctico invocará un mob al azar en: 5
[23:28:02] [Server thread/INFO]: Un gato galáctico invocará un mob al azar en: 5
[23:28:02] [Server thread/INFO]: La maldición de un Gato Galáctico ha comenzado en: 11, 62, 198
[23:28:02] [Server thread/INFO]: Un gato galáctico invocará un mob al azar en: 5
[23:28:02] [Server thread/INFO]: La maldición de un Gato Galáctico ha comenzado en: 12, 62, 197
[23:28:02] [Server thread/INFO]: Un gato galáctico invocará un mob al azar en: 5
[23:28:02] [Server thread/INFO]: Un gato galáctico invocará un mob al azar en: 4
[23:28:02] [Server thread/INFO]: La maldición de un Gato Galáctico ha comenzado en: 14, 62, 197
[23:28:02] [Server thread/INFO]: La maldición de un Gato Galáctico ha comenzado en: 11, 62, 196
[23:28:02] [Server thread/INFO]: Un gato galáctico invocará un mob al azar en: 5
[23:28:02] [Server thread/INFO]: Un gato galáctico invocará un mob al azar en: 5
[23:28:02] [Server thread/INFO]: La maldición de un Gato Galáctico ha comenzado en: 13, 62, 195
[23:28:02] [Server thread/INFO]: Un gato galáctico invocará un mob al azar en: 5
[23:28:02] [Server thread/INFO]: La maldición de un Gato Galáctico ha comenzado en: 12, 63, 195
[23:28:02] [Server thread/INFO]: Un gato galáctico invocará un mob al azar en: 5
[23:28:02] [Server thread/INFO]: La maldición de un Gato Galáctico ha comenzado en: 12, 62, 194
[23:28:02] [Server thread/INFO]: La maldición de un Gato Galáctico ha comenzado en: 10, 62, 194
[23:28:02] [Server thread/INFO]: Un gato galáctico invocará un mob al azar en: 5
[23:28:02] [Server thread/INFO]: Un gato galáctico invocará un mob al azar en: 5
[23:28:02] [Server thread/INFO]: La maldición de un Gato Galáctico ha comenzado en: 13, 62, 193
[23:28:02] [Server thread/INFO]: La maldición de un Gato Galáctico ha comenzado en: 12, 62, 193
[23:28:02] [Server thread/INFO]: La maldición de un Gato Galáctico ha comenzado en: 0, 63, 194
[23:28:02] [Server thread/INFO]: La maldición de un Gato Galáctico ha comenzado en: 10, 62, 193
[23:28:02] [Server thread/INFO]: Un gato galáctico invocará un mob al azar en: 5
[23:28:02] [Server thread/INFO]: Un gato galáctico invocará un mob al azar en: 5
[23:28:02] [Server thread/INFO]: Un gato galáctico invocará un mob al azar en: 5
[23:28:02] [Server thread/INFO]: Un gato galáctico invocará un mob al azar en: 5
[23:28:02] [Server thread/INFO]: La maldición de un Gato Galáctico ha comenzado en: 11, 62, 192
[23:28:02] [Server thread/INFO]: La maldición de un Gato Galáctico ha comenzado en: 13, 62, 192
[23:28:02] [Server thread/INFO]: Un gato galáctico invocará un mob al azar en: 5
[23:28:02] [Server thread/INFO]: Un gato galáctico invocará un mob al azar en: 5
[23:28:02] [Server thread/INFO]: La maldición de un Gato Galáctico ha comenzado en: 12, 62, 192
[23:28:02] [Server thread/INFO]: La maldición de un Gato Galáctico ha comenzado en: 12, 62, 192
[23:28:02] [Server thread/INFO]: La maldición de un Gato Galáctico ha comenzado en: 10, 62, 191
[23:28:02] [Server thread/INFO]: Un gato galáctico invocará un mob al azar en: 5
[23:28:02] [Server thread/INFO]: Un gato galáctico invocará un mob al azar en: 5
[23:28:02] [Server thread/INFO]: Un gato galáctico invocará un mob al azar en: 5
[23:28:03] [Server thread/INFO]: Un gato galáctico invocará un mob al azar en: 4
[23:28:03] [Server thread/INFO]: Un gato galáctico invocará un mob al azar en: 4
[23:28:03] [Server thread/INFO]: La maldición de un Gato Galáctico ha comenzado en: 12, 63, 185
[23:28:03] [Server thread/INFO]: Un gato galáctico invocará un mob al azar en: 5
[23:28:03] [Server thread/INFO]: Un gato galáctico invocará un mob al azar en: 4
[23:28:03] [Server thread/INFO]: Un gato galáctico invocará un mob al azar en: 4
[23:28:03] [Server thread/INFO]: Un gato galáctico invocará un mob al azar en: 4
[23:28:03] [Server thread/INFO]: Un gato galáctico invocará un mob al azar en: 4
[23:28:03] [Server thread/INFO]: Un gato galáctico invocará un mob al azar en: 4
[23:28:03] [Server thread/INFO]: Un gato galáctico invocará un mob al azar en: 3
[23:28:03] [Server thread/INFO]: Un gato galáctico invocará un mob al azar en: 4
[23:28:03] [Server thread/INFO]: Un gato galáctico invocará un mob al azar en: 4
[23:28:03] [Server thread/INFO]: Un gato galáctico invocará un mob al azar en: 4
[23:28:03] [Server thread/INFO]: Un gato galáctico invocará un mob al azar en: 4
[23:28:03] [Server thread/INFO]: La maldición de un Gato Galáctico ha comenzado en: 17, 62, 175
[23:28:03] [Server thread/INFO]: Un gato galáctico invocará un mob al azar en: 5
[23:28:03] [Server thread/INFO]: Un gato galáctico invocará un mob al azar en: 4
[23:28:03] [Server thread/INFO]: Un gato galáctico invocará un mob al azar en: 4
[23:28:03] [Server thread/INFO]: La maldición de un Gato Galáctico ha comenzado en: 15, 62, 174
[23:28:03] [Server thread/INFO]: La maldición de un Gato Galáctico ha comenzado en: 12, 62, 174
[23:28:03] [Server thread/INFO]: La maldición de un Gato Galáctico ha comenzado en: 13, 62, 175
[23:28:03] [Server thread/INFO]: La maldición de un Gato Galáctico ha comenzado en: 14, 62, 175
[23:28:03] [Server thread/INFO]: Un gato galáctico invocará un mob al azar en: 5
[23:28:03] [Server thread/INFO]: Un gato galáctico invocará un mob al azar en: 5
[23:28:03] [Server thread/INFO]: Un gato galáctico invocará un mob al azar en: 5
[23:28:03] [Server thread/INFO]: Un gato galáctico invocará un mob al azar en: 5
[23:28:03] [Server thread/INFO]: Un gato galáctico invocará un mob al azar en: 4
[23:28:03] [Server thread/INFO]: Un gato galáctico invocará un mob al azar en: 4
[23:28:03] [Server thread/INFO]: Un gato galáctico invocará un mob al azar en: 4
[23:28:03] [Server thread/INFO]: Un gato galáctico invocará un mob al azar en: 4
[23:28:03] [Server thread/INFO]: Un gato galáctico invocará un mob al azar en: 4
[23:28:03] [Server thread/INFO]: Un gato galáctico invocará un mob al azar en: 4
[23:28:03] [Server thread/INFO]: Un gato galáctico invocará un mob al azar en: 4
[23:28:03] [Server thread/INFO]: Un gato galáctico invocará un mob al azar en: 4
[23:28:03] [Server thread/INFO]: Un gato galáctico invocará un mob al azar en: 4
[23:28:04] [Server thread/INFO]: Un gato galáctico invocará un mob al azar en: 3
[23:28:04] [Server thread/INFO]: Un gato galáctico invocará un mob al azar en: 3
[23:28:04] [Server thread/INFO]: Un gato galáctico invocará un mob al azar en: 3
[23:28:04] [Server thread/INFO]: Un gato galáctico invocará un mob al azar en: 4
[23:28:04] [Server thread/INFO]: Un gato galáctico invocará un mob al azar en: 3
[23:28:04] [Server thread/INFO]: Un gato galáctico invocará un mob al azar en: 3
[23:28:04] [Server thread/INFO]: Un gato galáctico invocará un mob al azar en: 3
[23:28:04] [Server thread/INFO]: Un gato galáctico invocará un mob al azar en: 3
[23:28:04] [Server thread/INFO]: Un gato galáctico invocará un mob al azar en: 2
[23:28:04] [Server thread/INFO]: Un gato galáctico invocará un mob al azar en: 3
[23:28:04] [Server thread/INFO]: Un gato galáctico invocará un mob al azar en: 3
[23:28:04] [Server thread/INFO]: Un gato galáctico invocará un mob al azar en: 3
[23:28:04] [Server thread/INFO]: Un gato galáctico invocará un mob al azar en: 3
[23:28:04] [Server thread/INFO]: Un gato galáctico invocará un mob al azar en: 3
[23:28:04] [Server thread/INFO]: Un gato galáctico invocará un mob al azar en: 3
[23:28:04] [Server thread/INFO]: Un gato galáctico invocará un mob al azar en: 4
[23:28:04] [Server thread/INFO]: Un gato galáctico invocará un mob al azar en: 3
[23:28:04] [Server thread/INFO]: Un gato galáctico invocará un mob al azar en: 3
[23:28:04] [Server thread/INFO]: Un gato galáctico invocará un mob al azar en: 3
[23:28:04] [Server thread/INFO]: Un gato galáctico invocará un mob al azar en: 3
[23:28:04] [Server thread/INFO]: Un gato galáctico invocará un mob al azar en: 4
[23:28:04] [Server thread/INFO]: Un gato galáctico invocará un mob al azar en: 4
[23:28:04] [Server thread/INFO]: Un gato galáctico invocará un mob al azar en: 4
[23:28:04] [Server thread/INFO]: Un gato galáctico invocará un mob al azar en: 4
[23:28:04] [Server thread/INFO]: Un gato galáctico invocará un mob al azar en: 3
[23:28:04] [Server thread/INFO]: Un gato galáctico invocará un mob al azar en: 3
[23:28:04] [Server thread/INFO]: Un gato galáctico invocará un mob al azar en: 3
[23:28:04] [Server thread/INFO]: Un gato galáctico invocará un mob al azar en: 3
[23:28:04] [Server thread/INFO]: Un gato galáctico invocará un mob al azar en: 3
[23:28:05] [Server thread/INFO]: Un gato galáctico invocará un mob al azar en: 2
[23:28:05] [Server thread/INFO]: Un gato galáctico invocará un mob al azar en: 2
[23:28:05] [Server thread/INFO]: Un gato galáctico invocará un mob al azar en: 2
[23:28:05] [Server thread/INFO]: Un gato galáctico invocará un mob al azar en: 3
[23:28:05] [Server thread/INFO]: Un gato galáctico invocará un mob al azar en: 2
[23:28:05] [Server thread/INFO]: Un gato galáctico invocará un mob al azar en: 2
[23:28:05] [Server thread/INFO]: Un gato galáctico invocará un mob al azar en: 2
[23:28:05] [Server thread/INFO]: Un gato galáctico invocará un mob al azar en: 2
[23:28:05] [Server thread/INFO]: Un gato galáctico invocará un mob al azar en: 1
[23:28:05] [Server thread/INFO]: Un gato galáctico ha invicado un(a) Endermite Misterioso (18.958802146890612, 63.0091867180452, 207.83497472136463
[23:28:05] [Server thread/INFO]: Un gato galáctico invocará un mob al azar en: 2
[23:28:05] [Server thread/INFO]: Un gato galáctico invocará un mob al azar en: 2
[23:28:05] [Server thread/INFO]: Un gato galáctico invocará un mob al azar en: 2
[23:28:05] [Server thread/INFO]: Un gato galáctico invocará un mob al azar en: 2
[23:28:05] [Server thread/INFO]: Un gato galáctico invocará un mob al azar en: 2
[23:28:05] [Server thread/INFO]: Un gato galáctico invocará un mob al azar en: 2
[23:28:05] [Server thread/INFO]: Un gato galáctico invocará un mob al azar en: 3
[23:28:05] [Server thread/INFO]: Un gato galáctico invocará un mob al azar en: 2
[23:28:05] [Server thread/INFO]: Un gato galáctico invocará un mob al azar en: 2
[23:28:05] [Server thread/INFO]: Un gato galáctico invocará un mob al azar en: 2
[23:28:05] [Server thread/INFO]: Un gato galáctico invocará un mob al azar en: 2
[23:28:05] [Server thread/INFO]: Un gato galáctico invocará un mob al azar en: 3
[23:28:05] [Server thread/INFO]: Un gato galáctico invocará un mob al azar en: 3
[23:28:05] [Server thread/INFO]: Un gato galáctico invocará un mob al azar en: 3
[23:28:05] [Server thread/INFO]: Un gato galáctico invocará un mob al azar en: 3
[23:28:05] [Server thread/INFO]: Un gato galáctico invocará un mob al azar en: 2
[23:28:05] [Server thread/INFO]: Un gato galáctico invocará un mob al azar en: 2
[23:28:05] [Server thread/INFO]: Un gato galáctico invocará un mob al azar en: 2
[23:28:05] [Server thread/INFO]: Un gato galáctico invocará un mob al azar en: 2
[23:28:05] [Server thread/INFO]: Un gato galáctico invocará un mob al azar en: 2
[23:28:06] [Server thread/INFO]: Un gato galáctico invocará un mob al azar en: 1
[23:28:06] [Server thread/INFO]: Un gato galáctico ha invicado un(a) Demonio Flotante (11.566851205718873, 62.77403590464553, 201.10812676872231
[23:28:06] [Server thread/INFO]: Un gato galáctico invocará un mob al azar en: 1
[23:28:06] [Server thread/INFO]: Un gato galáctico ha invicado un(a) Permadeath Demon (12.27748020205092, 62.740430277025425, 201.67840474908047
[23:28:06] [Server thread/INFO]: La maldición de un Gato Galáctico ha comenzado en: 20, 62, 199
[23:28:06] [Server thread/INFO]: Un gato galáctico invocará un mob al azar en: 5
[23:28:06] [Server thread/INFO]: Un gato galáctico invocará un mob al azar en: 1
[23:28:06] [Server thread/INFO]: Un gato galáctico ha invicado un(a) Pufferfish invulnerable (11.600345528228667, 62.82251933737267, 200.13683646057353
[23:28:06] [Server thread/INFO]: Un gato galáctico invocará un mob al azar en: 2
[23:28:06] [Server thread/INFO]: Un gato galáctico invocará un mob al azar en: 1
[23:28:06] [Server thread/INFO]: Un gato galáctico ha invicado un(a) Pufferfish invulnerable (17.06944835818677, 62.22600824628755, 200.87369438095382
[23:28:06] [Server thread/INFO]: Un gato galáctico invocará un mob al azar en: 1
[23:28:06] [Server thread/INFO]: Un gato galáctico ha invicado un(a) Araña con Efectos (11.864522968676981, 63.05430210964231, 199.6652896865335
[23:28:06] [Server thread/INFO]: Un gato galáctico invocará un mob al azar en: 1
[23:28:06] [Server thread/INFO]: Un gato galáctico ha invicado un(a) Ultra Ravager (11.529659866366833, 62.45297528260391, 198.83745507268296
[23:28:06] [Server thread/INFO]: Un gato galáctico invocará un mob al azar en: 1
[23:28:06] [Server thread/INFO]: Un gato galáctico ha invicado un(a) Pufferfish invulnerable (12.282840137673423, 62.986151249541116, 197.63232445133602
[23:28:06] [Server thread/INFO]: La maldición de un Gato Galáctico ha comenzado en: 20, 62, 195
[23:28:06] [Server thread/INFO]: Un gato galáctico invocará un mob al azar en: 5
[23:28:06] [Server thread/INFO]: Un gato galáctico invocará un mob al azar en: 1
[23:28:06] [Server thread/INFO]: Un gato galáctico ha invicado un(a) Ultra Ravager (14.343900225866244, 62.17365413652633, 197.1023196298163
[23:28:06] [Server thread/INFO]: Un gato galáctico invocará un mob al azar en: 1
[23:28:06] [Server thread/INFO]: Un gato galáctico ha invicado un(a) Bruja Imposible (11.963105180453327, 62.130987148041456, 196.0804279411928
[23:28:06] [Server thread/INFO]: Un gato galáctico invocará un mob al azar en: 1
[23:28:06] [Server thread/INFO]: Un gato galáctico ha invicado un(a) Endermite Misterioso (13.301608547785078, 62.20257774832441, 195.83947252740307
[23:28:06] [Server thread/INFO]: Un gato galáctico invocará un mob al azar en: 1
[23:28:06] [Server thread/INFO]: Un gato galáctico ha invicado un(a) Ender Ghast (12.204024148814339, 63.042711262839546, 195.48123249462478
[23:28:06] [Server thread/INFO]: La maldición de un Gato Galáctico ha comenzado en: 24, 62, 195
[23:28:06] [Server thread/INFO]: Un gato galáctico invocará un mob al azar en: 5
[23:28:06] [Server thread/INFO]: Un gato galáctico invocará un mob al azar en: 1
[23:28:06] [Server thread/INFO]: Un gato galáctico ha invicado un(a) Giga Phantom (12.755738239060435, 62.51380136031365, 194.82013388561055
[23:28:06] [Server thread/INFO]: Un gato galáctico invocará un mob al azar en: 1
[23:28:06] [Server thread/INFO]: Un gato galáctico ha invicado un(a) Giga MagmaCube (10.980290369294337, 62.56725539988209, 194.05972999767548
[23:28:06] [Server thread/INFO]: Un gato galáctico invocará un mob al azar en: 2
[23:28:06] [Server thread/INFO]: Un gato galáctico invocará un mob al azar en: 1
[23:28:06] [Server thread/INFO]: Un gato galáctico ha invicado un(a) Araña con Efectos (13.895895006847727, 62.55179262968143, 193.90874586269516
[23:28:06] [Server thread/INFO]: Un gato galáctico invocará un mob al azar en: 1
[23:28:06] [Server thread/INFO]: Un gato galáctico ha invicado un(a) Quantum Creeper (12.07368669287763, 62.95059624470987, 193.4169673320639
[23:28:06] [Server thread/INFO]: Un gato galáctico invocará un mob al azar en: 1
[23:28:06] [Server thread/INFO]: Un gato galáctico ha invicado un(a) Wither Skeleton Emperador (-0.9004782873977122, 63.08517630526218, 194.7243961614459
[23:28:06] [Server thread/INFO]: Un gato galáctico invocará un mob al azar en: 1
[23:28:06] [Server thread/INFO]: Un gato galáctico ha invicado un(a) Esqueleto de Clase (10.851319086450209, 62.58133973036326, 193.2105435055328
[23:28:06] [Server thread/INFO]: Un gato galáctico invocará un mob al azar en: 2
[23:28:06] [Server thread/INFO]: Un gato galáctico invocará un mob al azar en: 2
[23:28:06] [Server thread/INFO]: Un gato galáctico invocará un mob al azar en: 2
[23:28:06] [Server thread/INFO]: Un gato galáctico invocará un mob al azar en: 2
[23:28:06] [Server thread/INFO]: Un gato galáctico invocará un mob al azar en: 1
[23:28:06] [Server thread/INFO]: Un gato galáctico ha invicado un(a) Giga Slime (11.25800890911753, 62.123744369248485, 192.9436597711771
[23:28:06] [Server thread/INFO]: Un gato galáctico invocará un mob al azar en: 1
[23:28:06] [Server thread/INFO]: Un gato galáctico ha invicado un(a) Gato Supernova (13.681667679524896, 62.22855324709467, 192.73926323165756
[23:28:06] [Server thread/INFO]: Un gato galáctico invocará un mob al azar en: 1
[23:28:06] [Server thread/INFO]: Un gato galáctico ha invicado un(a) Pufferfish invulnerable (12.510201871479012, 62.280295218620175, 192.57421780531504
[23:28:06] [Server thread/INFO]: Un gato galáctico invocará un mob al azar en: 1
[23:28:06] [Server thread/INFO]: Un gato galáctico ha invicado un(a) Pufferfish invulnerable (12.066919106170905, 62.27622613172055, 192.10096041438274
[23:28:06] [Server thread/INFO]: Un gato galáctico invocará un mob al azar en: 1
[23:28:06] [Server thread/INFO]: Un gato galáctico ha invicado un(a) Wither Skeleton Emperador (10.677770028923053, 62.37266845066763, 191.5025107940137
[23:28:07] [Server thread/INFO]: Un gato galáctico invocará un mob al azar en: 4
[23:28:07] [Server thread/INFO]: Un gato galáctico invocará un mob al azar en: 1
[23:28:07] [Server thread/INFO]: Un gato galáctico ha invicado un(a) Araña con Efectos (12.091940394591928, 63.66559223897344, 185.19489055694723
[23:28:07] [Server thread/INFO]: La maldición de un Gato Galáctico ha comenzado en: 20, 62, 184
[23:28:07] [Server thread/INFO]: Un gato galáctico invocará un mob al azar en: 5
[23:28:07] [Server thread/INFO]: La maldición de un Gato Galáctico ha comenzado en: 21, 62, 183
[23:28:07] [Server thread/INFO]: Un gato galáctico invocará un mob al azar en: 5
[23:28:07] [Server thread/INFO]: Un gato galáctico invocará un mob al azar en: 4
[23:28:07] [Server thread/INFO]: Un gato galáctico invocará un mob al azar en: 1
[23:28:07] [Server thread/INFO]: Un gato galáctico ha invicado un(a) Quantum Creeper (17.019784154869438, 62.35956633490047, 175.90449360063968
[23:28:07] [Server thread/INFO]: Un gato galáctico invocará un mob al azar en: 4
[23:28:07] [Server thread/INFO]: Un gato galáctico invocará un mob al azar en: 1
[23:28:07] [Server thread/INFO]: Un gato galáctico ha invicado un(a) Giga Phantom (15.075737713203775, 62.87264754960028, 174.78238462494093
[23:28:07] [Server thread/INFO]: Un gato galáctico invocará un mob al azar en: 1
[23:28:07] [Server thread/INFO]: Un gato galáctico ha invicado un(a) Giga Slime (12.605369622226686, 62.24466645760778, 174.71845500250342
[23:28:07] [Server thread/INFO]: Un gato galáctico invocará un mob al azar en: 1
[23:28:07] [Server thread/INFO]: Un gato galáctico ha invicado un(a) Gigante (13.878461443911908, 62.91595760017978, 175.6661499830133
[23:28:07] [Server thread/INFO]: Un gato galáctico invocará un mob al azar en: 1
[23:28:07] [Server thread/INFO]: Un gato galáctico ha invicado un(a) Esqueleto de Clase (14.61765658268253, 62.30149092750857, 175.10191580076605
[23:28:07] [Server thread/INFO]: La maldición de un Gato Galáctico ha comenzado en: 19, 62, 173
[23:28:07] [Server thread/INFO]: Un gato galáctico invocará un mob al azar en: 5
[23:28:08] [Server thread/INFO]: Un gato galáctico invocará un mob al azar en: 3
[23:28:08] [Server thread/INFO]: Un gato galáctico invocará un mob al azar en: 4
[23:28:08] [Server thread/INFO]: Un gato galáctico invocará un mob al azar en: 4
[23:28:08] [Server thread/INFO]: Un gato galáctico invocará un mob al azar en: 3
[23:28:08] [Server thread/INFO]: Un gato galáctico invocará un mob al azar en: 3
[23:28:08] [Server thread/INFO]: Un gato galáctico invocará un mob al azar en: 4
[23:28:09] [Server thread/INFO]: Un gato galáctico invocará un mob al azar en: 2
[23:28:09] [Server thread/INFO]: Un gato galáctico invocará un mob al azar en: 3
[23:28:09] [Server thread/INFO]: Un gato galáctico invocará un mob al azar en: 3
[23:28:09] [Server thread/INFO]: Un gato galáctico invocará un mob al azar en: 2
[23:28:09] [Server thread/INFO]: La maldición de un Gato Galáctico ha comenzado en: 27, 62, 174
[23:28:09] [Server thread/INFO]: La maldición de un Gato Galáctico ha comenzado en: 25, 62, 176
[23:28:09] [Server thread/INFO]: Un gato galáctico invocará un mob al azar en: 5
[23:28:09] [Server thread/INFO]: Un gato galáctico invocará un mob al azar en: 5
[23:28:09] [Server thread/INFO]: Un gato galáctico invocará un mob al azar en: 2
[23:28:09] [Server thread/INFO]: Un gato galáctico invocará un mob al azar en: 3
[23:28:10] [Server thread/INFO]: Un gato galáctico invocará un mob al azar en: 1
[23:28:10] [Server thread/INFO]: Un gato galáctico ha invicado un(a) Permadeath Demon (20.896877945040035, 62.26388293325726, 199.1165825102649
[23:28:10] [Server thread/INFO]: Un gato galáctico invocará un mob al azar en: 2
[23:28:10] [Server thread/INFO]: Un gato galáctico invocará un mob al azar en: 2
[23:28:10] [Server thread/INFO]: La maldición de un Gato Galáctico ha comenzado en: 29, 62, 193
[23:28:10] [Server thread/INFO]: Un gato galáctico invocará un mob al azar en: 5
[23:28:10] [Server thread/INFO]: Un gato galáctico invocará un mob al azar en: 1
[23:28:10] [Server thread/INFO]: Un gato galáctico ha invicado un(a) Wither Skeleton Emperador (20.069906248229202, 62.978451381374114, 195.29682498916796
[23:28:10] [Server thread/INFO]: Un gato galáctico invocará un mob al azar en: 4
[23:28:10] [Server thread/INFO]: Un gato galáctico invocará un mob al azar en: 4
[23:28:10] [Server thread/INFO]: La maldición de un Gato Galáctico ha comenzado en: 31, 62, 190
[23:28:10] [Server thread/INFO]: Un gato galáctico invocará un mob al azar en: 5
[23:28:10] [Server thread/INFO]: La maldición de un Gato Galáctico ha comenzado en: 29, 62, 190
[23:28:10] [Server thread/INFO]: Un gato galáctico invocará un mob al azar en: 5
[23:28:10] [Server thread/INFO]: Un gato galáctico invocará un mob al azar en: 1
[23:28:10] [Server thread/INFO]: Un gato galáctico ha invicado un(a) Giga Phantom (24.46519861483523, 62.366300483216975, 195.93764021245272
[23:28:10] [Server thread/INFO]: Un gato galáctico invocará un mob al azar en: 2
[23:28:10] [Server thread/INFO]: La maldición de un Gato Galáctico ha comenzado en: 32, 62, 186
[23:28:10] [Server thread/INFO]: Un gato galáctico invocará un mob al azar en: 5
[23:28:10] [Server thread/INFO]: La maldición de un Gato Galáctico ha comenzado en: 26, 62, 185
[23:28:11] [Server thread/INFO]: Un gato galáctico invocará un mob al azar en: 5
[23:28:11] [Server thread/INFO]: La maldición de un Gato Galáctico ha comenzado en: 26, 62, 183
[23:28:11] [Server thread/INFO]: Un gato galáctico invocará un mob al azar en: 5
[23:28:11] [Server thread/INFO]: Un gato galáctico invocará un mob al azar en: 1
[23:28:11] [Server thread/INFO]: Un gato galáctico ha invicado un(a) Giga MagmaCube (20.012154560726874, 62.05029609977779, 184.65511932983975
[23:28:11] [Server thread/INFO]: Un gato galáctico invocará un mob al azar en: 1
[23:28:11] [Server thread/INFO]: Un gato galáctico ha invicado un(a) Esqueleto de Clase (21.2019163513816, 62.562257160299204, 183.09463443171552
[23:28:11] [Server thread/INFO]: Un gato galáctico invocará un mob al azar en: 4
[23:28:11] [Server thread/INFO]: Un gato galáctico invocará un mob al azar en: 3
[23:28:11] [Server thread/INFO]: Un gato galáctico invocará un mob al azar en: 3
[23:28:11] [Server thread/INFO]: Un gato galáctico invocará un mob al azar en: 4
[23:28:11] [Server thread/INFO]: La maldición de un Gato Galáctico ha comenzado en: -12, 63, 222
[23:28:11] [Server thread/INFO]: Un gato galáctico invocará un mob al azar en: 5
[23:28:11] [Server thread/INFO]: Un gato galáctico invocará un mob al azar en: 4
[23:28:11] [Server thread/INFO]: Un gato galáctico invocará un mob al azar en: 1
[23:28:11] [Server thread/INFO]: Un gato galáctico ha invicado un(a) Wither Skeleton Emperador (19.049126693575065, 62.440060358501285, 173.71920151099704
[23:28:11] [Server thread/INFO]: Un gato galáctico invocará un mob al azar en: 4
[23:28:12] [Server thread/INFO]: Un gato galáctico invocará un mob al azar en: 4
[23:28:12] [Server thread/INFO]: Un gato galáctico invocará un mob al azar en: 4
[23:28:12] [Server thread/INFO]: Un gato galáctico invocará un mob al azar en: 3
[23:28:12] [Server thread/INFO]: Un gato galáctico invocará un mob al azar en: 2
[23:28:12] [Server thread/INFO]: Un gato galáctico invocará un mob al azar en: 2
[23:28:12] [Server thread/INFO]: Un gato galáctico invocará un mob al azar en: 3
[23:28:12] [Server thread/INFO]: Un gato galáctico invocará un mob al azar en: 3
[23:28:12] [Server thread/INFO]: Un gato galáctico invocará un mob al azar en: 4
[23:28:12] [Server thread/INFO]: Un gato galáctico invocará un mob al azar en: 3
[23:28:13] [Server thread/INFO]: Un gato galáctico invocará un mob al azar en: 3
[23:28:13] [Server thread/INFO]: Un gato galáctico invocará un mob al azar en: 3
[23:28:13] [Server thread/INFO]: Un gato galáctico invocará un mob al azar en: 2
[23:28:13] [Server thread/INFO]: Un gato galáctico invocará un mob al azar en: 1
[23:28:13] [Server thread/INFO]: Un gato galáctico ha invicado un(a) Giga MagmaCube (27.64460552584895, 62.14482688785702, 174.56541862538157
[23:28:13] [Server thread/INFO]: Un gato galáctico invocará un mob al azar en: 1
[23:28:13] [Server thread/INFO]: Un gato galáctico ha invicado un(a) Silverfish de la Muerte (25.608490291371876, 62.606699400946596, 176.17259807815594
[23:28:13] [Server thread/INFO]: Un gato galáctico invocará un mob al azar en: 2
[23:28:13] [Server thread/INFO]: Un gato galáctico invocará un mob al azar en: 2
[23:28:13] [Server thread/INFO]: Un gato galáctico invocará un mob al azar en: 3
[23:28:13] [Server thread/INFO]: Un gato galáctico invocará un mob al azar en: 2
[23:28:14] [Server thread/INFO]: Un gato galáctico invocará un mob al azar en: 2
[23:28:14] [Server thread/INFO]: Un gato galáctico invocará un mob al azar en: 2
[23:28:14] [Server thread/INFO]: Un gato galáctico invocará un mob al azar en: 1
[23:28:14] [Server thread/INFO]: Un gato galáctico ha invicado un(a) Giga Slime (29.328002831024513, 62.625093158719686, 193.58033606664844
[23:28:14] [Server thread/INFO]: Un gato galáctico invocará un mob al azar en: 1
[23:28:14] [Server thread/INFO]: Un gato galáctico ha invicado un(a) Gato Supernova (31.21050343188277, 62.82920706163422, 190.98888776246787
[23:28:14] [Server thread/INFO]: Un gato galáctico invocará un mob al azar en: 1
[23:28:14] [Server thread/INFO]: Un gato galáctico ha invicado un(a) Quantum Creeper (29.505152080726624, 62.72341403475752, 190.4557401240482
[23:28:14] [Server thread/INFO]: Un gato galáctico invocará un mob al azar en: 2
[23:28:14] [Server thread/INFO]: Un gato galáctico invocará un mob al azar en: 1
[23:28:14] [Server thread/INFO]: Un gato galáctico ha invicado un(a) Gato Supernova (32.326390459647605, 62.24987551213363, 186.65289646408795
[23:28:15] [Server thread/INFO]: Un gato galáctico invocará un mob al azar en: 1
[23:28:15] [Server thread/INFO]: Un gato galáctico ha invicado un(a) Giga Slime (26.32639714321442, 62.45312030584952, 185.76755379806116
[23:28:15] [Server thread/INFO]: Un gato galáctico invocará un mob al azar en: 1
[23:28:15] [Server thread/INFO]: Un gato galáctico ha invicado un(a) Pufferfish invulnerable (26.061270514864248, 62.03952586580739, 183.89977675329834
[23:28:15] [Server thread/INFO]: La maldición de un Gato Galáctico ha comenzado en: -48, 62, 244
[23:28:15] [Server thread/INFO]: La maldición de un Gato Galáctico ha comenzado en: -39, 62, 186
[23:28:15] [Server thread/INFO]: La maldición de un Gato Galáctico ha comenzado en: -35, 62, 200
[23:28:15] [Server thread/INFO]: La maldición de un Gato Galáctico ha comenzado en: -43, 62, 219
[23:28:15] [Server thread/INFO]: La maldición de un Gato Galáctico ha comenzado en: -23, 62, 204
[23:28:15] [Server thread/INFO]: La maldición de un Gato Galáctico ha comenzado en: -24, 62, 200
[23:28:15] [Server thread/INFO]: La maldición de un Gato Galáctico ha comenzado en: -26, 63, 203
[23:28:15] [Server thread/INFO]: La maldición de un Gato Galáctico ha comenzado en: -23, 62, 197
[23:28:15] [Server thread/INFO]: La maldición de un Gato Galáctico ha comenzado en: -17, 63, 209
[23:28:17] [Server thread/INFO]: La maldición de un Gato Galáctico ha comenzado en: -12, 62, 212
[23:28:18] [Server thread/INFO]: La maldición de un Gato Galáctico ha comenzado en: 10, 72, 225
[23:28:18] [Server thread/INFO]: Un gato galáctico invocará un mob al azar en: 5
[23:28:18] [Server thread/INFO]: Un gato galáctico invocará un mob al azar en: 5
[23:28:18] [Server thread/INFO]: Un gato galáctico invocará un mob al azar en: 5
[23:28:18] [Server thread/INFO]: Un gato galáctico invocará un mob al azar en: 5
[23:28:18] [Server thread/INFO]: Un gato galáctico invocará un mob al azar en: 5
[23:28:18] [Server thread/INFO]: Un gato galáctico invocará un mob al azar en: 5
[23:28:18] [Server thread/INFO]: Un gato galáctico invocará un mob al azar en: 5
[23:28:18] [Server thread/INFO]: Un gato galáctico invocará un mob al azar en: 5
[23:28:18] [Server thread/INFO]: Un gato galáctico invocará un mob al azar en: 5
[23:28:18] [Server thread/INFO]: Un gato galáctico invocará un mob al azar en: 5
[23:28:18] [Server thread/INFO]: Un gato galáctico invocará un mob al azar en: 5
[23:28:19] [Async Chat Thread - #16/INFO]: <TTottaly_RED> ala mrd
[23:28:19] [Server thread/INFO]: Un gato galáctico invocará un mob al azar en: 1
[23:28:19] [Server thread/INFO]: Un gato galáctico ha invicado un(a) Giga Slime (-12.300000011920929, 63.0, 222.69999998807907
[23:28:19] [Server thread/INFO]: Un gato galáctico invocará un mob al azar en: 4
[23:28:19] [Server thread/INFO]: Un gato galáctico invocará un mob al azar en: 4
[23:28:19] [Server thread/INFO]: Un gato galáctico invocará un mob al azar en: 4
[23:28:19] [Server thread/INFO]: Un gato galáctico invocará un mob al azar en: 4
[23:28:19] [Server thread/INFO]: Un gato galáctico invocará un mob al azar en: 4
[23:28:19] [Server thread/INFO]: Un gato galáctico invocará un mob al azar en: 4
[23:28:19] [Server thread/INFO]: Un gato galáctico invocará un mob al azar en: 4
[23:28:19] [Server thread/INFO]: Un gato galáctico invocará un mob al azar en: 4
[23:28:19] [Server thread/INFO]: Un gato galáctico invocará un mob al azar en: 4
[23:28:19] [Server thread/INFO]: Un gato galáctico invocará un mob al azar en: 4
[23:28:19] [Server thread/INFO]: Un gato galáctico invocará un mob al azar en: 4
[23:28:20] [Server thread/INFO]: Un gato galáctico invocará un mob al azar en: 3
[23:28:20] [Server thread/INFO]: Un gato galáctico invocará un mob al azar en: 3
[23:28:20] [Server thread/INFO]: Un gato galáctico invocará un mob al azar en: 3
[23:28:20] [Server thread/INFO]: Un gato galáctico invocará un mob al azar en: 3
[23:28:20] [Server thread/INFO]: Un gato galáctico invocará un mob al azar en: 3
[23:28:20] [Server thread/INFO]: Un gato galáctico invocará un mob al azar en: 3
[23:28:20] [Server thread/INFO]: Un gato galáctico invocará un mob al azar en: 3
[23:28:20] [Server thread/INFO]: Un gato galáctico invocará un mob al azar en: 3
[23:28:20] [Server thread/INFO]: Un gato galáctico invocará un mob al azar en: 3
[23:28:20] [Server thread/INFO]: Un gato galáctico invocará un mob al azar en: 3
[23:28:20] [Server thread/INFO]: Un gato galáctico invocará un mob al azar en: 3
[23:28:20] [Server thread/INFO]: Un gato galáctico invocará un mob al azar en: 2
[23:28:20] [Server thread/INFO]: Un gato galáctico invocará un mob al azar en: 2
[23:28:20] [Server thread/INFO]: Un gato galáctico invocará un mob al azar en: 2
[23:28:20] [Server thread/INFO]: Un gato galáctico invocará un mob al azar en: 2
[23:28:20] [Server thread/INFO]: Un gato galáctico invocará un mob al azar en: 2
[23:28:20] [Server thread/INFO]: Un gato galáctico invocará un mob al azar en: 2
[23:28:20] [Server thread/INFO]: Un gato galáctico invocará un mob al azar en: 2
[23:28:20] [Server thread/INFO]: Un gato galáctico invocará un mob al azar en: 2
[23:28:20] [Server thread/INFO]: Un gato galáctico invocará un mob al azar en: 2
[23:28:20] [Server thread/INFO]: Un gato galáctico invocará un mob al azar en: 2
[23:28:20] [Server thread/INFO]: Un gato galáctico invocará un mob al azar en: 2
[23:28:21] [Server thread/INFO]: Un gato galáctico invocará un mob al azar en: 1
[23:28:21] [Server thread/INFO]: Un gato galáctico ha invicado un(a) Silverfish de la Muerte (-48.30000001192093, 62.02867988099541, 244.69999998807907
[23:28:21] [Server thread/INFO]: Un gato galáctico invocará un mob al azar en: 1
[23:28:21] [Server thread/INFO]: Un gato galáctico ha invicado un(a) Giga MagmaCube (-39.697045420329246, 62.69719566796471, 186.93148412606047
[23:28:21] [Server thread/INFO]: Un gato galáctico invocará un mob al azar en: 1
[23:28:21] [Server thread/INFO]: Un gato galáctico ha invicado un(a) Giga Slime (-35.76610758290958, 62.82516387029529, 200.63618327320245
[23:28:21] [Server thread/INFO]: Un gato galáctico invocará un mob al azar en: 1
[23:28:21] [Server thread/INFO]: Un gato galáctico ha invicado un(a) Ultra Ravager (-43.69999998807907, 62.0, 219.69999998807907
[23:28:21] [Server thread/INFO]: Un gato galáctico invocará un mob al azar en: 1
[23:28:21] [Server thread/INFO]: Un gato galáctico ha invicado un(a) Gato Supernova (-23.25122878615212, 62.99335927936618, 204.08734649381648
[23:28:21] [Server thread/INFO]: Un gato galáctico invocará un mob al azar en: 1
[23:28:21] [Server thread/INFO]: Un gato galáctico ha invicado un(a) Ultra Ravager (-24.554181092817824, 62.37373048653751, 200.75751636282044
[23:28:21] [Server thread/INFO]: Un gato galáctico invocará un mob al azar en: 1
[23:28:21] [Server thread/INFO]: Un gato galáctico ha invicado un(a) Ender Quantum Creeper (-26.549843702784187, 63.073674376861156, 203.01675474386596
[23:28:21] [Server thread/INFO]: Un gato galáctico invocará un mob al azar en: 1
[23:28:21] [Server thread/INFO]: Un gato galáctico ha invicado un(a) Esqueleto de Clase (-23.911923548743488, 62.468980767331004, 197.3465820392627
[23:28:21] [Server thread/INFO]: Un gato galáctico invocará un mob al azar en: 1
[23:28:21] [Server thread/INFO]: Un gato galáctico ha invicado un(a) Endermite Misterioso (-17.150675115219098, 63.07625471797713, 209.70304890536073
[23:28:21] [Server thread/INFO]: Un gato galáctico invocará un mob al azar en: 1
[23:28:21] [Server thread/INFO]: Un gato galáctico ha invicado un(a) Gato Supernova (-12.465448976453786, 62.766078296571244, 212.50513912484743
[23:28:21] [Server thread/INFO]: Un gato galáctico invocará un mob al azar en: 1
[23:28:21] [Server thread/INFO]: Un gato galáctico ha invicado un(a) Ultra Ravager (10.635592908450445, 72.0, 225.69260554360372
[23:28:22] [Server thread/INFO]: La maldición de un Gato Galáctico ha comenzado en: -40, 59, 214
[23:28:22] [Server thread/INFO]: La maldición de un Gato Galáctico ha comenzado en: -40, 59, 215
[23:28:22] [Server thread/INFO]: Un gato galáctico invocará un mob al azar en: 5
[23:28:22] [Server thread/INFO]: Un gato galáctico invocará un mob al azar en: 5
[23:28:22] [Server thread/INFO]: Un gato galáctico invocará un mob al azar en: 4
[23:28:22] [Server thread/INFO]: Un gato galáctico invocará un mob al azar en: 4
[23:28:23] [Server thread/INFO]: Un gato galáctico invocará un mob al azar en: 3
[23:28:23] [Server thread/INFO]: Un gato galáctico invocará un mob al azar en: 3
[23:28:24] [Server thread/INFO]: Un gato galáctico invocará un mob al azar en: 2
[23:28:24] [Server thread/INFO]: Un gato galáctico invocará un mob al azar en: 2
[23:28:25] [Server thread/INFO]: Un gato galáctico invocará un mob al azar en: 1
[23:28:25] [Server thread/INFO]: Un gato galáctico ha invicado un(a) Giga Slime (-40.6414063086851, 59.0, 214.30000001192093
[23:28:25] [Server thread/INFO]: Un gato galáctico invocará un mob al azar en: 1
[23:28:25] [Server thread/INFO]: Un gato galáctico ha invicado un(a) Wither Skeleton Emperador (-40.849999994039536, 59.0, 215.03949713179105
[23:28:25] [Async Chat Thread - #16/INFO]: <TTottaly_RED> oe
[23:28:37] [Server thread/INFO]: La maldición de un Gato Galáctico ha comenzado en: -19, 47, 238
[23:28:37] [Server thread/INFO]: Un gato galáctico invocará un mob al azar en: 5
[23:28:38] [Server thread/INFO]: Un gato galáctico invocará un mob al azar en: 4
[23:28:39] [Server thread/INFO]: Un gato galáctico invocará un mob al azar en: 3
[23:28:40] [Server thread/INFO]: Un gato galáctico invocará un mob al azar en: 2
[23:28:41] [Server thread/INFO]: La maldición de un Gato Galáctico ha comenzado en: -34, 59, 220
[23:28:41] [Server thread/INFO]: La maldición de un Gato Galáctico ha comenzado en: -45, 62, 234
[23:28:41] [Server thread/INFO]: La maldición de un Gato Galáctico ha comenzado en: -28, 62, 181
[23:28:41] [Server thread/INFO]: La maldición de un Gato Galáctico ha comenzado en: -24, 62, 193
[23:28:41] [Server thread/INFO]: La maldición de un Gato Galáctico ha comenzado en: -20, 62, 203
[23:28:41] [Server thread/INFO]: La maldición de un Gato Galáctico ha comenzado en: -21, 63, 204
[23:28:41] [Server thread/INFO]: La maldición de un Gato Galáctico ha comenzado en: -27, 62, 193
[23:28:43] [Server thread/INFO]: La maldición de un Gato Galáctico ha comenzado en: -14, 62, 208
[23:28:45] [Server thread/INFO]: La maldición de un Gato Galáctico ha comenzado en: 36, 62, 186
[23:28:45] [Server thread/INFO]: La maldición de un Gato Galáctico ha comenzado en: 36, 62, 185
[23:28:45] [Server thread/INFO]: La maldición de un Gato Galáctico ha comenzado en: 35, 62, 189
[23:28:45] [Server thread/INFO]: Un gato galáctico invocará un mob al azar en: 5
[23:28:45] [Server thread/INFO]: Un gato galáctico invocará un mob al azar en: 5
[23:28:45] [Server thread/INFO]: Un gato galáctico invocará un mob al azar en: 5
[23:28:45] [Server thread/INFO]: Un gato galáctico invocará un mob al azar en: 5
[23:28:45] [Server thread/INFO]: Un gato galáctico invocará un mob al azar en: 5
[23:28:45] [Server thread/INFO]: Un gato galáctico invocará un mob al azar en: 5
[23:28:45] [Server thread/INFO]: Un gato galáctico invocará un mob al azar en: 5
[23:28:45] [Server thread/INFO]: Un gato galáctico invocará un mob al azar en: 5
[23:28:45] [Server thread/INFO]: Un gato galáctico invocará un mob al azar en: 5
[23:28:45] [Server thread/INFO]: Un gato galáctico invocará un mob al azar en: 5
[23:28:45] [Server thread/INFO]: Un gato galáctico invocará un mob al azar en: 5
[23:28:45] [Server thread/INFO]: Un gato galáctico invocará un mob al azar en: 1
[23:28:45] [Server thread/INFO]: Un gato galáctico ha invicado un(a) Gato Supernova (-19.30000001192093, 47.30000001192093, 238.16060002296828
[23:28:46] [Server thread/INFO]: Un gato galáctico invocará un mob al azar en: 4
[23:28:46] [Server thread/INFO]: Un gato galáctico invocará un mob al azar en: 4
[23:28:46] [Server thread/INFO]: Un gato galáctico invocará un mob al azar en: 4
[23:28:46] [Server thread/INFO]: Un gato galáctico invocará un mob al azar en: 4
[23:28:46] [Server thread/INFO]: Un gato galáctico invocará un mob al azar en: 4
[23:28:46] [Server thread/INFO]: Un gato galáctico invocará un mob al azar en: 4
[23:28:46] [Server thread/INFO]: Un gato galáctico invocará un mob al azar en: 4
[23:28:46] [Server thread/INFO]: Un gato galáctico invocará un mob al azar en: 4
[23:28:46] [Server thread/INFO]: Un gato galáctico invocará un mob al azar en: 4
[23:28:46] [Server thread/INFO]: Un gato galáctico invocará un mob al azar en: 4
[23:28:46] [Server thread/INFO]: Un gato galáctico invocará un mob al azar en: 4
[23:28:46] [Server thread/INFO]: Un gato galáctico invocará un mob al azar en: 3
[23:28:46] [Server thread/INFO]: Un gato galáctico invocará un mob al azar en: 3
[23:28:46] [Server thread/INFO]: Un gato galáctico invocará un mob al azar en: 3
[23:28:46] [Server thread/INFO]: Un gato galáctico invocará un mob al azar en: 3
[23:28:46] [Server thread/INFO]: Un gato galáctico invocará un mob al azar en: 3
[23:28:46] [Server thread/INFO]: Un gato galáctico invocará un mob al azar en: 3
[23:28:46] [Server thread/INFO]: Un gato galáctico invocará un mob al azar en: 3
[23:28:46] [Server thread/INFO]: Un gato galáctico invocará un mob al azar en: 3
[23:28:46] [Server thread/INFO]: Un gato galáctico invocará un mob al azar en: 3
[23:28:46] [Server thread/INFO]: Un gato galáctico invocará un mob al azar en: 3
[23:28:46] [Server thread/INFO]: Un gato galáctico invocará un mob al azar en: 3
[23:28:47] [Server thread/INFO]: Un gato galáctico invocará un mob al azar en: 2
[23:28:47] [Server thread/INFO]: Un gato galáctico invocará un mob al azar en: 2
[23:28:47] [Server thread/INFO]: Un gato galáctico invocará un mob al azar en: 2
[23:28:47] [Server thread/INFO]: Un gato galáctico invocará un mob al azar en: 2
[23:28:47] [Server thread/INFO]: Un gato galáctico invocará un mob al azar en: 2
[23:28:47] [Server thread/INFO]: Un gato galáctico invocará un mob al azar en: 2
[23:28:47] [Server thread/INFO]: Un gato galáctico invocará un mob al azar en: 2
[23:28:47] [Server thread/INFO]: Un gato galáctico invocará un mob al azar en: 2
[23:28:47] [Server thread/INFO]: Un gato galáctico invocará un mob al azar en: 2
[23:28:47] [Server thread/INFO]: Un gato galáctico invocará un mob al azar en: 2
[23:28:47] [Server thread/INFO]: Un gato galáctico invocará un mob al azar en: 2
[23:28:47] [Server thread/INFO]: Un gato galáctico invocará un mob al azar en: 1
[23:28:47] [Server thread/INFO]: Un gato galáctico ha invicado un(a) Giga MagmaCube (-34.89598574001735, 59.84906348977898, 220.47663824151465
[23:28:47] [Server thread/INFO]: Un gato galáctico invocará un mob al azar en: 1
[23:28:47] [Server thread/INFO]: Un gato galáctico ha invicado un(a) Ender Quantum Creeper (-45.59005019784607, 62.34910083581553, 234.84999999403954
[23:28:47] [Server thread/INFO]: Un gato galáctico invocará un mob al azar en: 1
[23:28:47] [Server thread/INFO]: Un gato galáctico ha invicado un(a) Pufferfish invulnerable (-28.325621941521884, 62.56022810794817, 181.78980746223993
[23:28:47] [Server thread/INFO]: Un gato galáctico invocará un mob al azar en: 1
[23:28:47] [Server thread/INFO]: Un gato galáctico ha invicado un(a) Permadeath Demon (-24.718795279413264, 62.42259398661825, 193.94554002671174
[23:28:47] [Server thread/INFO]: Un gato galáctico invocará un mob al azar en: 1
[23:28:47] [Server thread/INFO]: Un gato galáctico ha invicado un(a) Endermite Misterioso (-20.02237146854591, 62.42933132499603, 203.36391311171326
[23:28:47] [Server thread/INFO]: Un gato galáctico invocará un mob al azar en: 1
[23:28:47] [Server thread/INFO]: Un gato galáctico ha invicado un(a) Pufferfish invulnerable (-21.243321272785842, 63.114758824333826, 204.85782228332323
[23:28:47] [Server thread/INFO]: Un gato galáctico invocará un mob al azar en: 1
[23:28:47] [Server thread/INFO]: Un gato galáctico ha invicado un(a) Ultra Ravager (-27.06058826668508, 62.36654461178264, 193.9534648903641
[23:28:47] [Server thread/INFO]: Un gato galáctico invocará un mob al azar en: 1
[23:28:47] [Server thread/INFO]: Un gato galáctico ha invicado un(a) Endermite Misterioso (-14.9781173644879, 62.729852451053134, 208.0212575127871
[23:28:47] [Server thread/INFO]: Un gato galáctico invocará un mob al azar en: 1
[23:28:47] [Server thread/INFO]: Un gato galáctico ha invicado un(a) Giga Slime (36.6131894679573, 62.88389707884998, 186.9186650510189
[23:28:47] [Server thread/INFO]: Un gato galáctico invocará un mob al azar en: 1
[23:28:47] [Server thread/INFO]: Un gato galáctico ha invicado un(a) Wither Skeleton Emperador (36.069677893181805, 62.74162860347592, 185.95067874080493
[23:28:47] [Server thread/INFO]: Un gato galáctico invocará un mob al azar en: 1
[23:28:47] [Server thread/INFO]: Un gato galáctico ha invicado un(a) Bruja Imposible (35.8178330424947, 62.74085047890585, 189.32045700768134
[23:28:47] [Server thread/INFO]: La maldición de un Gato Galáctico ha comenzado en: -28, 62, 184
[23:28:47] [Server thread/INFO]: La maldición de un Gato Galáctico ha comenzado en: -24, 62, 192
[23:28:47] [Server thread/INFO]: La maldición de un Gato Galáctico ha comenzado en: -21, 62, 197
[23:28:47] [Server thread/INFO]: La maldición de un Gato Galáctico ha comenzado en: -30, 62, 196
[23:28:47] [Server thread/INFO]: Un gato galáctico invocará un mob al azar en: 5
[23:28:47] [Server thread/INFO]: Un gato galáctico invocará un mob al azar en: 5
[23:28:47] [Server thread/INFO]: Un gato galáctico invocará un mob al azar en: 5
[23:28:47] [Server thread/INFO]: Un gato galáctico invocará un mob al azar en: 5
[23:28:47] [Server thread/INFO]: La maldición de un Gato Galáctico ha comenzado en: -35, 62, 194
[23:28:47] [Server thread/INFO]: La maldición de un Gato Galáctico ha comenzado en: -34, 62, 197
[23:28:47] [Server thread/INFO]: Un gato galáctico invocará un mob al azar en: 5
[23:28:47] [Server thread/INFO]: Un gato galáctico invocará un mob al azar en: 5
[23:28:47] [Server thread/INFO]: La maldición de un Gato Galáctico ha comenzado en: -34, 62, 190
[23:28:47] [Server thread/INFO]: Un gato galáctico invocará un mob al azar en: 5
[23:28:47] [Server thread/INFO]: La maldición de un Gato Galáctico ha comenzado en: -36, 62, 192
[23:28:47] [Server thread/INFO]: Un gato galáctico invocará un mob al azar en: 5
[23:28:48] [Server thread/INFO]: La maldición de un Gato Galáctico ha comenzado en: -37, 62, 194
[23:28:48] [Server thread/INFO]: Un gato galáctico invocará un mob al azar en: 5
[23:28:48] [Server thread/INFO]: La maldición de un Gato Galáctico ha comenzado en: -38, 64, 187
[23:28:48] [Server thread/INFO]: Un gato galáctico invocará un mob al azar en: 5
[23:28:48] [Server thread/INFO]: La maldición de un Gato Galáctico ha comenzado en: -34, 47, 224
[23:28:48] [Server thread/INFO]: La maldición de un Gato Galáctico ha comenzado en: -35, 62, 184
[23:28:48] [Server thread/INFO]: La maldición de un Gato Galáctico ha comenzado en: -35, 61, 183
[23:28:48] [Server thread/INFO]: Un gato galáctico invocará un mob al azar en: 5
[23:28:48] [Server thread/INFO]: Un gato galáctico invocará un mob al azar en: 5
[23:28:48] [Server thread/INFO]: Un gato galáctico invocará un mob al azar en: 5
[23:28:48] [Server thread/INFO]: Un gato galáctico invocará un mob al azar en: 4
[23:28:48] [Server thread/INFO]: Un gato galáctico invocará un mob al azar en: 4
[23:28:48] [Server thread/INFO]: Un gato galáctico invocará un mob al azar en: 4
[23:28:48] [Server thread/INFO]: Un gato galáctico invocará un mob al azar en: 4
[23:28:48] [Server thread/INFO]: La maldición de un Gato Galáctico ha comenzado en: -36, 62, 178
[23:28:48] [Server thread/INFO]: Un gato galáctico invocará un mob al azar en: 5
[23:28:48] [Server thread/INFO]: Un gato galáctico invocará un mob al azar en: 4
[23:28:48] [Server thread/INFO]: Un gato galáctico invocará un mob al azar en: 4
[23:28:48] [Server thread/INFO]: Un gato galáctico invocará un mob al azar en: 4
[23:28:48] [Server thread/INFO]: Un gato galáctico invocará un mob al azar en: 4
[23:28:48] [Server thread/INFO]: Un gato galáctico invocará un mob al azar en: 4
[23:28:48] [Server thread/INFO]: La maldición de un Gato Galáctico ha comenzado en: -31, 60, 174
[23:28:48] [Server thread/INFO]: Un gato galáctico invocará un mob al azar en: 5
[23:28:48] [Server thread/INFO]: Un gato galáctico invocará un mob al azar en: 4
[23:28:48] [Server thread/INFO]: Un gato galáctico invocará un mob al azar en: 4
[23:28:48] [Server thread/INFO]: Un gato galáctico invocará un mob al azar en: 4
[23:28:48] [Server thread/INFO]: Un gato galáctico invocará un mob al azar en: 4
[23:28:48] [Server thread/INFO]: La maldición de un Gato Galáctico ha comenzado en: -30, 60, 169
[23:28:48] [Server thread/INFO]: Un gato galáctico invocará un mob al azar en: 5
[23:28:48] [Server thread/INFO]: Un gato galáctico invocará un mob al azar en: 3
[23:28:48] [Server thread/INFO]: Un gato galáctico invocará un mob al azar en: 3
[23:28:48] [Server thread/INFO]: Un gato galáctico invocará un mob al azar en: 3
[23:28:48] [Server thread/INFO]: Un gato galáctico invocará un mob al azar en: 3
[23:28:49] [Server thread/INFO]: Un gato galáctico invocará un mob al azar en: 3
[23:28:49] [Server thread/INFO]: Un gato galáctico invocará un mob al azar en: 3
[23:28:49] [Server thread/INFO]: Un gato galáctico invocará un mob al azar en: 4
[23:28:49] [Server thread/INFO]: Un gato galáctico invocará un mob al azar en: 3
[23:28:49] [Server thread/INFO]: La maldición de un Gato Galáctico ha comenzado en: -25, 62, 158
[23:28:49] [Server thread/INFO]: Un gato galáctico invocará un mob al azar en: 5
[23:28:49] [Server thread/INFO]: Un gato galáctico invocará un mob al azar en: 3
[23:28:49] [Server thread/INFO]: Un gato galáctico invocará un mob al azar en: 3
[23:28:49] [Server thread/INFO]: Un gato galáctico invocará un mob al azar en: 3
[23:28:49] [Server thread/INFO]: Un gato galáctico invocará un mob al azar en: 4
[23:28:49] [Server thread/INFO]: Un gato galáctico invocará un mob al azar en: 3
[23:28:49] [Server thread/INFO]: Un gato galáctico invocará un mob al azar en: 3
[23:28:49] [Server thread/INFO]: Un gato galáctico invocará un mob al azar en: 3
[23:28:49] [Server thread/INFO]: Un gato galáctico invocará un mob al azar en: 4
[23:28:49] [Server thread/INFO]: Un gato galáctico invocará un mob al azar en: 2
[23:28:49] [Server thread/INFO]: Un gato galáctico invocará un mob al azar en: 2
[23:28:49] [Server thread/INFO]: Un gato galáctico invocará un mob al azar en: 2
[23:28:49] [Server thread/INFO]: Un gato galáctico invocará un mob al azar en: 2
[23:28:49] [Server thread/INFO]: Un gato galáctico invocará un mob al azar en: 2
[23:28:49] [Server thread/INFO]: Un gato galáctico invocará un mob al azar en: 2
[23:28:49] [Server thread/INFO]: Un gato galáctico invocará un mob al azar en: 3
[23:28:49] [Server thread/INFO]: Un gato galáctico invocará un mob al azar en: 2
[23:28:49] [Server thread/INFO]: Un gato galáctico invocará un mob al azar en: 2
[23:28:49] [Server thread/INFO]: Un gato galáctico invocará un mob al azar en: 4
[23:28:49] [Server thread/INFO]: Un gato galáctico invocará un mob al azar en: 2
[23:28:49] [Server thread/INFO]: Un gato galáctico invocará un mob al azar en: 2
[23:28:49] [Server thread/INFO]: Un gato galáctico invocará un mob al azar en: 3
[23:28:49] [Server thread/INFO]: Un gato galáctico invocará un mob al azar en: 2
[23:28:49] [Server thread/INFO]: Un gato galáctico invocará un mob al azar en: 2
[23:28:49] [Server thread/INFO]: Un gato galáctico invocará un mob al azar en: 2
[23:28:49] [Server thread/INFO]: Un gato galáctico invocará un mob al azar en: 3
[23:28:49] [Server thread/INFO]: Un gato galáctico invocará un mob al azar en: 1
[23:28:49] [Server thread/INFO]: Un gato galáctico ha invicado un(a) Esqueleto de Clase (-28.574727127129986, 62.37677782738603, 184.85561225036207
[23:28:49] [Server thread/INFO]: Un gato galáctico invocará un mob al azar en: 1
[23:28:49] [Server thread/INFO]: Un gato galáctico ha invicado un(a) Silverfish de la Muerte (-24.61754508971538, 62.87491758064115, 192.4095362917796
[23:28:49] [Server thread/INFO]: Un gato galáctico invocará un mob al azar en: 1
[23:28:49] [Server thread/INFO]: Un gato galáctico ha invicado un(a) Wither Skeleton Emperador (-21.534691369421996, 62.21788268574188, 197.4104504189353
[23:28:49] [Server thread/INFO]: Un gato galáctico invocará un mob al azar en: 1
[23:28:49] [Server thread/INFO]: Un gato galáctico ha invicado un(a) Gato Supernova (-30.137267476079895, 62.77432293078849, 196.70895805475058
[23:28:50] [Server thread/INFO]: Un gato galáctico invocará un mob al azar en: 1
[23:28:50] [Server thread/INFO]: Un gato galáctico ha invicado un(a) Endermite Misterioso (-35.303555208545546, 62.3044439512468, 194.79336419379936
[23:28:50] [Server thread/INFO]: Un gato galáctico invocará un mob al azar en: 1
[23:28:50] [Server thread/INFO]: Un gato galáctico ha invicado un(a) Gigante (-34.57299780940508, 62.82098403301778, 197.1690822865118
[23:28:50] [Server thread/INFO]: Un gato galáctico invocará un mob al azar en: 2
[23:28:50] [Server thread/INFO]: Un gato galáctico invocará un mob al azar en: 1
[23:28:50] [Server thread/INFO]: Un gato galáctico ha invicado un(a) Esqueleto de Clase (-34.445392469011956, 62.4536350132197, 190.15425777635582
[23:28:50] [Server thread/INFO]: Un gato galáctico invocará un mob al azar en: 1
[23:28:50] [Server thread/INFO]: Un gato galáctico ha invicado un(a) Giga Phantom (-36.8343394774627, 62.502326582688816, 192.93100667137008
[23:28:50] [Server thread/INFO]: Un gato galáctico invocará un mob al azar en: 3
[23:28:50] [Server thread/INFO]: Un gato galáctico invocará un mob al azar en: 1
[23:28:50] [Server thread/INFO]: Un gato galáctico ha invicado un(a) Ultra Ravager (-37.638696557826734, 62.201231374505, 194.9931621242444
[23:28:50] [Server thread/INFO]: Un gato galáctico invocará un mob al azar en: 1
[23:28:50] [Server thread/INFO]: Un gato galáctico ha invicado un(a) Shulker Tnt (-38.09417464134102, 64.18083279874169, 187.45512928840466
[23:28:50] [Server thread/INFO]: Un gato galáctico invocará un mob al azar en: 2
[23:28:50] [Server thread/INFO]: Un gato galáctico invocará un mob al azar en: 1
[23:28:50] [Server thread/INFO]: Un gato galáctico ha invicado un(a) Giga Slime (-34.69999998807907, 47.30000001192093, 224.39464436455074
[23:28:50] [Server thread/INFO]: Un gato galáctico invocará un mob al azar en: 1
[23:28:50] [Server thread/INFO]: Un gato galáctico ha invicado un(a) Ultra Ravager (-35.77342796036853, 62.32482038530355, 184.3970339785099
[23:28:50] [Server thread/INFO]: Un gato galáctico invocará un mob al azar en: 1
[23:28:50] [Server thread/INFO]: Un gato galáctico ha invicado un(a) Demonio Flotante (-35.7615531927373, 61.935128707652424, 183.68130537496393
[23:28:50] [Server thread/INFO]: Un gato galáctico invocará un mob al azar en: 2
[23:28:50] [Server thread/INFO]: Un gato galáctico invocará un mob al azar en: 1
[23:28:50] [Server thread/INFO]: Un gato galáctico ha invicado un(a) Permadeath Demon (-36.19891486526625, 62.41224345823703, 178.44040287977097
[23:28:50] [Server thread/INFO]: Un gato galáctico invocará un mob al azar en: 2
[23:28:50] [Server thread/INFO]: Un gato galáctico invocará un mob al azar en: 1
[23:28:50] [Server thread/INFO]: Un gato galáctico ha invicado un(a) Ender Quantum Creeper (-31.03324925374191, 60.47668389085459, 174.533500463215
[23:28:50] [Server thread/INFO]: La maldición de un Gato Galáctico ha comenzado en: -44, 62, 181
[23:28:50] [Server thread/INFO]: Un gato galáctico invocará un mob al azar en: 5
[23:28:50] [Server thread/INFO]: La maldición de un Gato Galáctico ha comenzado en: -45, 62, 188
[23:28:50] [Server thread/INFO]: La maldición de un Gato Galáctico ha comenzado en: -44, 62, 186
[23:28:50] [Server thread/INFO]: Un gato galáctico invocará un mob al azar en: 5
[23:28:50] [Server thread/INFO]: Un gato galáctico invocará un mob al azar en: 5
[23:28:50] [Server thread/INFO]: La maldición de un Gato Galáctico ha comenzado en: -46, 62, 182
[23:28:50] [Server thread/INFO]: Un gato galáctico invocará un mob al azar en: 5
[23:28:51] [Server thread/INFO]: Un gato galáctico invocará un mob al azar en: 1
[23:28:51] [Server thread/INFO]: Un gato galáctico ha invicado un(a) Silverfish de la Muerte (-30.825801490762856, 60.723861425776995, 169.11920911278912
[23:28:51] [Server thread/INFO]: La maldición de un Gato Galáctico ha comenzado en: -50, 62, 178
[23:28:51] [Server thread/INFO]: La maldición de un Gato Galáctico ha comenzado en: -46, 62, 172
[23:28:51] [Server thread/INFO]: Un gato galáctico invocará un mob al azar en: 5
[23:28:51] [Server thread/INFO]: Un gato galáctico invocará un mob al azar en: 5
[23:28:51] [Server thread/INFO]: La maldición de un Gato Galáctico ha comenzado en: -50, 61, 182
[23:28:51] [Server thread/INFO]: Un gato galáctico invocará un mob al azar en: 5
[23:28:51] [Server thread/INFO]: La maldición de un Gato Galáctico ha comenzado en: -47, 62, 167
[23:28:51] [Server thread/INFO]: Un gato galáctico invocará un mob al azar en: 5
[23:28:51] [Server thread/INFO]: Un gato galáctico invocará un mob al azar en: 1
[23:28:51] [Server thread/INFO]: Un gato galáctico ha invicado un(a) Bruja Imposible (-25.79966642661037, 62.261998557423645, 158.22839718015334
[23:28:51] [Server thread/INFO]: Un gato galáctico invocará un mob al azar en: 4
[23:28:51] [Server thread/INFO]: Un gato galáctico invocará un mob al azar en: 4
[23:28:51] [Server thread/INFO]: Un gato galáctico invocará un mob al azar en: 4
[23:28:51] [Server thread/INFO]: Un gato galáctico invocará un mob al azar en: 4
[23:28:52] [Server thread/INFO]: Un gato galáctico invocará un mob al azar en: 4
[23:28:52] [Server thread/INFO]: Un gato galáctico invocará un mob al azar en: 4
[23:28:52] [Server thread/INFO]: Un gato galáctico invocará un mob al azar en: 4
[23:28:52] [Server thread/INFO]: Un gato galáctico invocará un mob al azar en: 4
[23:28:52] [Server thread/INFO]: Un gato galáctico invocará un mob al azar en: 3
[23:28:52] [Server thread/INFO]: Un gato galáctico invocará un mob al azar en: 3
[23:28:52] [Server thread/INFO]: Un gato galáctico invocará un mob al azar en: 3
[23:28:52] [Server thread/INFO]: Un gato galáctico invocará un mob al azar en: 3
[23:28:53] [Server thread/INFO]: Un gato galáctico invocará un mob al azar en: 3
[23:28:53] [Server thread/INFO]: Un gato galáctico invocará un mob al azar en: 3
[23:28:53] [Server thread/INFO]: Un gato galáctico invocará un mob al azar en: 3
[23:28:53] [Server thread/INFO]: Un gato galáctico invocará un mob al azar en: 3
[23:28:53] [Server thread/INFO]: Un gato galáctico invocará un mob al azar en: 2
[23:28:53] [Server thread/INFO]: Un gato galáctico invocará un mob al azar en: 2
[23:28:53] [Server thread/INFO]: Un gato galáctico invocará un mob al azar en: 2
[23:28:53] [Server thread/INFO]: Un gato galáctico invocará un mob al azar en: 2
[23:28:54] [Server thread/INFO]: Un gato galáctico invocará un mob al azar en: 2
[23:28:54] [Server thread/INFO]: Un gato galáctico invocará un mob al azar en: 2
[23:28:54] [Server thread/INFO]: Un gato galáctico invocará un mob al azar en: 2
[23:28:54] [Server thread/INFO]: Un gato galáctico invocará un mob al azar en: 2
[23:28:54] [Server thread/INFO]: Un gato galáctico invocará un mob al azar en: 1
[23:28:54] [Server thread/INFO]: Un gato galáctico ha invicado un(a) Demonio Flotante (-44.48776171886692, 62.16774261770677, 181.14304374157751
[23:28:54] [Server thread/INFO]: Un gato galáctico invocará un mob al azar en: 1
[23:28:54] [Server thread/INFO]: Un gato galáctico ha invicado un(a) Quantum Creeper (-45.54163246485007, 62.468792639202206, 188.40970220055996
[23:28:54] [Server thread/INFO]: Un gato galáctico invocará un mob al azar en: 1
[23:28:54] [Server thread/INFO]: Un gato galáctico ha invicado un(a) Giga Phantom (-44.751078509008735, 62.96293401036806, 186.828730258067
[23:28:54] [Server thread/INFO]: Un gato galáctico invocará un mob al azar en: 1
[23:28:54] [Server thread/INFO]: Un gato galáctico ha invicado un(a) Giga Slime (-46.980293343358724, 62.9915767993666, 182.87123183386868
[23:28:55] [Server thread/INFO]: Un gato galáctico invocará un mob al azar en: 1
[23:28:55] [Server thread/INFO]: Un gato galáctico ha invicado un(a) Bruja Imposible (-50.28241371434505, 62.569359868107775, 178.18197988640927
[23:28:55] [Server thread/INFO]: Un gato galáctico invocará un mob al azar en: 1
[23:28:55] [Server thread/INFO]: Un gato galáctico ha invicado un(a) Pufferfish invulnerable (-46.18096942227051, 62.55900189805992, 172.28064726845633
[23:28:55] [Server thread/INFO]: Un gato galáctico invocará un mob al azar en: 1
[23:28:55] [Server thread/INFO]: Un gato galáctico ha invicado un(a) Giga Slime (-50.875533911517174, 61.940337948671804, 182.95656605049138
[23:28:55] [Server thread/INFO]: Un gato galáctico invocará un mob al azar en: 1
[23:28:55] [Server thread/INFO]: Un gato galáctico ha invicado un(a) Giga Slime (-47.025590840889215, 62.24626006610204, 167.8411851766308
[23:29:01] [Server thread/INFO]: La maldición de un Gato Galáctico ha comenzado en: -82, 63, 199
[23:29:01] [Server thread/INFO]: La maldición de un Gato Galáctico ha comenzado en: -84, 63, 197
[23:29:01] [Server thread/INFO]: La maldición de un Gato Galáctico ha comenzado en: -83, 63, 199
[23:29:01] [Server thread/INFO]: La maldición de un Gato Galáctico ha comenzado en: -81, 63, 197
[23:29:01] [Server thread/INFO]: La maldición de un Gato Galáctico ha comenzado en: -82, 63, 198
[23:29:01] [Server thread/INFO]: La maldición de un Gato Galáctico ha comenzado en: -83, 63, 195
[23:29:01] [Server thread/INFO]: La maldición de un Gato Galáctico ha comenzado en: -83, 63, 198
[23:29:01] [Server thread/INFO]: La maldición de un Gato Galáctico ha comenzado en: -85, 63, 197
[23:29:01] [Server thread/INFO]: La maldición de un Gato Galáctico ha comenzado en: -86, 63, 194
[23:29:01] [Server thread/INFO]: La maldición de un Gato Galáctico ha comenzado en: -83, 63, 198
[23:29:01] [Server thread/INFO]: La maldición de un Gato Galáctico ha comenzado en: -83, 63, 196
[23:29:01] [Server thread/INFO]: La maldición de un Gato Galáctico ha comenzado en: -88, 63, 195
[23:29:01] [Server thread/INFO]: La maldición de un Gato Galáctico ha comenzado en: -89, 62, 194
[23:29:01] [Server thread/INFO]: La maldición de un Gato Galáctico ha comenzado en: -78, 62, 173
[23:29:01] [Server thread/INFO]: La maldición de un Gato Galáctico ha comenzado en: -70, 62, 178
[23:29:01] [Server thread/INFO]: La maldición de un Gato Galáctico ha comenzado en: -67, 62, 181
[23:29:01] [Server thread/INFO]: La maldición de un Gato Galáctico ha comenzado en: -75, 62, 199
[23:29:01] [Server thread/INFO]: La maldición de un Gato Galáctico ha comenzado en: -74, 62, 194
[23:29:01] [Server thread/INFO]: La maldición de un Gato Galáctico ha comenzado en: -69, 63, 233
[23:29:01] [Server thread/INFO]: La maldición de un Gato Galáctico ha comenzado en: -65, 63, 238
[23:29:01] [Server thread/INFO]: La maldición de un Gato Galáctico ha comenzado en: -69, 63, 231
[23:29:01] [Server thread/INFO]: La maldición de un Gato Galáctico ha comenzado en: -56, 62, 172
[23:29:01] [Server thread/INFO]: La maldición de un Gato Galáctico ha comenzado en: -55, 62, 170
[23:29:01] [Server thread/INFO]: La maldición de un Gato Galáctico ha comenzado en: -55, 62, 173
[23:29:01] [Server thread/INFO]: La maldición de un Gato Galáctico ha comenzado en: -57, 62, 174
[23:29:01] [Server thread/INFO]: La maldición de un Gato Galáctico ha comenzado en: -50, 63, 191
[23:29:01] [Server thread/INFO]: La maldición de un Gato Galáctico ha comenzado en: -50, 62, 191
[23:29:01] [Server thread/INFO]: La maldición de un Gato Galáctico ha comenzado en: -49, 62, 190
[23:29:01] [Server thread/INFO]: La maldición de un Gato Galáctico ha comenzado en: -50, 62, 190
[23:29:01] [Server thread/INFO]: La maldición de un Gato Galáctico ha comenzado en: -56, 63, 190
[23:29:01] [Server thread/INFO]: La maldición de un Gato Galáctico ha comenzado en: -59, 62, 181
[23:29:01] [Server thread/INFO]: La maldición de un Gato Galáctico ha comenzado en: -52, 62, 187
[23:29:01] [Server thread/INFO]: La maldición de un Gato Galáctico ha comenzado en: -50, 62, 188
[23:29:01] [Server thread/INFO]: La maldición de un Gato Galáctico ha comenzado en: -48, 62, 191
[23:29:01] [Server thread/INFO]: La maldición de un Gato Galáctico ha comenzado en: -48, 62, 189
[23:29:01] [Server thread/INFO]: La maldición de un Gato Galáctico ha comenzado en: -54, 62, 196
[23:29:01] [Server thread/INFO]: La maldición de un Gato Galáctico ha comenzado en: -53, 62, 194
[23:29:01] [Server thread/INFO]: La maldición de un Gato Galáctico ha comenzado en: -52, 62, 199
[23:29:01] [Server thread/INFO]: La maldición de un Gato Galáctico ha comenzado en: -49, 62, 195
[23:29:01] [Server thread/INFO]: La maldición de un Gato Galáctico ha comenzado en: -49, 62, 197
[23:29:01] [Server thread/INFO]: La maldición de un Gato Galáctico ha comenzado en: -48, 62, 193
[23:29:01] [Server thread/INFO]: La maldición de un Gato Galáctico ha comenzado en: -53, 62, 195
[23:29:01] [Server thread/INFO]: La maldición de un Gato Galáctico ha comenzado en: -49, 62, 198
[23:29:01] [Server thread/INFO]: La maldición de un Gato Galáctico ha comenzado en: -63, 62, 199
[23:29:01] [Server thread/INFO]: La maldición de un Gato Galáctico ha comenzado en: -51, 63, 222
[23:29:01] [Server thread/INFO]: La maldición de un Gato Galáctico ha comenzado en: -49, 64, 223
[23:29:01] [Server thread/INFO]: La maldición de un Gato Galáctico ha comenzado en: -48, 64, 222
[23:29:01] [Server thread/INFO]: La maldición de un Gato Galáctico ha comenzado en: -50, 64, 222
[23:29:01] [Server thread/INFO]: La maldición de un Gato Galáctico ha comenzado en: -48, 64, 221
[23:29:01] [Server thread/INFO]: La maldición de un Gato Galáctico ha comenzado en: -55, 63, 225
[23:29:01] [Server thread/INFO]: La maldición de un Gato Galáctico ha comenzado en: -53, 64, 226
[23:29:01] [Server thread/INFO]: La maldición de un Gato Galáctico ha comenzado en: -54, 64, 229
[23:29:01] [Server thread/INFO]: La maldición de un Gato Galáctico ha comenzado en: -50, 64, 230
[23:29:01] [Server thread/INFO]: La maldición de un Gato Galáctico ha comenzado en: -62, 64, 238
[23:29:01] [Server thread/INFO]: La maldición de un Gato Galáctico ha comenzado en: -60, 64, 236
[23:29:01] [Server thread/INFO]: La maldición de un Gato Galáctico ha comenzado en: -53, 64, 226
[23:29:01] [Server thread/INFO]: La maldición de un Gato Galáctico ha comenzado en: -54, 64, 234
[23:29:01] [Server thread/INFO]: La maldición de un Gato Galáctico ha comenzado en: -54, 64, 229
[23:29:01] [Server thread/INFO]: La maldición de un Gato Galáctico ha comenzado en: -61, 64, 238
[23:29:01] [Server thread/INFO]: La maldición de un Gato Galáctico ha comenzado en: -62, 64, 243
[23:29:01] [Server thread/INFO]: La maldición de un Gato Galáctico ha comenzado en: -39, 62, 190
[23:29:01] [Server thread/INFO]: La maldición de un Gato Galáctico ha comenzado en: -42, 62, 191
[23:29:01] [Server thread/INFO]: La maldición de un Gato Galáctico ha comenzado en: -45, 62, 191
[23:29:01] [Server thread/INFO]: La maldición de un Gato Galáctico ha comenzado en: -41, 62, 191
[23:29:01] [Server thread/INFO]: La maldición de un Gato Galáctico ha comenzado en: -46, 63, 191
[23:29:01] [Server thread/INFO]: La maldición de un Gato Galáctico ha comenzado en: -40, 62, 191
[23:29:01] [Server thread/INFO]: La maldición de un Gato Galáctico ha comenzado en: -43, 62, 191
[23:29:01] [Server thread/INFO]: La maldición de un Gato Galáctico ha comenzado en: -41, 62, 191
[23:29:01] [Server thread/INFO]: La maldición de un Gato Galáctico ha comenzado en: -39, 62, 191
[23:29:01] [Server thread/INFO]: La maldición de un Gato Galáctico ha comenzado en: -42, 62, 192
[23:29:01] [Server thread/INFO]: La maldición de un Gato Galáctico ha comenzado en: -41, 62, 192
[23:29:01] [Server thread/INFO]: La maldición de un Gato Galáctico ha comenzado en: -40, 63, 195
[23:29:01] [Server thread/INFO]: La maldición de un Gato Galáctico ha comenzado en: -40, 62, 199
[23:29:01] [Server thread/INFO]: La maldición de un Gato Galáctico ha comenzado en: -41, 63, 195
[23:29:01] [Server thread/INFO]: La maldición de un Gato Galáctico ha comenzado en: -41, 62, 194
[23:29:01] [Server thread/INFO]: La maldición de un Gato Galáctico ha comenzado en: -40, 62, 198
[23:29:01] [Server thread/INFO]: La maldición de un Gato Galáctico ha comenzado en: -40, 62, 194
[23:29:01] [Server thread/INFO]: La maldición de un Gato Galáctico ha comenzado en: -40, 62, 193
[23:29:01] [Server thread/INFO]: La maldición de un Gato Galáctico ha comenzado en: -43, 62, 194
[23:29:01] [Server thread/INFO]: La maldición de un Gato Galáctico ha comenzado en: -46, 62, 196
[23:29:01] [Server thread/INFO]: La maldición de un Gato Galáctico ha comenzado en: -44, 62, 192
[23:29:01] [Server thread/INFO]: La maldición de un Gato Galáctico ha comenzado en: -47, 62, 197
[23:29:01] [Server thread/INFO]: La maldición de un Gato Galáctico ha comenzado en: -46, 62, 195
[23:29:01] [Server thread/INFO]: La maldición de un Gato Galáctico ha comenzado en: -46, 62, 192
[23:29:01] [Server thread/INFO]: La maldición de un Gato Galáctico ha comenzado en: -47, 62, 201
[23:29:01] [Server thread/INFO]: La maldición de un Gato Galáctico ha comenzado en: -46, 62, 200
[23:29:01] [Server thread/INFO]: La maldición de un Gato Galáctico ha comenzado en: -45, 62, 203
[23:29:01] [Server thread/INFO]: La maldición de un Gato Galáctico ha comenzado en: -43, 62, 193
[23:29:01] [Server thread/INFO]: La maldición de un Gato Galáctico ha comenzado en: -44, 62, 198
[23:29:01] [Server thread/INFO]: La maldición de un Gato Galáctico ha comenzado en: -40, 62, 193
[23:29:01] [Server thread/INFO]: La maldición de un Gato Galáctico ha comenzado en: -43, 63, 220
[23:29:01] [Server thread/INFO]: La maldición de un Gato Galáctico ha comenzado en: -41, 63, 215
[23:29:01] [Server thread/INFO]: La maldición de un Gato Galáctico ha comenzado en: -44, 62, 212
[23:29:01] [Server thread/INFO]: La maldición de un Gato Galáctico ha comenzado en: -46, 64, 220
[23:29:01] [Server thread/INFO]: La maldición de un Gato Galáctico ha comenzado en: -39, 64, 238
[23:29:01] [Server thread/INFO]: La maldición de un Gato Galáctico ha comenzado en: -18, 62, 206
[23:29:01] [Server thread/INFO]: La maldición de un Gato Galáctico ha comenzado en: -26, 61, 220
[23:29:01] [Server thread/INFO]: La maldición de un Gato Galáctico ha comenzado en: -26, 61, 219
[23:29:01] [Server thread/INFO]: La maldición de un Gato Galáctico ha comenzado en: -27, 62, 212
[23:29:01] [Server thread/INFO]: La maldición de un Gato Galáctico ha comenzado en: -22, 62, 217
[23:29:01] [Server thread/INFO]: La maldición de un Gato Galáctico ha comenzado en: -25, 62, 210
[23:29:01] [Server thread/INFO]: La maldición de un Gato Galáctico ha comenzado en: -25, 61, 219
[23:29:01] [Server thread/INFO]: La maldición de un Gato Galáctico ha comenzado en: -21, 46, 237
[23:29:03] [Server thread/INFO]: La maldición de un Gato Galáctico ha comenzado en: -2, 63, 189
[23:29:03] [Server thread/INFO]: La maldición de un Gato Galáctico ha comenzado en: -15, 62, 210
[23:29:04] [Server thread/INFO]: La maldición de un Gato Galáctico ha comenzado en: 15, 72, 224
[23:29:04] [Server thread/INFO]: La maldición de un Gato Galáctico ha comenzado en: 11, 69, 249
[23:29:04] [Server thread/INFO]: La maldición de un Gato Galáctico ha comenzado en: 5, 69, 256
[23:29:04] [Server thread/INFO]: La maldición de un Gato Galáctico ha comenzado en: 57, 62, 147
[23:29:05] [Server thread/INFO]: Un gato galáctico invocará un mob al azar en: 5
[23:29:05] [Server thread/INFO]: Un gato galáctico invocará un mob al azar en: 5
[23:29:05] [Server thread/INFO]: Un gato galáctico invocará un mob al azar en: 5
[23:29:05] [Server thread/INFO]: Un gato galáctico invocará un mob al azar en: 5
[23:29:05] [Server thread/INFO]: Un gato galáctico invocará un mob al azar en: 5
[23:29:05] [Server thread/INFO]: Un gato galáctico invocará un mob al azar en: 5
[23:29:05] [Server thread/INFO]: Un gato galáctico invocará un mob al azar en: 5
[23:29:05] [Server thread/INFO]: Un gato galáctico invocará un mob al azar en: 5
[23:29:05] [Server thread/INFO]: Un gato galáctico invocará un mob al azar en: 5
[23:29:05] [Server thread/INFO]: Un gato galáctico invocará un mob al azar en: 5
[23:29:05] [Server thread/INFO]: Un gato galáctico invocará un mob al azar en: 5
[23:29:05] [Server thread/INFO]: Un gato galáctico invocará un mob al azar en: 5
[23:29:05] [Server thread/INFO]: Un gato galáctico invocará un mob al azar en: 5
[23:29:05] [Server thread/INFO]: Un gato galáctico invocará un mob al azar en: 5
[23:29:05] [Server thread/INFO]: Un gato galáctico invocará un mob al azar en: 5
[23:29:05] [Server thread/INFO]: Un gato galáctico invocará un mob al azar en: 5
[23:29:05] [Server thread/INFO]: Un gato galáctico invocará un mob al azar en: 5
[23:29:05] [Server thread/INFO]: Un gato galáctico invocará un mob al azar en: 5
[23:29:05] [Server thread/INFO]: Un gato galáctico invocará un mob al azar en: 5
[23:29:05] [Server thread/INFO]: Un gato galáctico invocará un mob al azar en: 5
[23:29:05] [Server thread/INFO]: Un gato galáctico invocará un mob al azar en: 5
[23:29:05] [Server thread/INFO]: Un gato galáctico invocará un mob al azar en: 5
[23:29:05] [Server thread/INFO]: Un gato galáctico invocará un mob al azar en: 5
[23:29:05] [Server thread/INFO]: Un gato galáctico invocará un mob al azar en: 5
[23:29:05] [Server thread/INFO]: Un gato galáctico invocará un mob al azar en: 5
[23:29:05] [Server thread/INFO]: Un gato galáctico invocará un mob al azar en: 5
[23:29:05] [Server thread/INFO]: Un gato galáctico invocará un mob al azar en: 5
[23:29:05] [Server thread/INFO]: Un gato galáctico invocará un mob al azar en: 5
[23:29:05] [Server thread/INFO]: Un gato galáctico invocará un mob al azar en: 5
[23:29:05] [Server thread/INFO]: Un gato galáctico invocará un mob al azar en: 5
[23:29:05] [Server thread/INFO]: Un gato galáctico invocará un mob al azar en: 5
[23:29:05] [Server thread/INFO]: Un gato galáctico invocará un mob al azar en: 5
[23:29:05] [Server thread/INFO]: Un gato galáctico invocará un mob al azar en: 5
[23:29:05] [Server thread/INFO]: Un gato galáctico invocará un mob al azar en: 5
[23:29:05] [Server thread/INFO]: Un gato galáctico invocará un mob al azar en: 5
[23:29:05] [Server thread/INFO]: Un gato galáctico invocará un mob al azar en: 5
[23:29:05] [Server thread/INFO]: Un gato galáctico invocará un mob al azar en: 5
[23:29:05] [Server thread/INFO]: Un gato galáctico invocará un mob al azar en: 5
[23:29:05] [Server thread/INFO]: Un gato galáctico invocará un mob al azar en: 5
[23:29:05] [Server thread/INFO]: Un gato galáctico invocará un mob al azar en: 5
[23:29:05] [Server thread/INFO]: Un gato galáctico invocará un mob al azar en: 5
[23:29:05] [Server thread/INFO]: Un gato galáctico invocará un mob al azar en: 5
[23:29:05] [Server thread/INFO]: Un gato galáctico invocará un mob al azar en: 5
[23:29:05] [Server thread/INFO]: Un gato galáctico invocará un mob al azar en: 5
[23:29:05] [Server thread/INFO]: Un gato galáctico invocará un mob al azar en: 5
[23:29:05] [Server thread/INFO]: Un gato galáctico invocará un mob al azar en: 5
[23:29:05] [Server thread/INFO]: Un gato galáctico invocará un mob al azar en: 5
[23:29:05] [Server thread/INFO]: Un gato galáctico invocará un mob al azar en: 5
[23:29:05] [Server thread/INFO]: Un gato galáctico invocará un mob al azar en: 5
[23:29:05] [Server thread/INFO]: Un gato galáctico invocará un mob al azar en: 5
[23:29:05] [Server thread/INFO]: Un gato galáctico invocará un mob al azar en: 5
[23:29:05] [Server thread/INFO]: Un gato galáctico invocará un mob al azar en: 5
[23:29:05] [Server thread/INFO]: Un gato galáctico invocará un mob al azar en: 5
[23:29:05] [Server thread/INFO]: Un gato galáctico invocará un mob al azar en: 5
[23:29:05] [Server thread/INFO]: Un gato galáctico invocará un mob al azar en: 5
[23:29:05] [Server thread/INFO]: Un gato galáctico invocará un mob al azar en: 5
[23:29:05] [Server thread/INFO]: Un gato galáctico invocará un mob al azar en: 5
[23:29:05] [Server thread/INFO]: Un gato galáctico invocará un mob al azar en: 5
[23:29:05] [Server thread/INFO]: Un gato galáctico invocará un mob al azar en: 5
[23:29:05] [Server thread/INFO]: Un gato galáctico invocará un mob al azar en: 5
[23:29:05] [Server thread/INFO]: Un gato galáctico invocará un mob al azar en: 5
[23:29:05] [Server thread/INFO]: Un gato galáctico invocará un mob al azar en: 5
[23:29:05] [Server thread/INFO]: Un gato galáctico invocará un mob al azar en: 5
[23:29:05] [Server thread/INFO]: Un gato galáctico invocará un mob al azar en: 5
[23:29:05] [Server thread/INFO]: Un gato galáctico invocará un mob al azar en: 5
[23:29:05] [Server thread/INFO]: Un gato galáctico invocará un mob al azar en: 5
[23:29:05] [Server thread/INFO]: Un gato galáctico invocará un mob al azar en: 5
[23:29:05] [Server thread/INFO]: Un gato galáctico invocará un mob al azar en: 5
[23:29:05] [Server thread/INFO]: Un gato galáctico invocará un mob al azar en: 5
[23:29:05] [Server thread/INFO]: Un gato galáctico invocará un mob al azar en: 5
[23:29:05] [Server thread/INFO]: Un gato galáctico invocará un mob al azar en: 5
[23:29:05] [Server thread/INFO]: Un gato galáctico invocará un mob al azar en: 5
[23:29:05] [Server thread/INFO]: Un gato galáctico invocará un mob al azar en: 5
[23:29:05] [Server thread/INFO]: Un gato galáctico invocará un mob al azar en: 5
[23:29:05] [Server thread/INFO]: Un gato galáctico invocará un mob al azar en: 5
[23:29:05] [Server thread/INFO]: Un gato galáctico invocará un mob al azar en: 5
[23:29:05] [Server thread/INFO]: Un gato galáctico invocará un mob al azar en: 5
[23:29:05] [Server thread/INFO]: Un gato galáctico invocará un mob al azar en: 5
[23:29:05] [Server thread/INFO]: Un gato galáctico invocará un mob al azar en: 5
[23:29:05] [Server thread/INFO]: Un gato galáctico invocará un mob al azar en: 5
[23:29:05] [Server thread/INFO]: Un gato galáctico invocará un mob al azar en: 5
[23:29:05] [Server thread/INFO]: Un gato galáctico invocará un mob al azar en: 5
[23:29:05] [Server thread/INFO]: Un gato galáctico invocará un mob al azar en: 5
[23:29:05] [Server thread/INFO]: Un gato galáctico invocará un mob al azar en: 5
[23:29:05] [Server thread/INFO]: Un gato galáctico invocará un mob al azar en: 5
[23:29:05] [Server thread/INFO]: Un gato galáctico invocará un mob al azar en: 5
[23:29:05] [Server thread/INFO]: Un gato galáctico invocará un mob al azar en: 5
[23:29:05] [Server thread/INFO]: Un gato galáctico invocará un mob al azar en: 5
[23:29:05] [Server thread/INFO]: Un gato galáctico invocará un mob al azar en: 5
[23:29:05] [Server thread/INFO]: Un gato galáctico invocará un mob al azar en: 5
[23:29:05] [Server thread/INFO]: Un gato galáctico invocará un mob al azar en: 5
[23:29:05] [Server thread/INFO]: Un gato galáctico invocará un mob al azar en: 5
[23:29:05] [Server thread/INFO]: Un gato galáctico invocará un mob al azar en: 5
[23:29:05] [Server thread/INFO]: Un gato galáctico invocará un mob al azar en: 5
[23:29:05] [Server thread/INFO]: Un gato galáctico invocará un mob al azar en: 5
[23:29:05] [Server thread/INFO]: Un gato galáctico invocará un mob al azar en: 5
[23:29:05] [Server thread/INFO]: Un gato galáctico invocará un mob al azar en: 5
[23:29:05] [Server thread/INFO]: Un gato galáctico invocará un mob al azar en: 5
[23:29:05] [Server thread/INFO]: Un gato galáctico invocará un mob al azar en: 5
[23:29:05] [Server thread/INFO]: Un gato galáctico invocará un mob al azar en: 5
[23:29:05] [Server thread/INFO]: Un gato galáctico invocará un mob al azar en: 5
[23:29:05] [Server thread/INFO]: Un gato galáctico invocará un mob al azar en: 5
[23:29:05] [Server thread/INFO]: Un gato galáctico invocará un mob al azar en: 5
[23:29:05] [Server thread/INFO]: Un gato galáctico invocará un mob al azar en: 5
[23:29:05] [Server thread/INFO]: Un gato galáctico invocará un mob al azar en: 5
[23:29:05] [Server thread/INFO]: Un gato galáctico invocará un mob al azar en: 5
[23:29:05] [Server thread/INFO]: Un gato galáctico invocará un mob al azar en: 5
[23:29:05] [Server thread/INFO]: Un gato galáctico invocará un mob al azar en: 5
[23:29:05] [Server thread/INFO]: Un gato galáctico invocará un mob al azar en: 5
[23:29:05] [Async Chat Thread - #16/INFO]: <TTottaly_RED> jajajjaa
[23:29:05] [Server thread/INFO]: Un gato galáctico invocará un mob al azar en: 4
[23:29:05] [Server thread/INFO]: Un gato galáctico invocará un mob al azar en: 4
[23:29:05] [Server thread/INFO]: Un gato galáctico invocará un mob al azar en: 4
[23:29:05] [Server thread/INFO]: Un gato galáctico invocará un mob al azar en: 4
[23:29:05] [Server thread/INFO]: Un gato galáctico invocará un mob al azar en: 4
[23:29:05] [Server thread/INFO]: Un gato galáctico invocará un mob al azar en: 4
[23:29:05] [Server thread/INFO]: Un gato galáctico invocará un mob al azar en: 4
[23:29:05] [Server thread/INFO]: Un gato galáctico invocará un mob al azar en: 4
[23:29:05] [Server thread/INFO]: Un gato galáctico invocará un mob al azar en: 4
[23:29:05] [Server thread/INFO]: Un gato galáctico invocará un mob al azar en: 4
[23:29:05] [Server thread/INFO]: Un gato galáctico invocará un mob al azar en: 4
[23:29:05] [Server thread/INFO]: Un gato galáctico invocará un mob al azar en: 4
[23:29:05] [Server thread/INFO]: Un gato galáctico invocará un mob al azar en: 4
[23:29:05] [Server thread/INFO]: Un gato galáctico invocará un mob al azar en: 4
[23:29:05] [Server thread/INFO]: Un gato galáctico invocará un mob al azar en: 4
[23:29:05] [Server thread/INFO]: Un gato galáctico invocará un mob al azar en: 4
[23:29:05] [Server thread/INFO]: Un gato galáctico invocará un mob al azar en: 4
[23:29:05] [Server thread/INFO]: Un gato galáctico invocará un mob al azar en: 4
[23:29:05] [Server thread/INFO]: Un gato galáctico invocará un mob al azar en: 4
[23:29:05] [Server thread/INFO]: Un gato galáctico invocará un mob al azar en: 4
[23:29:05] [Server thread/INFO]: Un gato galáctico invocará un mob al azar en: 4
[23:29:05] [Server thread/INFO]: Un gato galáctico invocará un mob al azar en: 4
[23:29:05] [Server thread/INFO]: Un gato galáctico invocará un mob al azar en: 4
[23:29:05] [Server thread/INFO]: Un gato galáctico invocará un mob al azar en: 4
[23:29:05] [Server thread/INFO]: Un gato galáctico invocará un mob al azar en: 4
[23:29:05] [Server thread/INFO]: Un gato galáctico invocará un mob al azar en: 4
[23:29:05] [Server thread/INFO]: Un gato galáctico invocará un mob al azar en: 4
[23:29:05] [Server thread/INFO]: Un gato galáctico invocará un mob al azar en: 4
[23:29:05] [Server thread/INFO]: Un gato galáctico invocará un mob al azar en: 4
[23:29:05] [Server thread/INFO]: Un gato galáctico invocará un mob al azar en: 4
[23:29:05] [Server thread/INFO]: Un gato galáctico invocará un mob al azar en: 4
[23:29:05] [Server thread/INFO]: Un gato galáctico invocará un mob al azar en: 4
[23:29:05] [Server thread/INFO]: Un gato galáctico invocará un mob al azar en: 4
[23:29:05] [Server thread/INFO]: Un gato galáctico invocará un mob al azar en: 4
[23:29:05] [Server thread/INFO]: Un gato galáctico invocará un mob al azar en: 4
[23:29:05] [Server thread/INFO]: Un gato galáctico invocará un mob al azar en: 4
[23:29:05] [Server thread/INFO]: Un gato galáctico invocará un mob al azar en: 4
[23:29:05] [Server thread/INFO]: Un gato galáctico invocará un mob al azar en: 4
[23:29:05] [Server thread/INFO]: Un gato galáctico invocará un mob al azar en: 4
[23:29:05] [Server thread/INFO]: Un gato galáctico invocará un mob al azar en: 4
[23:29:05] [Server thread/INFO]: Un gato galáctico invocará un mob al azar en: 4
[23:29:05] [Server thread/INFO]: Un gato galáctico invocará un mob al azar en: 4
[23:29:05] [Server thread/INFO]: Un gato galáctico invocará un mob al azar en: 4
[23:29:05] [Server thread/INFO]: Un gato galáctico invocará un mob al azar en: 4
[23:29:05] [Server thread/INFO]: Un gato galáctico invocará un mob al azar en: 4
[23:29:05] [Server thread/INFO]: Un gato galáctico invocará un mob al azar en: 4
[23:29:05] [Server thread/INFO]: Un gato galáctico invocará un mob al azar en: 4
[23:29:05] [Server thread/INFO]: Un gato galáctico invocará un mob al azar en: 4
[23:29:05] [Server thread/INFO]: Un gato galáctico invocará un mob al azar en: 4
[23:29:05] [Server thread/INFO]: Un gato galáctico invocará un mob al azar en: 4
[23:29:05] [Server thread/INFO]: Un gato galáctico invocará un mob al azar en: 4
[23:29:05] [Server thread/INFO]: Un gato galáctico invocará un mob al azar en: 4
[23:29:05] [Server thread/INFO]: Un gato galáctico invocará un mob al azar en: 4
[23:29:05] [Server thread/INFO]: Un gato galáctico invocará un mob al azar en: 4
[23:29:05] [Server thread/INFO]: Un gato galáctico invocará un mob al azar en: 4
[23:29:05] [Server thread/INFO]: Un gato galáctico invocará un mob al azar en: 4
[23:29:05] [Server thread/INFO]: Un gato galáctico invocará un mob al azar en: 4
[23:29:05] [Server thread/INFO]: Un gato galáctico invocará un mob al azar en: 4
[23:29:05] [Server thread/INFO]: Un gato galáctico invocará un mob al azar en: 4
[23:29:05] [Server thread/INFO]: Un gato galáctico invocará un mob al azar en: 4
[23:29:05] [Server thread/INFO]: Un gato galáctico invocará un mob al azar en: 4
[23:29:05] [Server thread/INFO]: Un gato galáctico invocará un mob al azar en: 4
[23:29:05] [Server thread/INFO]: Un gato galáctico invocará un mob al azar en: 4
[23:29:05] [Server thread/INFO]: Un gato galáctico invocará un mob al azar en: 4
[23:29:05] [Server thread/INFO]: Un gato galáctico invocará un mob al azar en: 4
[23:29:05] [Server thread/INFO]: Un gato galáctico invocará un mob al azar en: 4
[23:29:05] [Server thread/INFO]: Un gato galáctico invocará un mob al azar en: 4
[23:29:05] [Server thread/INFO]: Un gato galáctico invocará un mob al azar en: 4
[23:29:05] [Server thread/INFO]: Un gato galáctico invocará un mob al azar en: 4
[23:29:05] [Server thread/INFO]: Un gato galáctico invocará un mob al azar en: 4
[23:29:05] [Server thread/INFO]: Un gato galáctico invocará un mob al azar en: 4
[23:29:05] [Server thread/INFO]: Un gato galáctico invocará un mob al azar en: 4
[23:29:05] [Server thread/INFO]: Un gato galáctico invocará un mob al azar en: 4
[23:29:05] [Server thread/INFO]: Un gato galáctico invocará un mob al azar en: 4
[23:29:05] [Server thread/INFO]: Un gato galáctico invocará un mob al azar en: 4
[23:29:05] [Server thread/INFO]: Un gato galáctico invocará un mob al azar en: 4
[23:29:05] [Server thread/INFO]: Un gato galáctico invocará un mob al azar en: 4
[23:29:05] [Server thread/INFO]: Un gato galáctico invocará un mob al azar en: 4
[23:29:05] [Server thread/INFO]: Un gato galáctico invocará un mob al azar en: 4
[23:29:05] [Server thread/INFO]: Un gato galáctico invocará un mob al azar en: 4
[23:29:05] [Server thread/INFO]: Un gato galáctico invocará un mob al azar en: 4
[23:29:05] [Server thread/INFO]: Un gato galáctico invocará un mob al azar en: 4
[23:29:05] [Server thread/INFO]: Un gato galáctico invocará un mob al azar en: 4
[23:29:05] [Server thread/INFO]: Un gato galáctico invocará un mob al azar en: 4
[23:29:05] [Server thread/INFO]: Un gato galáctico invocará un mob al azar en: 4
[23:29:05] [Server thread/INFO]: Un gato galáctico invocará un mob al azar en: 4
[23:29:05] [Server thread/INFO]: Un gato galáctico invocará un mob al azar en: 4
[23:29:05] [Server thread/INFO]: Un gato galáctico invocará un mob al azar en: 4
[23:29:05] [Server thread/INFO]: Un gato galáctico invocará un mob al azar en: 4
[23:29:05] [Server thread/INFO]: Un gato galáctico invocará un mob al azar en: 4
[23:29:05] [Server thread/INFO]: Un gato galáctico invocará un mob al azar en: 4
[23:29:05] [Server thread/INFO]: Un gato galáctico invocará un mob al azar en: 4
[23:29:05] [Server thread/INFO]: Un gato galáctico invocará un mob al azar en: 4
[23:29:05] [Server thread/INFO]: Un gato galáctico invocará un mob al azar en: 4
[23:29:05] [Server thread/INFO]: Un gato galáctico invocará un mob al azar en: 4
[23:29:05] [Server thread/INFO]: Un gato galáctico invocará un mob al azar en: 4
[23:29:05] [Server thread/INFO]: Un gato galáctico invocará un mob al azar en: 4
[23:29:05] [Server thread/INFO]: Un gato galáctico invocará un mob al azar en: 4
[23:29:05] [Server thread/INFO]: Un gato galáctico invocará un mob al azar en: 4
[23:29:05] [Server thread/INFO]: Un gato galáctico invocará un mob al azar en: 4
[23:29:05] [Server thread/INFO]: Un gato galáctico invocará un mob al azar en: 4
[23:29:05] [Server thread/INFO]: Un gato galáctico invocará un mob al azar en: 4
[23:29:05] [Server thread/INFO]: Un gato galáctico invocará un mob al azar en: 4
[23:29:05] [Server thread/INFO]: Un gato galáctico invocará un mob al azar en: 4
[23:29:05] [Server thread/INFO]: Un gato galáctico invocará un mob al azar en: 4
[23:29:05] [Server thread/INFO]: Un gato galáctico invocará un mob al azar en: 4
[23:29:05] [Server thread/INFO]: Un gato galáctico invocará un mob al azar en: 4
[23:29:05] [Server thread/INFO]: Un gato galáctico invocará un mob al azar en: 4
[23:29:05] [Server thread/INFO]: Un gato galáctico invocará un mob al azar en: 4
[23:29:05] [Server thread/INFO]: Un gato galáctico invocará un mob al azar en: 3
[23:29:05] [Server thread/INFO]: Un gato galáctico invocará un mob al azar en: 3
[23:29:05] [Server thread/INFO]: Un gato galáctico invocará un mob al azar en: 3
[23:29:05] [Server thread/INFO]: Un gato galáctico invocará un mob al azar en: 3
[23:29:05] [Server thread/INFO]: Un gato galáctico invocará un mob al azar en: 3
[23:29:05] [Server thread/INFO]: Un gato galáctico invocará un mob al azar en: 3
[23:29:05] [Server thread/INFO]: Un gato galáctico invocará un mob al azar en: 3
[23:29:05] [Server thread/INFO]: Un gato galáctico invocará un mob al azar en: 3
[23:29:05] [Server thread/INFO]: Un gato galáctico invocará un mob al azar en: 3
[23:29:05] [Server thread/INFO]: Un gato galáctico invocará un mob al azar en: 3
[23:29:05] [Server thread/INFO]: Un gato galáctico invocará un mob al azar en: 3
[23:29:05] [Server thread/INFO]: Un gato galáctico invocará un mob al azar en: 3
[23:29:05] [Server thread/INFO]: Un gato galáctico invocará un mob al azar en: 3
[23:29:05] [Server thread/INFO]: Un gato galáctico invocará un mob al azar en: 3
[23:29:05] [Server thread/INFO]: Un gato galáctico invocará un mob al azar en: 3
[23:29:05] [Server thread/INFO]: Un gato galáctico invocará un mob al azar en: 3
[23:29:05] [Server thread/INFO]: Un gato galáctico invocará un mob al azar en: 3
[23:29:05] [Server thread/INFO]: Un gato galáctico invocará un mob al azar en: 3
[23:29:05] [Server thread/INFO]: Un gato galáctico invocará un mob al azar en: 3
[23:29:05] [Server thread/INFO]: Un gato galáctico invocará un mob al azar en: 3
[23:29:05] [Server thread/INFO]: Un gato galáctico invocará un mob al azar en: 3
[23:29:05] [Server thread/INFO]: Un gato galáctico invocará un mob al azar en: 3
[23:29:05] [Server thread/INFO]: Un gato galáctico invocará un mob al azar en: 3
[23:29:05] [Server thread/INFO]: Un gato galáctico invocará un mob al azar en: 3
[23:29:05] [Server thread/INFO]: Un gato galáctico invocará un mob al azar en: 3
[23:29:05] [Server thread/INFO]: Un gato galáctico invocará un mob al azar en: 3
[23:29:05] [Server thread/INFO]: Un gato galáctico invocará un mob al azar en: 3
[23:29:05] [Server thread/INFO]: Un gato galáctico invocará un mob al azar en: 3
[23:29:05] [Server thread/INFO]: Un gato galáctico invocará un mob al azar en: 3
[23:29:05] [Server thread/INFO]: Un gato galáctico invocará un mob al azar en: 3
[23:29:05] [Server thread/INFO]: Un gato galáctico invocará un mob al azar en: 3
[23:29:05] [Server thread/INFO]: Un gato galáctico invocará un mob al azar en: 3
[23:29:05] [Server thread/INFO]: Un gato galáctico invocará un mob al azar en: 3
[23:29:05] [Server thread/INFO]: Un gato galáctico invocará un mob al azar en: 3
[23:29:05] [Server thread/INFO]: Un gato galáctico invocará un mob al azar en: 3
[23:29:05] [Server thread/INFO]: Un gato galáctico invocará un mob al azar en: 3
[23:29:05] [Server thread/INFO]: Un gato galáctico invocará un mob al azar en: 3
[23:29:05] [Server thread/INFO]: Un gato galáctico invocará un mob al azar en: 3
[23:29:05] [Server thread/INFO]: Un gato galáctico invocará un mob al azar en: 3
[23:29:05] [Server thread/INFO]: Un gato galáctico invocará un mob al azar en: 3
[23:29:05] [Server thread/INFO]: Un gato galáctico invocará un mob al azar en: 3
[23:29:05] [Server thread/INFO]: Un gato galáctico invocará un mob al azar en: 3
[23:29:05] [Server thread/INFO]: Un gato galáctico invocará un mob al azar en: 3
[23:29:05] [Server thread/INFO]: Un gato galáctico invocará un mob al azar en: 3
[23:29:05] [Server thread/INFO]: Un gato galáctico invocará un mob al azar en: 3
[23:29:05] [Server thread/INFO]: Un gato galáctico invocará un mob al azar en: 3
[23:29:05] [Server thread/INFO]: Un gato galáctico invocará un mob al azar en: 3
[23:29:05] [Server thread/INFO]: Un gato galáctico invocará un mob al azar en: 3
[23:29:05] [Server thread/INFO]: Un gato galáctico invocará un mob al azar en: 3
[23:29:05] [Server thread/INFO]: Un gato galáctico invocará un mob al azar en: 3
[23:29:05] [Server thread/INFO]: Un gato galáctico invocará un mob al azar en: 3
[23:29:05] [Server thread/INFO]: Un gato galáctico invocará un mob al azar en: 3
[23:29:05] [Server thread/INFO]: Un gato galáctico invocará un mob al azar en: 3
[23:29:05] [Server thread/INFO]: Un gato galáctico invocará un mob al azar en: 3
[23:29:05] [Server thread/INFO]: Un gato galáctico invocará un mob al azar en: 3
[23:29:05] [Server thread/INFO]: Un gato galáctico invocará un mob al azar en: 3
[23:29:05] [Server thread/INFO]: Un gato galáctico invocará un mob al azar en: 3
[23:29:05] [Server thread/INFO]: Un gato galáctico invocará un mob al azar en: 3
[23:29:05] [Server thread/INFO]: Un gato galáctico invocará un mob al azar en: 3
[23:29:05] [Server thread/INFO]: Un gato galáctico invocará un mob al azar en: 3
[23:29:05] [Server thread/INFO]: Un gato galáctico invocará un mob al azar en: 3
[23:29:05] [Server thread/INFO]: Un gato galáctico invocará un mob al azar en: 3
[23:29:05] [Server thread/INFO]: Un gato galáctico invocará un mob al azar en: 3
[23:29:05] [Server thread/INFO]: Un gato galáctico invocará un mob al azar en: 3
[23:29:05] [Server thread/INFO]: Un gato galáctico invocará un mob al azar en: 3
[23:29:05] [Server thread/INFO]: Un gato galáctico invocará un mob al azar en: 3
[23:29:05] [Server thread/INFO]: Un gato galáctico invocará un mob al azar en: 3
[23:29:05] [Server thread/INFO]: Un gato galáctico invocará un mob al azar en: 3
[23:29:05] [Server thread/INFO]: Un gato galáctico invocará un mob al azar en: 3
[23:29:05] [Server thread/INFO]: Un gato galáctico invocará un mob al azar en: 3
[23:29:05] [Server thread/INFO]: Un gato galáctico invocará un mob al azar en: 3
[23:29:05] [Server thread/INFO]: Un gato galáctico invocará un mob al azar en: 3
[23:29:05] [Server thread/INFO]: Un gato galáctico invocará un mob al azar en: 3
[23:29:05] [Server thread/INFO]: Un gato galáctico invocará un mob al azar en: 3
[23:29:05] [Server thread/INFO]: Un gato galáctico invocará un mob al azar en: 3
[23:29:05] [Server thread/INFO]: Un gato galáctico invocará un mob al azar en: 3
[23:29:05] [Server thread/INFO]: Un gato galáctico invocará un mob al azar en: 3
[23:29:05] [Server thread/INFO]: Un gato galáctico invocará un mob al azar en: 3
[23:29:05] [Server thread/INFO]: Un gato galáctico invocará un mob al azar en: 3
[23:29:05] [Server thread/INFO]: Un gato galáctico invocará un mob al azar en: 3
[23:29:05] [Server thread/INFO]: Un gato galáctico invocará un mob al azar en: 3
[23:29:05] [Server thread/INFO]: Un gato galáctico invocará un mob al azar en: 3
[23:29:05] [Server thread/INFO]: Un gato galáctico invocará un mob al azar en: 3
[23:29:05] [Server thread/INFO]: Un gato galáctico invocará un mob al azar en: 3
[23:29:05] [Server thread/INFO]: Un gato galáctico invocará un mob al azar en: 3
[23:29:05] [Server thread/INFO]: Un gato galáctico invocará un mob al azar en: 3
[23:29:05] [Server thread/INFO]: Un gato galáctico invocará un mob al azar en: 3
[23:29:05] [Server thread/INFO]: Un gato galáctico invocará un mob al azar en: 3
[23:29:05] [Server thread/INFO]: Un gato galáctico invocará un mob al azar en: 3
[23:29:05] [Server thread/INFO]: Un gato galáctico invocará un mob al azar en: 3
[23:29:05] [Server thread/INFO]: Un gato galáctico invocará un mob al azar en: 3
[23:29:05] [Server thread/INFO]: Un gato galáctico invocará un mob al azar en: 3
[23:29:05] [Server thread/INFO]: Un gato galáctico invocará un mob al azar en: 3
[23:29:05] [Server thread/INFO]: Un gato galáctico invocará un mob al azar en: 3
[23:29:05] [Server thread/INFO]: Un gato galáctico invocará un mob al azar en: 3
[23:29:05] [Server thread/INFO]: Un gato galáctico invocará un mob al azar en: 3
[23:29:05] [Server thread/INFO]: Un gato galáctico invocará un mob al azar en: 3
[23:29:05] [Server thread/INFO]: Un gato galáctico invocará un mob al azar en: 3
[23:29:05] [Server thread/INFO]: Un gato galáctico invocará un mob al azar en: 3
[23:29:05] [Server thread/INFO]: Un gato galáctico invocará un mob al azar en: 3
[23:29:05] [Server thread/INFO]: Un gato galáctico invocará un mob al azar en: 3
[23:29:05] [Server thread/INFO]: Un gato galáctico invocará un mob al azar en: 3
[23:29:05] [Server thread/INFO]: Un gato galáctico invocará un mob al azar en: 3
[23:29:05] [Server thread/INFO]: Un gato galáctico invocará un mob al azar en: 3
[23:29:05] [Server thread/INFO]: Un gato galáctico invocará un mob al azar en: 3
[23:29:05] [Server thread/INFO]: Un gato galáctico invocará un mob al azar en: 3
[23:29:05] [Server thread/INFO]: Un gato galáctico invocará un mob al azar en: 3
[23:29:05] [Server thread/INFO]: Un gato galáctico invocará un mob al azar en: 3
[23:29:05] [Server thread/INFO]: Un gato galáctico invocará un mob al azar en: 3
[23:29:06] [Server thread/INFO]: Un gato galáctico invocará un mob al azar en: 2
[23:29:06] [Server thread/INFO]: Un gato galáctico invocará un mob al azar en: 2
[23:29:06] [Server thread/INFO]: Un gato galáctico invocará un mob al azar en: 2
[23:29:06] [Server thread/INFO]: Un gato galáctico invocará un mob al azar en: 2
[23:29:06] [Server thread/INFO]: Un gato galáctico invocará un mob al azar en: 2
[23:29:06] [Server thread/INFO]: Un gato galáctico invocará un mob al azar en: 2
[23:29:06] [Server thread/INFO]: Un gato galáctico invocará un mob al azar en: 2
[23:29:06] [Server thread/INFO]: Un gato galáctico invocará un mob al azar en: 2
[23:29:06] [Server thread/INFO]: Un gato galáctico invocará un mob al azar en: 2
[23:29:06] [Server thread/INFO]: Un gato galáctico invocará un mob al azar en: 2
[23:29:06] [Server thread/INFO]: Un gato galáctico invocará un mob al azar en: 2
[23:29:06] [Server thread/INFO]: Un gato galáctico invocará un mob al azar en: 2
[23:29:06] [Server thread/INFO]: Un gato galáctico invocará un mob al azar en: 2
[23:29:06] [Server thread/INFO]: Un gato galáctico invocará un mob al azar en: 2
[23:29:06] [Server thread/INFO]: Un gato galáctico invocará un mob al azar en: 2
[23:29:06] [Server thread/INFO]: Un gato galáctico invocará un mob al azar en: 2
[23:29:06] [Server thread/INFO]: Un gato galáctico invocará un mob al azar en: 2
[23:29:06] [Server thread/INFO]: Un gato galáctico invocará un mob al azar en: 2
[23:29:06] [Server thread/INFO]: Un gato galáctico invocará un mob al azar en: 2
[23:29:06] [Server thread/INFO]: Un gato galáctico invocará un mob al azar en: 2
[23:29:06] [Server thread/INFO]: Un gato galáctico invocará un mob al azar en: 2
[23:29:06] [Server thread/INFO]: Un gato galáctico invocará un mob al azar en: 2
[23:29:06] [Server thread/INFO]: Un gato galáctico invocará un mob al azar en: 2
[23:29:06] [Server thread/INFO]: Un gato galáctico invocará un mob al azar en: 2
[23:29:06] [Server thread/INFO]: Un gato galáctico invocará un mob al azar en: 2
[23:29:06] [Server thread/INFO]: Un gato galáctico invocará un mob al azar en: 2
[23:29:06] [Server thread/INFO]: Un gato galáctico invocará un mob al azar en: 2
[23:29:06] [Server thread/INFO]: Un gato galáctico invocará un mob al azar en: 2
[23:29:06] [Server thread/INFO]: Un gato galáctico invocará un mob al azar en: 2
[23:29:06] [Server thread/INFO]: Un gato galáctico invocará un mob al azar en: 2
[23:29:06] [Server thread/INFO]: Un gato galáctico invocará un mob al azar en: 2
[23:29:06] [Server thread/INFO]: Un gato galáctico invocará un mob al azar en: 2
[23:29:06] [Server thread/INFO]: Un gato galáctico invocará un mob al azar en: 2
[23:29:06] [Server thread/INFO]: Un gato galáctico invocará un mob al azar en: 2
[23:29:06] [Server thread/INFO]: Un gato galáctico invocará un mob al azar en: 2
[23:29:06] [Server thread/INFO]: Un gato galáctico invocará un mob al azar en: 2
[23:29:06] [Server thread/INFO]: Un gato galáctico invocará un mob al azar en: 2
[23:29:06] [Server thread/INFO]: Un gato galáctico invocará un mob al azar en: 2
[23:29:06] [Server thread/INFO]: Un gato galáctico invocará un mob al azar en: 2
[23:29:06] [Server thread/INFO]: Un gato galáctico invocará un mob al azar en: 2
[23:29:06] [Server thread/INFO]: Un gato galáctico invocará un mob al azar en: 2
[23:29:06] [Server thread/INFO]: Un gato galáctico invocará un mob al azar en: 2
[23:29:06] [Server thread/INFO]: Un gato galáctico invocará un mob al azar en: 2
[23:29:06] [Server thread/INFO]: Un gato galáctico invocará un mob al azar en: 2
[23:29:06] [Server thread/INFO]: Un gato galáctico invocará un mob al azar en: 2
[23:29:06] [Server thread/INFO]: Un gato galáctico invocará un mob al azar en: 2
[23:29:06] [Server thread/INFO]: Un gato galáctico invocará un mob al azar en: 2
[23:29:06] [Server thread/INFO]: Un gato galáctico invocará un mob al azar en: 2
[23:29:06] [Server thread/INFO]: Un gato galáctico invocará un mob al azar en: 2
[23:29:06] [Server thread/INFO]: Un gato galáctico invocará un mob al azar en: 2
[23:29:06] [Server thread/INFO]: Un gato galáctico invocará un mob al azar en: 2
[23:29:06] [Server thread/INFO]: Un gato galáctico invocará un mob al azar en: 2
[23:29:06] [Server thread/INFO]: Un gato galáctico invocará un mob al azar en: 2
[23:29:06] [Server thread/INFO]: Un gato galáctico invocará un mob al azar en: 2
[23:29:06] [Server thread/INFO]: Un gato galáctico invocará un mob al azar en: 2
[23:29:06] [Server thread/INFO]: Un gato galáctico invocará un mob al azar en: 2
[23:29:06] [Server thread/INFO]: Un gato galáctico invocará un mob al azar en: 2
[23:29:06] [Server thread/INFO]: Un gato galáctico invocará un mob al azar en: 2
[23:29:06] [Server thread/INFO]: Un gato galáctico invocará un mob al azar en: 2
[23:29:06] [Server thread/INFO]: Un gato galáctico invocará un mob al azar en: 2
[23:29:06] [Server thread/INFO]: Un gato galáctico invocará un mob al azar en: 2
[23:29:06] [Server thread/INFO]: Un gato galáctico invocará un mob al azar en: 2
[23:29:06] [Server thread/INFO]: Un gato galáctico invocará un mob al azar en: 2
[23:29:06] [Server thread/INFO]: Un gato galáctico invocará un mob al azar en: 2
[23:29:06] [Server thread/INFO]: Un gato galáctico invocará un mob al azar en: 2
[23:29:06] [Server thread/INFO]: Un gato galáctico invocará un mob al azar en: 2
[23:29:06] [Server thread/INFO]: Un gato galáctico invocará un mob al azar en: 2
[23:29:06] [Server thread/INFO]: Un gato galáctico invocará un mob al azar en: 2
[23:29:06] [Server thread/INFO]: Un gato galáctico invocará un mob al azar en: 2
[23:29:06] [Server thread/INFO]: Un gato galáctico invocará un mob al azar en: 2
[23:29:06] [Server thread/INFO]: Un gato galáctico invocará un mob al azar en: 2
[23:29:06] [Server thread/INFO]: Un gato galáctico invocará un mob al azar en: 2
[23:29:06] [Server thread/INFO]: Un gato galáctico invocará un mob al azar en: 2
[23:29:06] [Server thread/INFO]: Un gato galáctico invocará un mob al azar en: 2
[23:29:06] [Server thread/INFO]: Un gato galáctico invocará un mob al azar en: 2
[23:29:06] [Server thread/INFO]: Un gato galáctico invocará un mob al azar en: 2
[23:29:06] [Server thread/INFO]: Un gato galáctico invocará un mob al azar en: 2
[23:29:06] [Server thread/INFO]: Un gato galáctico invocará un mob al azar en: 2
[23:29:06] [Server thread/INFO]: Un gato galáctico invocará un mob al azar en: 2
[23:29:06] [Server thread/INFO]: Un gato galáctico invocará un mob al azar en: 2
[23:29:06] [Server thread/INFO]: Un gato galáctico invocará un mob al azar en: 2
[23:29:06] [Server thread/INFO]: Un gato galáctico invocará un mob al azar en: 2
[23:29:06] [Server thread/INFO]: Un gato galáctico invocará un mob al azar en: 2
[23:29:06] [Server thread/INFO]: Un gato galáctico invocará un mob al azar en: 2
[23:29:06] [Server thread/INFO]: Un gato galáctico invocará un mob al azar en: 2
[23:29:06] [Server thread/INFO]: Un gato galáctico invocará un mob al azar en: 2
[23:29:06] [Server thread/INFO]: Un gato galáctico invocará un mob al azar en: 2
[23:29:06] [Server thread/INFO]: Un gato galáctico invocará un mob al azar en: 2
[23:29:06] [Server thread/INFO]: Un gato galáctico invocará un mob al azar en: 2
[23:29:06] [Server thread/INFO]: Un gato galáctico invocará un mob al azar en: 2
[23:29:06] [Server thread/INFO]: Un gato galáctico invocará un mob al azar en: 2
[23:29:06] [Server thread/INFO]: Un gato galáctico invocará un mob al azar en: 2
[23:29:06] [Server thread/INFO]: Un gato galáctico invocará un mob al azar en: 2
[23:29:06] [Server thread/INFO]: Un gato galáctico invocará un mob al azar en: 2
[23:29:06] [Server thread/INFO]: Un gato galáctico invocará un mob al azar en: 2
[23:29:06] [Server thread/INFO]: Un gato galáctico invocará un mob al azar en: 2
[23:29:06] [Server thread/INFO]: Un gato galáctico invocará un mob al azar en: 2
[23:29:06] [Server thread/INFO]: Un gato galáctico invocará un mob al azar en: 2
[23:29:06] [Server thread/INFO]: Un gato galáctico invocará un mob al azar en: 2
[23:29:06] [Server thread/INFO]: Un gato galáctico invocará un mob al azar en: 2
[23:29:06] [Server thread/INFO]: Un gato galáctico invocará un mob al azar en: 2
[23:29:06] [Server thread/INFO]: Un gato galáctico invocará un mob al azar en: 2
[23:29:06] [Server thread/INFO]: Un gato galáctico invocará un mob al azar en: 2
[23:29:06] [Server thread/INFO]: Un gato galáctico invocará un mob al azar en: 2
[23:29:06] [Server thread/INFO]: Un gato galáctico invocará un mob al azar en: 2
[23:29:06] [Server thread/INFO]: Un gato galáctico invocará un mob al azar en: 2
[23:29:06] [Server thread/INFO]: Un gato galáctico invocará un mob al azar en: 2
[23:29:06] [Server thread/INFO]: Un gato galáctico invocará un mob al azar en: 2
[23:29:06] [Server thread/INFO]: Un gato galáctico invocará un mob al azar en: 2
[23:29:06] [Server thread/INFO]: La maldición de un Gato Galáctico ha comenzado en: -27, 47, 232
[23:29:06] [Server thread/INFO]: Un gato galáctico invocará un mob al azar en: 5
[23:29:06] [Server thread/INFO]: Un gato galáctico invocará un mob al azar en: 1
[23:29:06] [Server thread/INFO]: Un gato galáctico ha invicado un(a) Ender Ghast (-82.72353017108114, 63.0, 199.31766117794135
[23:29:06] [Server thread/INFO]: Un gato galáctico invocará un mob al azar en: 1
[23:29:06] [Server thread/INFO]: Un gato galáctico ha invicado un(a) Giga Phantom (-84.56671323008611, 63.0, 197.64325604297179
[23:29:06] [Server thread/INFO]: Un gato galáctico invocará un mob al azar en: 1
[23:29:06] [Server thread/INFO]: Un gato galáctico ha invicado un(a) Bruja Imposible (-83.66314487106827, 63.0, 199.42860019770376
[23:29:06] [Server thread/INFO]: Un gato galáctico invocará un mob al azar en: 1
[23:29:06] [Server thread/INFO]: Un gato galáctico ha invicado un(a) Permadeath Demon (-81.61364292789409, 63.0, 197.71325580760433
[23:29:06] [Server thread/INFO]: Un gato galáctico invocará un mob al azar en: 1
[23:29:06] [Server thread/INFO]: Un gato galáctico ha invicado un(a) Giga MagmaCube (-82.16123619273819, 63.0, 198.972260897644
[23:29:06] [Server thread/INFO]: Un gato galáctico invocará un mob al azar en: 1
[23:29:06] [Server thread/INFO]: Un gato galáctico ha invicado un(a) Gato Supernova (-83.80218589401983, 63.0, 195.88009089232588
[23:29:06] [Server thread/INFO]: Un gato galáctico invocará un mob al azar en: 1
[23:29:06] [Server thread/INFO]: Un gato galáctico ha invicado un(a) Silverfish de la Muerte (-83.14913993541727, 63.0, 198.79011147104268
[23:29:06] [Server thread/INFO]: Un gato galáctico invocará un mob al azar en: 1
[23:29:06] [Server thread/INFO]: Un gato galáctico ha invicado un(a) Pufferfish invulnerable (-85.04614167489802, 63.0, 197.1775234561035
[23:29:06] [Server thread/INFO]: Un gato galáctico invocará un mob al azar en: 1
[23:29:06] [Server thread/INFO]: Un gato galáctico ha invicado un(a) Gigante (-86.60026702946664, 63.02350624437751, 194.20354476300858
[23:29:06] [Server thread/INFO]: Un gato galáctico invocará un mob al azar en: 1
[23:29:06] [Server thread/INFO]: Un gato galáctico ha invicado un(a) Silverfish de la Muerte (-83.888395655274, 63.0, 198.41044799748778
[23:29:06] [Server thread/INFO]: Un gato galáctico invocará un mob al azar en: 1
[23:29:06] [Server thread/INFO]: Un gato galáctico ha invicado un(a) Wither Skeleton Emperador (-83.04225429532605, 63.0, 196.5663578876436
[23:29:06] [Server thread/INFO]: Un gato galáctico invocará un mob al azar en: 1
[23:29:06] [Server thread/INFO]: Un gato galáctico ha invicado un(a) Quantum Creeper (-88.50872969782253, 63.062660367052146, 195.19496831011284
[23:29:06] [Server thread/INFO]: Un gato galáctico invocará un mob al azar en: 1
[23:29:06] [Server thread/INFO]: Un gato galáctico ha invicado un(a) Pufferfish invulnerable (-89.61012987187937, 62.45061390624383, 194.31527715419176
[23:29:06] [Server thread/INFO]: Un gato galáctico invocará un mob al azar en: 1
[23:29:06] [Server thread/INFO]: Un gato galáctico ha invicado un(a) Shulker Tnt (-78.63722983918255, 62.8894683446829, 173.86677322271305
[23:29:06] [Server thread/INFO]: Un gato galáctico invocará un mob al azar en: 1
[23:29:06] [Server thread/INFO]: Un gato galáctico ha invicado un(a) Quantum Creeper (-70.07736237249475, 62.51206074854832, 178.45686742630062
[23:29:06] [Server thread/INFO]: Un gato galáctico invocará un mob al azar en: 1
[23:29:06] [Server thread/INFO]: Un gato galáctico ha invicado un(a) Araña con Efectos (-67.63334952183948, 62.96008955833682, 181.15868130407608
[23:29:06] [Server thread/INFO]: Un gato galáctico invocará un mob al azar en: 1
[23:29:06] [Server thread/INFO]: Un gato galáctico ha invicado un(a) Permadeath Demon (-75.19019232787201, 62.157003085531926, 199.15889394759128
[23:29:06] [Server thread/INFO]: Un gato galáctico invocará un mob al azar en: 1
[23:29:06] [Server thread/INFO]: Un gato galáctico ha invicado un(a) Ender Quantum Creeper (-74.40431297081493, 62.711974813468046, 194.40272768112575
[23:29:06] [Server thread/INFO]: Un gato galáctico invocará un mob al azar en: 1
[23:29:06] [Server thread/INFO]: Un gato galáctico ha invicado un(a) Araña con Efectos (-69.60154730623582, 63.0, 233.7739363428217
[23:29:06] [Server thread/INFO]: Un gato galáctico invocará un mob al azar en: 1
[23:29:06] [Server thread/INFO]: Un gato galáctico ha invicado un(a) Permadeath Demon (-65.31865964863056, 63.0, 238.62355159019975
[23:29:06] [Server thread/INFO]: Un gato galáctico invocará un mob al azar en: 1
[23:29:06] [Server thread/INFO]: Un gato galáctico ha invicado un(a) Giga Slime (-69.83805116853195, 63.0, 231.2043653954574
[23:29:06] [Server thread/INFO]: Un gato galáctico invocará un mob al azar en: 1
[23:29:06] [Server thread/INFO]: Un gato galáctico ha invicado un(a) Bruja Imposible (-56.358643556289316, 62.76586128547904, 172.2495850955199
[23:29:06] [Server thread/INFO]: Un gato galáctico invocará un mob al azar en: 1
[23:29:06] [Server thread/INFO]: Un gato galáctico ha invicado un(a) Esqueleto de Clase (-55.53364760525333, 62.64636331111945, 170.59245425269873
[23:29:06] [Server thread/INFO]: Un gato galáctico invocará un mob al azar en: 1
[23:29:06] [Server thread/INFO]: Un gato galáctico ha invicado un(a) Giga MagmaCube (-55.98921052459245, 62.15785549804473, 173.32676710832743
[23:29:06] [Server thread/INFO]: Un gato galáctico invocará un mob al azar en: 1
[23:29:06] [Server thread/INFO]: Un gato galáctico ha invicado un(a) Araña con Efectos (-57.258949174155276, 62.56250135260813, 174.61993946747364
[23:29:06] [Server thread/INFO]: Un gato galáctico invocará un mob al azar en: 1
[23:29:06] [Server thread/INFO]: Un gato galáctico ha invicado un(a) Giga MagmaCube (-50.12335164222072, 63.124567015412175, 191.14978027006995
[23:29:06] [Server thread/INFO]: Un gato galáctico invocará un mob al azar en: 1
[23:29:06] [Server thread/INFO]: Un gato galáctico ha invicado un(a) Ultra Ravager (-50.84700789885295, 62.84905840509175, 191.30457413120334
[23:29:06] [Server thread/INFO]: Un gato galáctico invocará un mob al azar en: 1
[23:29:06] [Server thread/INFO]: Un gato galáctico ha invicado un(a) Esqueleto de Clase (-49.58545674011517, 62.39035653672799, 190.5134138577807
[23:29:06] [Server thread/INFO]: Un gato galáctico invocará un mob al azar en: 1
[23:29:06] [Server thread/INFO]: Un gato galáctico ha invicado un(a) Ultra Ravager (-50.69899375117388, 62.06395475556554, 190.3887319571514
[23:29:06] [Server thread/INFO]: Un gato galáctico invocará un mob al azar en: 1
[23:29:06] [Server thread/INFO]: Un gato galáctico ha invicado un(a) Gato Supernova (-56.16123372035958, 63.0936480663193, 190.0572622578904
[23:29:06] [Server thread/INFO]: Un gato galáctico invocará un mob al azar en: 1
[23:29:06] [Server thread/INFO]: Un gato galáctico ha invicado un(a) Pufferfish invulnerable (-59.85161267064139, 62.75017791811455, 181.05766949570787
[23:29:06] [Server thread/INFO]: Un gato galáctico invocará un mob al azar en: 1
[23:29:06] [Server thread/INFO]: Un gato galáctico ha invicado un(a) Giga Slime (-52.16750138434116, 62.342966440430956, 187.5636881437098
[23:29:06] [Server thread/INFO]: Un gato galáctico invocará un mob al azar en: 1
[23:29:06] [Server thread/INFO]: Un gato galáctico ha invicado un(a) Shulker Tnt (-50.90225072944188, 62.95732462111998, 188.02575101935645
[23:29:06] [Server thread/INFO]: Un gato galáctico invocará un mob al azar en: 1
[23:29:06] [Server thread/WARN]: [Permadeath] Task #264274 for Permadeath v1.3 generated an exception
java.lang.NullPointerException: null
	at tech.sebazcrc.permadeath.nms.v1_16_R3.NMSHandlerImpl.spawnNMSEntity(NMSHandlerImpl.java:326) ~[?:?]
	at tech.sebazcrc.permadeath.task.GatoGalacticoTask.run(GatoGalacticoTask.java:150) ~[?:?]
	at org.bukkit.craftbukkit.v1_16_R3.scheduler.CraftTask.run(CraftTask.java:101) ~[patched_1.16.5.jar:git-Paper-794]
	at org.bukkit.craftbukkit.v1_16_R3.scheduler.CraftScheduler.mainThreadHeartbeat(CraftScheduler.java:485) ~[patched_1.16.5.jar:git-Paper-794]
	at net.minecraft.server.v1_16_R3.MinecraftServer.b(MinecraftServer.java:1432) ~[patched_1.16.5.jar:git-Paper-794]
	at net.minecraft.server.v1_16_R3.DedicatedServer.b(DedicatedServer.java:436) ~[patched_1.16.5.jar:git-Paper-794]
	at net.minecraft.server.v1_16_R3.MinecraftServer.a(MinecraftServer.java:1347) ~[patched_1.16.5.jar:git-Paper-794]
	at net.minecraft.server.v1_16_R3.MinecraftServer.w(MinecraftServer.java:1135) ~[patched_1.16.5.jar:git-Paper-794]
	at net.minecraft.server.v1_16_R3.MinecraftServer.lambda$a$0(MinecraftServer.java:291) ~[patched_1.16.5.jar:git-Paper-794]
	at java.lang.Thread.run(Thread.java:829) [?:?]
[23:29:06] [Server thread/INFO]: Un gato galáctico invocará un mob al azar en: 1
[23:29:06] [Server thread/INFO]: Un gato galáctico ha invicado un(a) Araña con Efectos (-48.334385650676474, 62.908629801251735, 189.95166685495892
[23:29:06] [Server thread/INFO]: Un gato galáctico invocará un mob al azar en: 1
[23:29:06] [Server thread/INFO]: Un gato galáctico ha invicado un(a) Endermite Misterioso (-54.247725292632076, 62.928862844381975, 196.90493005348924
[23:29:06] [Server thread/INFO]: Un gato galáctico invocará un mob al azar en: 1
[23:29:06] [Server thread/INFO]: Un gato galáctico ha invicado un(a) Giga Phantom (-53.29622849486429, 62.49840033136728, 194.9249337305302
[23:29:06] [Server thread/INFO]: Un gato galáctico invocará un mob al azar en: 1
[23:29:06] [Server thread/INFO]: Un gato galáctico ha invicado un(a) Silverfish de la Muerte (-52.548771974068465, 62.34401824552701, 199.73091115246126
[23:29:06] [Server thread/INFO]: Un gato galáctico invocará un mob al azar en: 1
[23:29:06] [Server thread/INFO]: Un gato galáctico ha invicado un(a) Permadeath Demon (-49.39947363307375, 62.78374800015226, 195.2142471917255
[23:29:06] [Server thread/INFO]: Un gato galáctico invocará un mob al azar en: 1
[23:29:06] [Server thread/INFO]: Un gato galáctico ha invicado un(a) Giga Phantom (-49.14311221839335, 62.20151962452535, 197.2101579076762
[23:29:06] [Server thread/INFO]: Un gato galáctico invocará un mob al azar en: 1
[23:29:06] [Server thread/INFO]: Un gato galáctico ha invicado un(a) Bruja Imposible (-48.07524377187432, 62.63706262773246, 193.9910230420135
[23:29:06] [Server thread/INFO]: Un gato galáctico invocará un mob al azar en: 1
[23:29:06] [Server thread/INFO]: Un gato galáctico ha invicado un(a) Gato Supernova (-53.90741726294252, 62.93970004262556, 195.16353154254492
[23:29:06] [Server thread/INFO]: Un gato galáctico invocará un mob al azar en: 1
[23:29:06] [Server thread/INFO]: Un gato galáctico ha invicado un(a) Ender Quantum Creeper (-49.72833719970152, 62.516914458279935, 198.93688341737882
[23:29:06] [Server thread/INFO]: Un gato galáctico invocará un mob al azar en: 1
[23:29:06] [Server thread/INFO]: Un gato galáctico ha invicado un(a) Endermite Misterioso (-63.20972934546397, 62.43329535545835, 199.31386982037063
[23:29:06] [Server thread/INFO]: Un gato galáctico invocará un mob al azar en: 1
[23:29:06] [Server thread/INFO]: Un gato galáctico ha invicado un(a) Silverfish de la Muerte (-51.603435708185636, 63.0, 222.50882528392327
[23:29:06] [Server thread/INFO]: Un gato galáctico invocará un mob al azar en: 1
[23:29:06] [Server thread/INFO]: Un gato galáctico ha invicado un(a) Ultra Ravager (-49.903996664674985, 64.0, 223.08658633978342
[23:29:06] [Server thread/INFO]: Un gato galáctico invocará un mob al azar en: 1
[23:29:06] [Server thread/INFO]: Un gato galáctico ha invicado un(a) Giga Phantom (-48.78265324832427, 64.0, 222.4252275939897
[23:29:06] [Server thread/INFO]: Un gato galáctico invocará un mob al azar en: 1
[23:29:06] [Server thread/INFO]: Un gato galáctico ha invicado un(a) Wither Skeleton Emperador (-50.69777885303698, 64.0, 222.36693646053993
[23:29:06] [Server thread/INFO]: Un gato galáctico invocará un mob al azar en: 1
[23:29:06] [Server thread/INFO]: Un gato galáctico ha invicado un(a) Ghast Demoníaco (-48.177035762324934, 64.0, 221.81070340759527
[23:29:06] [Server thread/INFO]: Un gato galáctico invocará un mob al azar en: 1
[23:29:06] [Server thread/INFO]: Un gato galáctico ha invicado un(a) Shulker Tnt (-55.87192333288586, 63.0, 225.19201969006176
[23:29:06] [Server thread/INFO]: Un gato galáctico invocará un mob al azar en: 1
[23:29:06] [Server thread/INFO]: Un gato galáctico ha invicado un(a) Giga MagmaCube (-53.71423901143224, 64.0, 226.06915236481228
[23:29:06] [Server thread/INFO]: Un gato galáctico invocará un mob al azar en: 1
[23:29:06] [Server thread/INFO]: Un gato galáctico ha invicado un(a) Gigante (-54.10234287952471, 64.0, 229.7848246707326
[23:29:06] [Server thread/INFO]: Un gato galáctico invocará un mob al azar en: 1
[23:29:06] [Server thread/INFO]: Un gato galáctico ha invicado un(a) Araña con Efectos (-50.11358826187328, 64.0, 230.09632775191056
[23:29:06] [Server thread/INFO]: Un gato galáctico invocará un mob al azar en: 1
[23:29:06] [Server thread/INFO]: Un gato galáctico ha invicado un(a) Shulker Tnt (-62.0183905837844, 64.0, 238.808269224721
[23:29:06] [Server thread/INFO]: Un gato galáctico invocará un mob al azar en: 1
[23:29:06] [Server thread/INFO]: Un gato galáctico ha invicado un(a) Shulker Tnt (-60.94143006662491, 64.0, 236.4786540079401
[23:29:06] [Server thread/INFO]: Un gato galáctico invocará un mob al azar en: 1
[23:29:06] [Server thread/INFO]: Un gato galáctico ha invicado un(a) Ender Quantum Creeper (-53.16050328168245, 64.0, 226.20733156722395
[23:29:06] [Server thread/INFO]: Un gato galáctico invocará un mob al azar en: 1
[23:29:06] [Server thread/INFO]: Un gato galáctico ha invicado un(a) Ghast Demoníaco (-54.31981917376755, 64.0, 234.09320789223
[23:29:06] [Server thread/INFO]: Un gato galáctico invocará un mob al azar en: 1
[23:29:06] [Server thread/INFO]: Un gato galáctico ha invicado un(a) Quantum Creeper (-54.96292945792602, 64.0, 229.0606098189421
[23:29:06] [Server thread/INFO]: Un gato galáctico invocará un mob al azar en: 1
[23:29:06] [Server thread/INFO]: Un gato galáctico ha invicado un(a) Permadeath Demon (-61.38910080770145, 64.0, 238.4873759583276
[23:29:06] [Server thread/INFO]: Un gato galáctico invocará un mob al azar en: 1
[23:29:06] [Server thread/INFO]: Un gato galáctico ha invicado un(a) Wither Skeleton Emperador (-62.65788320652808, 64.0, 243.51086739732833
[23:29:06] [Server thread/INFO]: Un gato galáctico invocará un mob al azar en: 1
[23:29:06] [Server thread/INFO]: Un gato galáctico ha invicado un(a) Silverfish de la Muerte (-39.232428034686734, 62.87430965403662, 190.75222868658793
[23:29:06] [Server thread/INFO]: Un gato galáctico invocará un mob al azar en: 1
[23:29:06] [Server thread/INFO]: Un gato galáctico ha invicado un(a) Silverfish de la Muerte (-42.25609808120638, 62.40348849047053, 191.83821533678017
[23:29:06] [Server thread/INFO]: Un gato galáctico invocará un mob al azar en: 1
[23:29:06] [Server thread/INFO]: Un gato galáctico ha invicado un(a) Silverfish de la Muerte (-45.25905323990241, 62.94476434210879, 191.43133356888893
[23:29:06] [Server thread/INFO]: Un gato galáctico invocará un mob al azar en: 1
[23:29:06] [Server thread/INFO]: Un gato galáctico ha invicado un(a) Quantum Creeper (-41.76256872006036, 62.483669205068054, 191.11646982161847
[23:29:06] [Server thread/INFO]: Un gato galáctico invocará un mob al azar en: 1
[23:29:06] [Server thread/INFO]: Un gato galáctico ha invicado un(a) Shulker Tnt (-46.308507255914094, 63.00669460271428, 191.16281078130572
[23:29:06] [Server thread/INFO]: Un gato galáctico invocará un mob al azar en: 1
[23:29:06] [Server thread/INFO]: Un gato galáctico ha invicado un(a) Pufferfish invulnerable (-40.36463403050002, 62.026624103417994, 191.03863553475753
[23:29:06] [Server thread/INFO]: Un gato galáctico invocará un mob al azar en: 1
[23:29:06] [Server thread/INFO]: Un gato galáctico ha invicado un(a) Esqueleto de Clase (-43.78342691990269, 62.78481363709553, 191.6695357007551
[23:29:06] [Server thread/INFO]: Un gato galáctico invocará un mob al azar en: 1
[23:29:06] [Server thread/INFO]: Un gato galáctico ha invicado un(a) Giga Phantom (-41.291901717122094, 62.976735326886164, 191.89816951102765
[23:29:06] [Server thread/INFO]: Un gato galáctico invocará un mob al azar en: 1
[23:29:06] [Server thread/INFO]: Un gato galáctico ha invicado un(a) Ultra Ravager (-39.767890548597, 62.614390997799426, 191.56043445820876
[23:29:06] [Server thread/INFO]: Un gato galáctico invocará un mob al azar en: 1
[23:29:06] [Server thread/INFO]: Un gato galáctico ha invicado un(a) Esqueleto de Clase (-42.22619208468472, 62.76630957013823, 192.88991624045718
[23:29:06] [Server thread/INFO]: Un gato galáctico invocará un mob al azar en: 1
[23:29:06] [Server thread/INFO]: Un gato galáctico ha invicado un(a) Demonio Flotante (-41.381435537224434, 62.658638794650585, 192.4215460373554
[23:29:06] [Server thread/INFO]: Un gato galáctico invocará un mob al azar en: 1
[23:29:06] [Server thread/INFO]: Un gato galáctico ha invicado un(a) Bruja Imposible (-40.61415795202891, 63.051993671171154, 195.87386802546467
[23:29:06] [Server thread/INFO]: Un gato galáctico invocará un mob al azar en: 1
[23:29:06] [Server thread/INFO]: Un gato galáctico ha invicado un(a) Endermite Misterioso (-40.71629452477712, 62.372869323501035, 199.8546328161157
[23:29:06] [Server thread/INFO]: Un gato galáctico invocará un mob al azar en: 1
[23:29:06] [Server thread/INFO]: Un gato galáctico ha invicado un(a) Gato Supernova (-41.533910144863356, 63.07371796291512, 195.44622512642573
[23:29:06] [Server thread/INFO]: Un gato galáctico invocará un mob al azar en: 1
[23:29:06] [Server thread/INFO]: Un gato galáctico ha invicado un(a) Demonio Flotante (-41.36385137514158, 62.92849097379879, 194.40858968591073
[23:29:06] [Server thread/INFO]: Un gato galáctico invocará un mob al azar en: 1
[23:29:06] [Server thread/INFO]: Un gato galáctico ha invicado un(a) Endermite Misterioso (-40.25064170362406, 62.40936199227588, 198.8845467326511
[23:29:06] [Server thread/INFO]: Un gato galáctico invocará un mob al azar en: 1
[23:29:06] [Server thread/INFO]: Un gato galáctico ha invicado un(a) Ultra Ravager (-40.39054238609432, 62.9327911467975, 194.86366667966544
[23:29:06] [Server thread/INFO]: Un gato galáctico invocará un mob al azar en: 1
[23:29:06] [Server thread/INFO]: Un gato galáctico ha invicado un(a) Giga Slime (-40.14572766815699, 62.75128605145656, 193.98778967673465
[23:29:06] [Server thread/INFO]: Un gato galáctico invocará un mob al azar en: 1
[23:29:06] [Server thread/INFO]: Un gato galáctico ha invicado un(a) Ender Quantum Creeper (-43.86048590496457, 62.839765040113704, 194.93868230528108
[23:29:06] [Server thread/INFO]: Un gato galáctico invocará un mob al azar en: 1
[23:29:06] [Server thread/INFO]: Un gato galáctico ha invicado un(a) Esqueleto de Clase (-46.69278866004014, 62.71498901473623, 196.6826410774303
[23:29:06] [Server thread/INFO]: Un gato galáctico invocará un mob al azar en: 1
[23:29:06] [Server thread/INFO]: Un gato galáctico ha invicado un(a) Permadeath Demon (-44.520017261694015, 62.73614051193484, 192.06666395470253
[23:29:06] [Server thread/INFO]: Un gato galáctico invocará un mob al azar en: 1
[23:29:06] [Server thread/INFO]: Un gato galáctico ha invicado un(a) Giga Slime (-47.17976783715674, 62.92504459202013, 197.64239835488763
[23:29:06] [Server thread/INFO]: Un gato galáctico invocará un mob al azar en: 1
[23:29:06] [Server thread/INFO]: Un gato galáctico ha invicado un(a) Wither Skeleton Emperador (-46.53287063624879, 62.20191463306476, 195.6340292141802
[23:29:06] [Server thread/INFO]: Un gato galáctico invocará un mob al azar en: 1
[23:29:06] [Server thread/WARN]: [Permadeath] Task #264324 for Permadeath v1.3 generated an exception
java.lang.NullPointerException: null
	at tech.sebazcrc.permadeath.nms.v1_16_R3.NMSHandlerImpl.spawnNMSEntity(NMSHandlerImpl.java:326) ~[?:?]
	at tech.sebazcrc.permadeath.task.GatoGalacticoTask.run(GatoGalacticoTask.java:150) ~[?:?]
	at org.bukkit.craftbukkit.v1_16_R3.scheduler.CraftTask.run(CraftTask.java:101) ~[patched_1.16.5.jar:git-Paper-794]
	at org.bukkit.craftbukkit.v1_16_R3.scheduler.CraftScheduler.mainThreadHeartbeat(CraftScheduler.java:485) ~[patched_1.16.5.jar:git-Paper-794]
	at net.minecraft.server.v1_16_R3.MinecraftServer.b(MinecraftServer.java:1432) ~[patched_1.16.5.jar:git-Paper-794]
	at net.minecraft.server.v1_16_R3.DedicatedServer.b(DedicatedServer.java:436) ~[patched_1.16.5.jar:git-Paper-794]
	at net.minecraft.server.v1_16_R3.MinecraftServer.a(MinecraftServer.java:1347) ~[patched_1.16.5.jar:git-Paper-794]
	at net.minecraft.server.v1_16_R3.MinecraftServer.w(MinecraftServer.java:1135) ~[patched_1.16.5.jar:git-Paper-794]
	at net.minecraft.server.v1_16_R3.MinecraftServer.lambda$a$0(MinecraftServer.java:291) ~[patched_1.16.5.jar:git-Paper-794]
	at java.lang.Thread.run(Thread.java:829) [?:?]
[23:29:06] [Server thread/INFO]: Un gato galáctico invocará un mob al azar en: 1
[23:29:06] [Server thread/INFO]: Un gato galáctico ha invicado un(a) Ultra Ravager (-47.808814558523586, 62.62949021535419, 201.4493113883955
[23:29:06] [Server thread/INFO]: Un gato galáctico invocará un mob al azar en: 1
[23:29:06] [Server thread/INFO]: Un gato galáctico ha invicado un(a) Permadeath Demon (-46.38380116457362, 62.67385899110743, 200.93821657145827
[23:29:06] [Server thread/INFO]: Un gato galáctico invocará un mob al azar en: 1
[23:29:06] [Server thread/INFO]: Un gato galáctico ha invicado un(a) Pufferfish invulnerable (-45.55299724596868, 62.50102536302337, 203.4782056493339
[23:29:06] [Server thread/INFO]: Un gato galáctico invocará un mob al azar en: 1
[23:29:06] [Server thread/INFO]: Un gato galáctico ha invicado un(a) Pufferfish invulnerable (-43.13382590166192, 62.92274339861089, 193.30588646823352
[23:29:06] [Server thread/INFO]: Un gato galáctico invocará un mob al azar en: 1
[23:29:06] [Server thread/INFO]: Un gato galáctico ha invicado un(a) Silverfish de la Muerte (-44.23344459849496, 62.752657098979384, 198.11237675234088
[23:29:06] [Server thread/INFO]: Un gato galáctico invocará un mob al azar en: 1
[23:29:06] [Server thread/INFO]: Un gato galáctico ha invicado un(a) Permadeath Demon (-40.21288421778891, 62.08664135081048, 193.29421153792035
[23:29:06] [Server thread/INFO]: Un gato galáctico invocará un mob al azar en: 1
[23:29:06] [Server thread/INFO]: Un gato galáctico ha invicado un(a) Bruja Imposible (-43.56238868788585, 63.0, 220.13898156427945
[23:29:06] [Server thread/INFO]: Un gato galáctico invocará un mob al azar en: 1
[23:29:06] [Server thread/INFO]: Un gato galáctico ha invicado un(a) Araña con Efectos (-41.73786271350944, 63.0, 215.11798279837868
[23:29:06] [Server thread/INFO]: Un gato galáctico invocará un mob al azar en: 1
[23:29:06] [Server thread/INFO]: Un gato galáctico ha invicado un(a) Ender Quantum Creeper (-44.7666102183107, 62.28139393770262, 212.18910503289592
[23:29:06] [Server thread/INFO]: Un gato galáctico invocará un mob al azar en: 1
[23:29:06] [Server thread/INFO]: Un gato galáctico ha invicado un(a) Permadeath Demon (-46.737013495771706, 64.24918707874468, 220.01763774618965
[23:29:06] [Server thread/INFO]: Un gato galáctico invocará un mob al azar en: 1
[23:29:06] [Server thread/INFO]: Un gato galáctico ha invicado un(a) Giga Phantom (-39.61771960984887, 64.0, 238.6663030403639
[23:29:06] [Server thread/INFO]: Un gato galáctico invocará un mob al azar en: 1
[23:29:06] [Server thread/INFO]: Un gato galáctico ha invicado un(a) Ultra Ravager (-18.722065728134567, 62.39318623406809, 206.10270879874906
[23:29:06] [Server thread/INFO]: Un gato galáctico invocará un mob al azar en: 1
[23:29:06] [Server thread/INFO]: Un gato galáctico ha invicado un(a) Ender Ghast (-26.584800025622915, 61.0, 220.59759706139093
[23:29:06] [Server thread/INFO]: Un gato galáctico invocará un mob al azar en: 1
[23:29:06] [Server thread/INFO]: Un gato galáctico ha invicado un(a) Quantum Creeper (-26.360082595712637, 61.0, 219.83893705648492
[23:29:06] [Server thread/INFO]: Un gato galáctico invocará un mob al azar en: 1
[23:29:06] [Server thread/INFO]: Un gato galáctico ha invicado un(a) Endermite Misterioso (-27.18270614104638, 62.74980775391401, 212.01955908083764
[23:29:06] [Server thread/INFO]: Un gato galáctico invocará un mob al azar en: 1
[23:29:06] [Server thread/INFO]: Un gato galáctico ha invicado un(a) Ultra Ravager (-22.555149805281765, 62.19827496957817, 217.1146256540358
[23:29:06] [Server thread/INFO]: Un gato galáctico invocará un mob al azar en: 1
[23:29:06] [Server thread/INFO]: Un gato galáctico ha invicado un(a) Ultra Ravager (-25.363910193524262, 62.335976465868804, 210.8356486311071
[23:29:06] [Server thread/INFO]: Un gato galáctico invocará un mob al azar en: 1
[23:29:06] [Server thread/INFO]: Un gato galáctico ha invicado un(a) Wither Skeleton Emperador (-25.847934201962854, 61.54680145568538, 219.24721562814042
[23:29:06] [Server thread/INFO]: Un gato galáctico invocará un mob al azar en: 1
[23:29:06] [Server thread/INFO]: Un gato galáctico ha invicado un(a) Shulker Tnt (-21.150000005960464, 46.650000005960464, 237.1541601928434
[23:29:06] [Server thread/INFO]: Un gato galáctico invocará un mob al azar en: 1
[23:29:06] [Server thread/INFO]: Un gato galáctico ha invicado un(a) Silverfish de la Muerte (-2.4182124598781503, 63.00192604454646, 189.7224315784123
[23:29:06] [Server thread/INFO]: Un gato galáctico invocará un mob al azar en: 1
[23:29:06] [Server thread/INFO]: Un gato galáctico ha invicado un(a) Giga Phantom (-15.984336797104358, 62.55091153441183, 210.77690967231956
[23:29:06] [Server thread/INFO]: Un gato galáctico invocará un mob al azar en: 1
[23:29:06] [Server thread/INFO]: Un gato galáctico ha invicado un(a) Quantum Creeper (15.507499218609075, 72.0, 224.40613641000658
[23:29:06] [Server thread/INFO]: Un gato galáctico invocará un mob al azar en: 1
[23:29:06] [Server thread/INFO]: Un gato galáctico ha invicado un(a) Gigante (11.397484159335754, 69.18339999681712, 249.52141421024348
[23:29:06] [Server thread/INFO]: Un gato galáctico invocará un mob al azar en: 1
[23:29:06] [Server thread/INFO]: Un gato galáctico ha invicado un(a) Gato Supernova (5.499767527371272, 69.0, 256.69999998807907
[23:29:06] [Server thread/INFO]: Un gato galáctico invocará un mob al azar en: 1
[23:29:06] [Server thread/INFO]: Un gato galáctico ha invicado un(a) Endermite Misterioso (57.20122863342463, 62.24928634039609, 147.44939947886746
[23:29:06] [Server thread/INFO]: La maldición de un Gato Galáctico ha comenzado en: -64, 64, 243
[23:29:06] [Server thread/INFO]: La maldición de un Gato Galáctico ha comenzado en: -48, 63, 221
[23:29:06] [Server thread/INFO]: La maldición de un Gato Galáctico ha comenzado en: -43, 62, 219
[23:29:06] [Server thread/INFO]: La maldición de un Gato Galáctico ha comenzado en: -43, 62, 219
[23:29:06] [Server thread/INFO]: La maldición de un Gato Galáctico ha comenzado en: -43, 62, 219
[23:29:06] [Server thread/INFO]: La maldición de un Gato Galáctico ha comenzado en: -44, 62, 220
[23:29:06] [Server thread/INFO]: La maldición de un Gato Galáctico ha comenzado en: -43, 62, 219
[23:29:06] [Server thread/INFO]: La maldición de un Gato Galáctico ha comenzado en: -45, 66, 223
[23:29:06] [Server thread/INFO]: Un gato galáctico invocará un mob al azar en: 5
[23:29:06] [Server thread/INFO]: Un gato galáctico invocará un mob al azar en: 5
[23:29:06] [Server thread/INFO]: Un gato galáctico invocará un mob al azar en: 5
[23:29:06] [Server thread/INFO]: Un gato galáctico invocará un mob al azar en: 5
[23:29:06] [Server thread/INFO]: Un gato galáctico invocará un mob al azar en: 5
[23:29:06] [Server thread/INFO]: Un gato galáctico invocará un mob al azar en: 5
[23:29:06] [Server thread/INFO]: Un gato galáctico invocará un mob al azar en: 5
[23:29:06] [Server thread/INFO]: Un gato galáctico invocará un mob al azar en: 5
[23:29:06] [Server thread/INFO]: La maldición de un Gato Galáctico ha comenzado en: -54, 63, 233
[23:29:06] [Server thread/INFO]: La maldición de un Gato Galáctico ha comenzado en: -54, 64, 236
[23:29:06] [Server thread/INFO]: Un gato galáctico invocará un mob al azar en: 5
[23:29:06] [Server thread/INFO]: Un gato galáctico invocará un mob al azar en: 5
[23:29:06] [Server thread/INFO]: La maldición de un Gato Galáctico ha comenzado en: -50, 64, 233
[23:29:06] [Server thread/INFO]: La maldición de un Gato Galáctico ha comenzado en: -50, 64, 235
[23:29:06] [Server thread/INFO]: La maldición de un Gato Galáctico ha comenzado en: -50, 63, 236
[23:29:06] [Server thread/INFO]: Un gato galáctico invocará un mob al azar en: 5
[23:29:06] [Server thread/INFO]: Un gato galáctico invocará un mob al azar en: 5
[23:29:06] [Server thread/INFO]: Un gato galáctico invocará un mob al azar en: 5
[23:29:06] [Server thread/INFO]: La maldición de un Gato Galáctico ha comenzado en: -60, 64, 234
[23:29:06] [Server thread/INFO]: Un gato galáctico invocará un mob al azar en: 5
[23:29:06] [Server thread/INFO]: La maldición de un Gato Galáctico ha comenzado en: -63, 66, 232
[23:29:06] [Server thread/INFO]: Un gato galáctico invocará un mob al azar en: 5
[23:29:07] [Server thread/INFO]: La maldición de un Gato Galáctico ha comenzado en: -62, 65, 228
[23:29:07] [Server thread/INFO]: Un gato galáctico invocará un mob al azar en: 5
[23:29:07] [Server thread/INFO]: Un gato galáctico ha invicado un(a) Ghast Demoníaco (-48.58163520981707, 62.66225175408898, 191.4000986362577
[23:29:07] [Server thread/INFO]: Un gato galáctico ha invicado un(a) Gigante (-46.269186683656805, 62.84927001888748, 192.67673034930456
[23:29:07] [Server thread/INFO]: Un gato galáctico invocará un mob al azar en: 4
[23:29:07] [Server thread/INFO]: Un gato galáctico invocará un mob al azar en: 4
[23:29:07] [Server thread/INFO]: Un gato galáctico invocará un mob al azar en: 4
[23:29:07] [Server thread/INFO]: Un gato galáctico invocará un mob al azar en: 4
[23:29:07] [Server thread/INFO]: Un gato galáctico invocará un mob al azar en: 4
[23:29:07] [Server thread/INFO]: Un gato galáctico invocará un mob al azar en: 4
[23:29:07] [Server thread/INFO]: Un gato galáctico invocará un mob al azar en: 4
[23:29:07] [Server thread/INFO]: Un gato galáctico invocará un mob al azar en: 4
[23:29:07] [Server thread/INFO]: Un gato galáctico invocará un mob al azar en: 4
[23:29:07] [Server thread/INFO]: Un gato galáctico invocará un mob al azar en: 4
[23:29:07] [Server thread/INFO]: Un gato galáctico invocará un mob al azar en: 4
[23:29:07] [Server thread/INFO]: Un gato galáctico invocará un mob al azar en: 4
[23:29:07] [Server thread/INFO]: Un gato galáctico invocará un mob al azar en: 4
[23:29:07] [Server thread/INFO]: Un gato galáctico invocará un mob al azar en: 4
[23:29:07] [Server thread/INFO]: Un gato galáctico invocará un mob al azar en: 4
[23:29:07] [Server thread/INFO]: La maldición de un Gato Galáctico ha comenzado en: -59, 70, 233
[23:29:07] [Server thread/INFO]: Un gato galáctico invocará un mob al azar en: 5
[23:29:07] [Server thread/INFO]: Un gato galáctico invocará un mob al azar en: 4
[23:29:07] [Server thread/INFO]: Un gato galáctico invocará un mob al azar en: 4
[23:29:07] [Server thread/INFO]: Un gato galáctico invocará un mob al azar en: 3
[23:29:07] [Server thread/INFO]: Un gato galáctico invocará un mob al azar en: 3
[23:29:07] [Server thread/INFO]: Un gato galáctico invocará un mob al azar en: 3
[23:29:07] [Server thread/INFO]: Un gato galáctico invocará un mob al azar en: 3
[23:29:07] [Server thread/INFO]: Un gato galáctico invocará un mob al azar en: 3
[23:29:07] [Server thread/INFO]: Un gato galáctico invocará un mob al azar en: 3
[23:29:07] [Server thread/INFO]: Un gato galáctico invocará un mob al azar en: 3
[23:29:07] [Server thread/INFO]: Un gato galáctico invocará un mob al azar en: 3
[23:29:07] [Server thread/INFO]: Un gato galáctico invocará un mob al azar en: 3
[23:29:07] [Server thread/INFO]: Un gato galáctico invocará un mob al azar en: 3
[23:29:07] [Server thread/INFO]: Un gato galáctico invocará un mob al azar en: 3
[23:29:08] [Async Chat Thread - #16/INFO]: <TTottaly_RED> ala mrdd
[23:29:08] [Server thread/INFO]: Un gato galáctico invocará un mob al azar en: 3
[23:29:08] [Server thread/INFO]: Un gato galáctico invocará un mob al azar en: 3
[23:29:08] [Server thread/INFO]: Un gato galáctico invocará un mob al azar en: 3
[23:29:08] [Server thread/INFO]: Un gato galáctico invocará un mob al azar en: 3
[23:29:08] [Server thread/INFO]: Un gato galáctico invocará un mob al azar en: 4
[23:29:08] [Server thread/INFO]: Un gato galáctico invocará un mob al azar en: 3
[23:29:08] [Server thread/INFO]: Un gato galáctico invocará un mob al azar en: 3
[23:29:08] [Server thread/INFO]: Un gato galáctico invocará un mob al azar en: 2
[23:29:08] [Server thread/INFO]: Un gato galáctico invocará un mob al azar en: 2
[23:29:08] [Server thread/INFO]: Un gato galáctico invocará un mob al azar en: 2
[23:29:08] [Server thread/INFO]: Un gato galáctico invocará un mob al azar en: 2
[23:29:08] [Server thread/INFO]: Un gato galáctico invocará un mob al azar en: 2
[23:29:08] [Server thread/INFO]: Un gato galáctico invocará un mob al azar en: 2
[23:29:08] [Server thread/INFO]: Un gato galáctico invocará un mob al azar en: 2
[23:29:08] [Server thread/INFO]: Un gato galáctico invocará un mob al azar en: 2
[23:29:08] [Server thread/INFO]: Un gato galáctico invocará un mob al azar en: 2
[23:29:08] [Server thread/INFO]: Un gato galáctico invocará un mob al azar en: 2
[23:29:08] [Server thread/INFO]: Un gato galáctico invocará un mob al azar en: 2
[23:29:08] [Server thread/INFO]: Un gato galáctico invocará un mob al azar en: 2
[23:29:08] [Server thread/INFO]: Un gato galáctico invocará un mob al azar en: 2
[23:29:08] [Server thread/INFO]: Un gato galáctico invocará un mob al azar en: 2
[23:29:08] [Server thread/INFO]: Un gato galáctico invocará un mob al azar en: 2
[23:29:08] [Server thread/INFO]: Un gato galáctico invocará un mob al azar en: 3
[23:29:08] [Server thread/INFO]: Un gato galáctico invocará un mob al azar en: 2
[23:29:09] [Server thread/INFO]: Un gato galáctico invocará un mob al azar en: 2
[23:29:09] [Server thread/INFO]: Un gato galáctico invocará un mob al azar en: 1
[23:29:09] [Server thread/INFO]: Un gato galáctico ha invicado un(a) Gato Supernova (-27.543869227820032, 47.34319032934718, 232.58845388061798
[23:29:09] [Server thread/INFO]: Un gato galáctico invocará un mob al azar en: 1
[23:29:09] [Server thread/INFO]: Un gato galáctico ha invicado un(a) Wither Skeleton Emperador (-64.54114232780579, 64.0, 243.37109914205436
[23:29:09] [Server thread/INFO]: Un gato galáctico invocará un mob al azar en: 1
[23:29:09] [Server thread/INFO]: Un gato galáctico ha invicado un(a) Bruja Imposible (-48.45985113684184, 63.0, 221.84999999403954
[23:29:09] [Server thread/INFO]: Un gato galáctico invocará un mob al azar en: 1
[23:29:09] [Server thread/INFO]: Un gato galáctico ha invicado un(a) Bruja Imposible (-43.69999998807907, 62.0, 219.69999998807907
[23:29:09] [Server thread/INFO]: Un gato galáctico invocará un mob al azar en: 1
[23:29:09] [Server thread/INFO]: Un gato galáctico ha invicado un(a) Gato Supernova (-43.053481637806506, 62.0, 219.69999998807907
[23:29:09] [Server thread/INFO]: Un gato galáctico invocará un mob al azar en: 1
[23:29:09] [Server thread/INFO]: Un gato galáctico ha invicado un(a) Quantum Creeper (-43.69999998807907, 62.41999998688698, 219.13191475365556
[23:29:09] [Server thread/INFO]: Un gato galáctico invocará un mob al azar en: 1
[23:29:09] [Server thread/INFO]: Un gato galáctico ha invicado un(a) Wither Skeleton Emperador (-44.30000001192093, 62.0, 220.69999998807907
[23:29:09] [Server thread/INFO]: Un gato galáctico invocará un mob al azar en: 1
[23:29:09] [Server thread/INFO]: Un gato galáctico ha invicado un(a) Gato Supernova (-43.69999998807907, 62.0, 219.69999998807907
[23:29:09] [Server thread/INFO]: Un gato galáctico invocará un mob al azar en: 1
[23:29:09] [Server thread/INFO]: Un gato galáctico ha invicado un(a) Wither Skeleton Emperador (-45.14556421225967, 66.0, 223.54155842653415
[23:29:09] [Server thread/INFO]: Un gato galáctico invocará un mob al azar en: 1
[23:29:09] [Server thread/INFO]: Un gato galáctico ha invicado un(a) Araña con Efectos (-54.539322602056274, 63.53584062504456, 233.8000919841378
[23:29:09] [Server thread/INFO]: Un gato galáctico invocará un mob al azar en: 1
[23:29:09] [Server thread/INFO]: Un gato galáctico ha invicado un(a) Permadeath Demon (-54.07460744291037, 64.4, 236.336500185877
[23:29:09] [Server thread/INFO]: La maldición de un Gato Galáctico ha comenzado en: -49, 63, 237
[23:29:09] [Server thread/INFO]: La maldición de un Gato Galáctico ha comenzado en: -48, 62, 238
[23:29:09] [Server thread/INFO]: La maldición de un Gato Galáctico ha comenzado en: -54, 64, 238
[23:29:09] [Server thread/INFO]: Un gato galáctico invocará un mob al azar en: 5
[23:29:09] [Server thread/INFO]: Un gato galáctico invocará un mob al azar en: 5
[23:29:09] [Server thread/INFO]: Un gato galáctico invocará un mob al azar en: 5
[23:29:09] [Server thread/INFO]: Un gato galáctico invocará un mob al azar en: 1
[23:29:09] [Server thread/INFO]: Un gato galáctico ha invicado un(a) Pufferfish invulnerable (-50.48533992790481, 64.0, 233.69570394914362
[23:29:09] [Server thread/INFO]: Un gato galáctico invocará un mob al azar en: 1
[23:29:09] [Server thread/INFO]: Un gato galáctico ha invicado un(a) Ender Ghast (-50.48812188053964, 64.0, 235.28768301965206
[23:29:09] [Server thread/INFO]: Un gato galáctico invocará un mob al azar en: 1
[23:29:09] [Server thread/INFO]: Un gato galáctico ha invicado un(a) Wither Skeleton Emperador (-50.457611279476446, 63.913600009083744, 236.30000001192093
[23:29:09] [Server thread/INFO]: Un gato galáctico invocará un mob al azar en: 1
[23:29:09] [Server thread/INFO]: Un gato galáctico ha invicado un(a) Ender Ghast (-60.70673175181258, 64.33852802625609, 234.15000000596046
[23:29:09] [Server thread/INFO]: Un gato galáctico invocará un mob al azar en: 2
[23:29:09] [Server thread/INFO]: Un gato galáctico invocará un mob al azar en: 1
[23:29:09] [Server thread/WARN]: [Permadeath] Task #264454 for Permadeath v1.3 generated an exception
java.lang.NullPointerException: null
	at tech.sebazcrc.permadeath.nms.v1_16_R3.NMSHandlerImpl.spawnNMSEntity(NMSHandlerImpl.java:326) ~[?:?]
	at tech.sebazcrc.permadeath.task.GatoGalacticoTask.run(GatoGalacticoTask.java:150) ~[?:?]
	at org.bukkit.craftbukkit.v1_16_R3.scheduler.CraftTask.run(CraftTask.java:101) ~[patched_1.16.5.jar:git-Paper-794]
	at org.bukkit.craftbukkit.v1_16_R3.scheduler.CraftScheduler.mainThreadHeartbeat(CraftScheduler.java:485) ~[patched_1.16.5.jar:git-Paper-794]
	at net.minecraft.server.v1_16_R3.MinecraftServer.b(MinecraftServer.java:1432) ~[patched_1.16.5.jar:git-Paper-794]
	at net.minecraft.server.v1_16_R3.DedicatedServer.b(DedicatedServer.java:436) ~[patched_1.16.5.jar:git-Paper-794]
	at net.minecraft.server.v1_16_R3.MinecraftServer.a(MinecraftServer.java:1347) ~[patched_1.16.5.jar:git-Paper-794]
	at net.minecraft.server.v1_16_R3.MinecraftServer.w(MinecraftServer.java:1135) ~[patched_1.16.5.jar:git-Paper-794]
	at net.minecraft.server.v1_16_R3.MinecraftServer.lambda$a$0(MinecraftServer.java:291) ~[patched_1.16.5.jar:git-Paper-794]
	at java.lang.Thread.run(Thread.java:829) [?:?]
[23:29:09] [Server thread/INFO]: La maldición de un Gato Galáctico ha comenzado en: -56, 63, 225
[23:29:09] [Server thread/INFO]: Un gato galáctico invocará un mob al azar en: 5
[23:29:09] [Server thread/INFO]: Un gato galáctico invocará un mob al azar en: 1
[23:29:09] [Server thread/INFO]: Un gato galáctico ha invicado un(a) Shulker Tnt (-62.69236915164357, 65.52283084712424, 228.79064234279312
[23:29:10] [Server thread/INFO]: La maldición de un Gato Galáctico ha comenzado en: -41, 62, 227
[23:29:10] [Server thread/INFO]: Un gato galáctico invocará un mob al azar en: 5
[23:29:10] [Server thread/INFO]: Un gato galáctico invocará un mob al azar en: 4
[23:29:10] [Server thread/INFO]: Un gato galáctico invocará un mob al azar en: 4
[23:29:10] [Server thread/INFO]: Un gato galáctico invocará un mob al azar en: 4
[23:29:10] [Server thread/INFO]: La maldición de un Gato Galáctico ha comenzado en: -42, 62, 220
[23:29:10] [Server thread/INFO]: Un gato galáctico invocará un mob al azar en: 5
[23:29:10] [Server thread/INFO]: Un gato galáctico invocará un mob al azar en: 1
[23:29:10] [Server thread/INFO]: Un gato galáctico ha invicado un(a) Ultra Ravager (-59.391427919194285, 70.97853208445824, 233.46188848595062
[23:29:10] [Server thread/INFO]: Un gato galáctico ha invicado un(a) Giga MagmaCube (-63.769116499918084, 66.50520591199886, 232.7869928572542
[23:29:10] [Server thread/INFO]: Un gato galáctico invocará un mob al azar en: 4
[23:29:11] [Server thread/INFO]: Un gato galáctico invocará un mob al azar en: 3
[23:29:11] [Server thread/INFO]: Un gato galáctico invocará un mob al azar en: 3
[23:29:11] [Server thread/INFO]: Un gato galáctico invocará un mob al azar en: 3
[23:29:11] [Server thread/INFO]: Un gato galáctico invocará un mob al azar en: 4
[23:29:11] [Server thread/INFO]: Un gato galáctico invocará un mob al azar en: 4
[23:29:11] [Server thread/INFO]: Un gato galáctico invocará un mob al azar en: 3
[23:29:12] [Server thread/INFO]: Un gato galáctico invocará un mob al azar en: 2
[23:29:12] [Server thread/INFO]: Un gato galáctico invocará un mob al azar en: 2
[23:29:12] [Server thread/INFO]: Un gato galáctico invocará un mob al azar en: 2
[23:29:12] [Server thread/INFO]: Un gato galáctico invocará un mob al azar en: 3
[23:29:12] [Server thread/INFO]: Un gato galáctico invocará un mob al azar en: 3
[23:29:12] [Server thread/INFO]: Un gato galáctico invocará un mob al azar en: 2
[23:29:13] [Server thread/INFO]: Un gato galáctico invocará un mob al azar en: 1
[23:29:13] [Server thread/INFO]: Un gato galáctico ha invicado un(a) Wither Skeleton Emperador (-49.78762578371273, 63.17675927506424, 237.46806950391178
[23:29:13] [Server thread/INFO]: Un gato galáctico invocará un mob al azar en: 1
[23:29:13] [Server thread/INFO]: Un gato galáctico ha invicado un(a) Gigante (-48.69999998807907, 62.0, 238.43030766438713
[23:29:13] [Server thread/INFO]: Un gato galáctico invocará un mob al azar en: 1
[23:29:13] [Server thread/INFO]: Un gato galáctico ha invicado un(a) Gigante (-54.58067769135431, 64.16610926093821, 238.13144511440348
[23:29:13] [Server thread/INFO]: Un gato galáctico invocará un mob al azar en: 2
[23:29:13] [Server thread/INFO]: Un gato galáctico invocará un mob al azar en: 2
[23:29:13] [Server thread/INFO]: Un gato galáctico invocará un mob al azar en: 1
[23:29:13] [Server thread/INFO]: Un gato galáctico ha invicado un(a) Gigante (-56.1591489978012, 63.0, 225.38544604555065
[23:29:14] [Server thread/INFO]: Un gato galáctico invocará un mob al azar en: 1
[23:29:14] [Server thread/INFO]: Un gato galáctico ha invicado un(a) Endermite Misterioso (-41.24756866980863, 62.0, 227.69999998807907
[23:29:14] [Server thread/INFO]: Un gato galáctico invocará un mob al azar en: 1
[23:29:14] [Server thread/INFO]: Un gato galáctico ha invicado un(a) Esqueleto de Clase (-42.69999998807907, 62.41999998688698, 220.53875666119364
[23:29:28] [Server thread/INFO]: La maldición de un Gato Galáctico ha comenzado en: -112, 62, 206
[23:29:28] [Server thread/INFO]: La maldición de un Gato Galáctico ha comenzado en: -108, 62, 206
[23:29:28] [Server thread/INFO]: La maldición de un Gato Galáctico ha comenzado en: -80, 63, 206
[23:29:28] [Server thread/INFO]: La maldición de un Gato Galáctico ha comenzado en: -68, 62, 174
[23:29:28] [Server thread/INFO]: La maldición de un Gato Galáctico ha comenzado en: -71, 62, 175
[23:29:28] [Server thread/INFO]: La maldición de un Gato Galáctico ha comenzado en: -70, 62, 174
[23:29:28] [Server thread/INFO]: La maldición de un Gato Galáctico ha comenzado en: -72, 62, 178
[23:29:28] [Server thread/INFO]: La maldición de un Gato Galáctico ha comenzado en: -72, 63, 176
[23:29:28] [Server thread/INFO]: La maldición de un Gato Galáctico ha comenzado en: -67, 62, 178
[23:29:28] [Server thread/INFO]: La maldición de un Gato Galáctico ha comenzado en: -68, 62, 179
[23:29:28] [Server thread/INFO]: La maldición de un Gato Galáctico ha comenzado en: -71, 62, 178
[23:29:28] [Server thread/INFO]: La maldición de un Gato Galáctico ha comenzado en: -67, 62, 177
[23:29:28] [Server thread/INFO]: La maldición de un Gato Galáctico ha comenzado en: -71, 62, 177
[23:29:28] [Server thread/INFO]: La maldición de un Gato Galáctico ha comenzado en: -67, 63, 176
[23:29:28] [Server thread/INFO]: La maldición de un Gato Galáctico ha comenzado en: -71, 62, 178
[23:29:28] [Server thread/INFO]: La maldición de un Gato Galáctico ha comenzado en: -70, 62, 180
[23:29:28] [Server thread/INFO]: La maldición de un Gato Galáctico ha comenzado en: -69, 62, 179
[23:29:28] [Server thread/INFO]: La maldición de un Gato Galáctico ha comenzado en: -71, 62, 176
[23:29:28] [Server thread/INFO]: La maldición de un Gato Galáctico ha comenzado en: -70, 62, 177
[23:29:28] [Server thread/INFO]: La maldición de un Gato Galáctico ha comenzado en: -71, 62, 178
[23:29:28] [Server thread/INFO]: La maldición de un Gato Galáctico ha comenzado en: -67, 62, 179
[23:29:28] [Server thread/INFO]: La maldición de un Gato Galáctico ha comenzado en: -69, 62, 179
[23:29:28] [Server thread/INFO]: La maldición de un Gato Galáctico ha comenzado en: -68, 62, 176
[23:29:28] [Server thread/INFO]: La maldición de un Gato Galáctico ha comenzado en: -70, 62, 176
[23:29:28] [Server thread/INFO]: La maldición de un Gato Galáctico ha comenzado en: -68, 62, 178
[23:29:28] [Server thread/INFO]: La maldición de un Gato Galáctico ha comenzado en: -69, 62, 177
[23:29:28] [Server thread/INFO]: La maldición de un Gato Galáctico ha comenzado en: -70, 62, 178
[23:29:28] [Server thread/INFO]: La maldición de un Gato Galáctico ha comenzado en: -69, 62, 177
[23:29:28] [Server thread/INFO]: La maldición de un Gato Galáctico ha comenzado en: -70, 62, 176
[23:29:28] [Server thread/INFO]: La maldición de un Gato Galáctico ha comenzado en: -68, 62, 177
[23:29:28] [Server thread/INFO]: La maldición de un Gato Galáctico ha comenzado en: -70, 63, 177
[23:29:28] [Server thread/INFO]: La maldición de un Gato Galáctico ha comenzado en: -69, 62, 178
[23:29:28] [Server thread/INFO]: La maldición de un Gato Galáctico ha comenzado en: -65, 62, 217
[23:29:28] [Server thread/INFO]: La maldición de un Gato Galáctico ha comenzado en: -71, 64, 257
[23:29:28] [Server thread/INFO]: La maldición de un Gato Galáctico ha comenzado en: -59, 62, 207
[23:29:28] [Server thread/INFO]: La maldición de un Gato Galáctico ha comenzado en: -32, 68, 246
[23:29:29] [Server thread/INFO]: La maldición de un Gato Galáctico ha comenzado en: -20, 62, 210
[23:29:29] [Server thread/INFO]: La maldición de un Gato Galáctico ha comenzado en: -28, 70, 245
[23:29:29] [Server thread/INFO]: La maldición de un Gato Galáctico ha comenzado en: -20, 72, 272
[23:29:32] [Server thread/INFO]: La maldición de un Gato Galáctico ha comenzado en: -10, 74, 263
[23:29:32] [Server thread/INFO]: La maldición de un Gato Galáctico ha comenzado en: -10, 74, 265
[23:29:33] [Server thread/INFO]: La maldición de un Gato Galáctico ha comenzado en: 9, 60, 226
[23:29:33] [Server thread/INFO]: La maldición de un Gato Galáctico ha comenzado en: 14, 74, 234
[23:29:33] [Server thread/INFO]: La maldición de un Gato Galáctico ha comenzado en: 24, 70, 222
[23:29:33] [Server thread/WARN]: Can't keep up! Is the server overloaded? Running 5748ms or 114 ticks behind
[23:29:33] [Server thread/WARN]: RompOrTos moved too quickly! 4.2931864144399015,15.363675544121037,-12.946411513229691
[23:29:33] [Server thread/INFO]: Un gato galáctico invocará un mob al azar en: 5
[23:29:33] [Server thread/INFO]: Un gato galáctico invocará un mob al azar en: 5
[23:29:33] [Server thread/INFO]: Un gato galáctico invocará un mob al azar en: 5
[23:29:33] [Server thread/INFO]: Un gato galáctico invocará un mob al azar en: 5
[23:29:33] [Server thread/INFO]: Un gato galáctico invocará un mob al azar en: 5
[23:29:33] [Server thread/INFO]: Un gato galáctico invocará un mob al azar en: 5
[23:29:33] [Server thread/INFO]: Un gato galáctico invocará un mob al azar en: 5
[23:29:33] [Server thread/INFO]: Un gato galáctico invocará un mob al azar en: 5
[23:29:33] [Server thread/INFO]: Un gato galáctico invocará un mob al azar en: 5
[23:29:33] [Server thread/INFO]: Un gato galáctico invocará un mob al azar en: 5
[23:29:33] [Server thread/INFO]: Un gato galáctico invocará un mob al azar en: 5
[23:29:33] [Server thread/INFO]: Un gato galáctico invocará un mob al azar en: 5
[23:29:33] [Server thread/INFO]: Un gato galáctico invocará un mob al azar en: 5
[23:29:33] [Server thread/INFO]: Un gato galáctico invocará un mob al azar en: 5
[23:29:33] [Server thread/INFO]: Un gato galáctico invocará un mob al azar en: 5
[23:29:33] [Server thread/INFO]: Un gato galáctico invocará un mob al azar en: 5
[23:29:33] [Server thread/INFO]: Un gato galáctico invocará un mob al azar en: 5
[23:29:33] [Server thread/INFO]: Un gato galáctico invocará un mob al azar en: 5
[23:29:33] [Server thread/INFO]: Un gato galáctico invocará un mob al azar en: 5
[23:29:33] [Server thread/INFO]: Un gato galáctico invocará un mob al azar en: 5
[23:29:33] [Server thread/INFO]: Un gato galáctico invocará un mob al azar en: 5
[23:29:33] [Server thread/INFO]: Un gato galáctico invocará un mob al azar en: 5
[23:29:33] [Server thread/INFO]: Un gato galáctico invocará un mob al azar en: 5
[23:29:33] [Server thread/INFO]: Un gato galáctico invocará un mob al azar en: 5
[23:29:33] [Server thread/INFO]: Un gato galáctico invocará un mob al azar en: 5
[23:29:33] [Server thread/INFO]: Un gato galáctico invocará un mob al azar en: 5
[23:29:33] [Server thread/INFO]: Un gato galáctico invocará un mob al azar en: 5
[23:29:33] [Server thread/INFO]: Un gato galáctico invocará un mob al azar en: 5
[23:29:33] [Server thread/INFO]: Un gato galáctico invocará un mob al azar en: 5
[23:29:33] [Server thread/INFO]: Un gato galáctico invocará un mob al azar en: 5
[23:29:33] [Server thread/INFO]: Un gato galáctico invocará un mob al azar en: 5
[23:29:33] [Server thread/INFO]: Un gato galáctico invocará un mob al azar en: 5
[23:29:33] [Server thread/INFO]: Un gato galáctico invocará un mob al azar en: 5
[23:29:33] [Server thread/INFO]: Un gato galáctico invocará un mob al azar en: 5
[23:29:33] [Server thread/INFO]: Un gato galáctico invocará un mob al azar en: 5
[23:29:33] [Server thread/INFO]: Un gato galáctico invocará un mob al azar en: 5
[23:29:33] [Server thread/INFO]: Un gato galáctico invocará un mob al azar en: 5
[23:29:33] [Server thread/INFO]: Un gato galáctico invocará un mob al azar en: 5
[23:29:33] [Server thread/INFO]: Un gato galáctico invocará un mob al azar en: 5
[23:29:33] [Server thread/INFO]: Un gato galáctico invocará un mob al azar en: 5
[23:29:33] [Server thread/INFO]: Un gato galáctico invocará un mob al azar en: 5
[23:29:33] [Server thread/INFO]: Un gato galáctico invocará un mob al azar en: 5
[23:29:33] [Server thread/INFO]: Un gato galáctico invocará un mob al azar en: 5
[23:29:33] [Server thread/INFO]: Un gato galáctico invocará un mob al azar en: 5
[23:29:34] [Server thread/INFO]: La maldición de un Gato Galáctico ha comenzado en: -86, 66, 287
[23:29:34] [Server thread/INFO]: La maldición de un Gato Galáctico ha comenzado en: -43, 62, 219
[23:29:34] [Server thread/INFO]: La maldición de un Gato Galáctico ha comenzado en: -44, 59, 240
[23:29:34] [Server thread/INFO]: La maldición de un Gato Galáctico ha comenzado en: -38, 56, 240
[23:29:35] [Server thread/INFO]: La maldición de un Gato Galáctico ha comenzado en: -24, 48, 221
[23:29:35] [Server thread/INFO]: La maldición de un Gato Galáctico ha comenzado en: -21, 46, 237
[23:29:38] [Server thread/INFO]: La maldición de un Gato Galáctico ha comenzado en: -8, 43, 229
[23:29:38] [Server thread/INFO]: La maldición de un Gato Galáctico ha comenzado en: -15, 47, 240
[23:29:39] [Server thread/INFO]: La maldición de un Gato Galáctico ha comenzado en: 11, 56, 226
[23:29:39] [Server thread/INFO]: La maldición de un Gato Galáctico ha comenzado en: 18, 72, 251
[23:29:39] [Server thread/WARN]: RompOrTos moved too quickly! 10.114857156251723,0.0,-19.335863632695435
[23:29:39] [Server thread/INFO]: Un gato galáctico invocará un mob al azar en: 5
[23:29:39] [Server thread/INFO]: Un gato galáctico invocará un mob al azar en: 5
[23:29:39] [Server thread/INFO]: Un gato galáctico invocará un mob al azar en: 5
[23:29:39] [Server thread/INFO]: Un gato galáctico invocará un mob al azar en: 5
[23:29:39] [Server thread/INFO]: Un gato galáctico invocará un mob al azar en: 5
[23:29:39] [Server thread/INFO]: Un gato galáctico invocará un mob al azar en: 5
[23:29:39] [Server thread/INFO]: Un gato galáctico invocará un mob al azar en: 5
[23:29:39] [Server thread/INFO]: Un gato galáctico invocará un mob al azar en: 5
[23:29:39] [Server thread/INFO]: Un gato galáctico invocará un mob al azar en: 5
[23:29:39] [Server thread/INFO]: Un gato galáctico invocará un mob al azar en: 5
[23:29:39] [Server thread/INFO]: Un gato galáctico invocará un mob al azar en: 4
[23:29:39] [Server thread/INFO]: Un gato galáctico invocará un mob al azar en: 4
[23:29:39] [Server thread/INFO]: Un gato galáctico invocará un mob al azar en: 4
[23:29:39] [Server thread/INFO]: Un gato galáctico invocará un mob al azar en: 4
[23:29:39] [Server thread/INFO]: Un gato galáctico invocará un mob al azar en: 4
[23:29:39] [Server thread/INFO]: Un gato galáctico invocará un mob al azar en: 4
[23:29:39] [Server thread/INFO]: Un gato galáctico invocará un mob al azar en: 4
[23:29:39] [Server thread/INFO]: Un gato galáctico invocará un mob al azar en: 4
[23:29:39] [Server thread/INFO]: Un gato galáctico invocará un mob al azar en: 4
[23:29:39] [Server thread/INFO]: Un gato galáctico invocará un mob al azar en: 4
[23:29:39] [Server thread/INFO]: Un gato galáctico invocará un mob al azar en: 4
[23:29:39] [Server thread/INFO]: Un gato galáctico invocará un mob al azar en: 4
[23:29:39] [Server thread/INFO]: Un gato galáctico invocará un mob al azar en: 4
[23:29:39] [Server thread/INFO]: Un gato galáctico invocará un mob al azar en: 4
[23:29:39] [Server thread/INFO]: Un gato galáctico invocará un mob al azar en: 4
[23:29:39] [Server thread/INFO]: Un gato galáctico invocará un mob al azar en: 4
[23:29:39] [Server thread/INFO]: Un gato galáctico invocará un mob al azar en: 4
[23:29:39] [Server thread/INFO]: Un gato galáctico invocará un mob al azar en: 4
[23:29:39] [Server thread/INFO]: Un gato galáctico invocará un mob al azar en: 4
[23:29:39] [Server thread/INFO]: Un gato galáctico invocará un mob al azar en: 4
[23:29:39] [Server thread/INFO]: Un gato galáctico invocará un mob al azar en: 4
[23:29:39] [Server thread/INFO]: Un gato galáctico invocará un mob al azar en: 4
[23:29:39] [Server thread/INFO]: Un gato galáctico invocará un mob al azar en: 4
[23:29:39] [Server thread/INFO]: Un gato galáctico invocará un mob al azar en: 4
[23:29:39] [Server thread/INFO]: Un gato galáctico invocará un mob al azar en: 4
[23:29:39] [Server thread/INFO]: Un gato galáctico invocará un mob al azar en: 4
[23:29:39] [Server thread/INFO]: Un gato galáctico invocará un mob al azar en: 4
[23:29:39] [Server thread/INFO]: Un gato galáctico invocará un mob al azar en: 4
[23:29:39] [Server thread/INFO]: Un gato galáctico invocará un mob al azar en: 4
[23:29:39] [Server thread/INFO]: Un gato galáctico invocará un mob al azar en: 4
[23:29:39] [Server thread/INFO]: Un gato galáctico invocará un mob al azar en: 4
[23:29:39] [Server thread/INFO]: Un gato galáctico invocará un mob al azar en: 4
[23:29:39] [Server thread/INFO]: Un gato galáctico invocará un mob al azar en: 4
[23:29:39] [Server thread/INFO]: Un gato galáctico invocará un mob al azar en: 4
[23:29:39] [Server thread/INFO]: Un gato galáctico invocará un mob al azar en: 4
[23:29:39] [Server thread/INFO]: Un gato galáctico invocará un mob al azar en: 4
[23:29:39] [Server thread/INFO]: Un gato galáctico invocará un mob al azar en: 4
[23:29:39] [Server thread/INFO]: Un gato galáctico invocará un mob al azar en: 4
[23:29:39] [Server thread/INFO]: Un gato galáctico invocará un mob al azar en: 4
[23:29:39] [Server thread/INFO]: Un gato galáctico invocará un mob al azar en: 4
[23:29:39] [Server thread/INFO]: Un gato galáctico invocará un mob al azar en: 4
[23:29:39] [Server thread/INFO]: Un gato galáctico invocará un mob al azar en: 4
[23:29:39] [Server thread/INFO]: Un gato galáctico invocará un mob al azar en: 4
[23:29:39] [Server thread/INFO]: Un gato galáctico invocará un mob al azar en: 4
[23:29:40] [Server thread/INFO]: Un gato galáctico invocará un mob al azar en: 4
[23:29:40] [Server thread/INFO]: Un gato galáctico invocará un mob al azar en: 4
[23:29:40] [Server thread/INFO]: Un gato galáctico invocará un mob al azar en: 4
[23:29:40] [Server thread/INFO]: Un gato galáctico invocará un mob al azar en: 4
[23:29:40] [Server thread/INFO]: Un gato galáctico invocará un mob al azar en: 4
[23:29:40] [Server thread/INFO]: Un gato galáctico invocará un mob al azar en: 4
[23:29:40] [Server thread/INFO]: Un gato galáctico invocará un mob al azar en: 4
[23:29:40] [Server thread/INFO]: Un gato galáctico invocará un mob al azar en: 4
[23:29:40] [Server thread/INFO]: Un gato galáctico invocará un mob al azar en: 4
[23:29:40] [Server thread/INFO]: Un gato galáctico invocará un mob al azar en: 4
[23:29:40] [Server thread/INFO]: Un gato galáctico invocará un mob al azar en: 3
[23:29:40] [Server thread/INFO]: Un gato galáctico invocará un mob al azar en: 3
[23:29:40] [Server thread/INFO]: Un gato galáctico invocará un mob al azar en: 3
[23:29:40] [Server thread/INFO]: Un gato galáctico invocará un mob al azar en: 3
[23:29:40] [Server thread/INFO]: Un gato galáctico invocará un mob al azar en: 3
[23:29:40] [Server thread/INFO]: Un gato galáctico invocará un mob al azar en: 3
[23:29:40] [Server thread/INFO]: Un gato galáctico invocará un mob al azar en: 3
[23:29:40] [Server thread/INFO]: Un gato galáctico invocará un mob al azar en: 3
[23:29:40] [Server thread/INFO]: Un gato galáctico invocará un mob al azar en: 3
[23:29:40] [Server thread/INFO]: Un gato galáctico invocará un mob al azar en: 3
[23:29:40] [Server thread/INFO]: Un gato galáctico invocará un mob al azar en: 3
[23:29:40] [Server thread/INFO]: Un gato galáctico invocará un mob al azar en: 3
[23:29:40] [Server thread/INFO]: Un gato galáctico invocará un mob al azar en: 3
[23:29:40] [Server thread/INFO]: Un gato galáctico invocará un mob al azar en: 3
[23:29:40] [Server thread/INFO]: Un gato galáctico invocará un mob al azar en: 3
[23:29:40] [Server thread/INFO]: Un gato galáctico invocará un mob al azar en: 3
[23:29:40] [Server thread/INFO]: Un gato galáctico invocará un mob al azar en: 3
[23:29:40] [Server thread/INFO]: Un gato galáctico invocará un mob al azar en: 3
[23:29:40] [Server thread/INFO]: Un gato galáctico invocará un mob al azar en: 3
[23:29:40] [Server thread/INFO]: Un gato galáctico invocará un mob al azar en: 3
[23:29:40] [Server thread/INFO]: Un gato galáctico invocará un mob al azar en: 3
[23:29:40] [Server thread/INFO]: Un gato galáctico invocará un mob al azar en: 3
[23:29:40] [Server thread/INFO]: Un gato galáctico invocará un mob al azar en: 3
[23:29:40] [Server thread/INFO]: Un gato galáctico invocará un mob al azar en: 3
[23:29:40] [Server thread/INFO]: Un gato galáctico invocará un mob al azar en: 3
[23:29:40] [Server thread/INFO]: Un gato galáctico invocará un mob al azar en: 3
[23:29:40] [Server thread/INFO]: Un gato galáctico invocará un mob al azar en: 3
[23:29:40] [Server thread/INFO]: Un gato galáctico invocará un mob al azar en: 3
[23:29:40] [Server thread/INFO]: Un gato galáctico invocará un mob al azar en: 3
[23:29:40] [Server thread/INFO]: Un gato galáctico invocará un mob al azar en: 3
[23:29:40] [Server thread/INFO]: Un gato galáctico invocará un mob al azar en: 3
[23:29:40] [Server thread/INFO]: Un gato galáctico invocará un mob al azar en: 3
[23:29:40] [Server thread/INFO]: Un gato galáctico invocará un mob al azar en: 3
[23:29:40] [Server thread/INFO]: Un gato galáctico invocará un mob al azar en: 3
[23:29:40] [Server thread/INFO]: Un gato galáctico invocará un mob al azar en: 3
[23:29:40] [Server thread/INFO]: Un gato galáctico invocará un mob al azar en: 3
[23:29:40] [Server thread/INFO]: Un gato galáctico invocará un mob al azar en: 3
[23:29:40] [Server thread/INFO]: Un gato galáctico invocará un mob al azar en: 3
[23:29:40] [Server thread/INFO]: Un gato galáctico invocará un mob al azar en: 3
[23:29:40] [Server thread/INFO]: Un gato galáctico invocará un mob al azar en: 3
[23:29:40] [Server thread/INFO]: Un gato galáctico invocará un mob al azar en: 3
[23:29:40] [Server thread/INFO]: Un gato galáctico invocará un mob al azar en: 3
[23:29:40] [Server thread/INFO]: Un gato galáctico invocará un mob al azar en: 3
[23:29:40] [Server thread/INFO]: Un gato galáctico invocará un mob al azar en: 3
[23:29:40] [Server thread/INFO]: Un gato galáctico invocará un mob al azar en: 3
[23:29:40] [Server thread/INFO]: Un gato galáctico invocará un mob al azar en: 3
[23:29:40] [Server thread/INFO]: Un gato galáctico invocará un mob al azar en: 3
[23:29:40] [Server thread/INFO]: Un gato galáctico invocará un mob al azar en: 3
[23:29:40] [Server thread/INFO]: Un gato galáctico invocará un mob al azar en: 3
[23:29:40] [Server thread/INFO]: Un gato galáctico invocará un mob al azar en: 3
[23:29:40] [Server thread/INFO]: Un gato galáctico invocará un mob al azar en: 3
[23:29:40] [Server thread/INFO]: Un gato galáctico invocará un mob al azar en: 3
[23:29:40] [Server thread/INFO]: Un gato galáctico invocará un mob al azar en: 3
[23:29:40] [Server thread/INFO]: Un gato galáctico invocará un mob al azar en: 3
[23:29:40] [Server thread/INFO]: Un gato galáctico invocará un mob al azar en: 2
[23:29:40] [Server thread/INFO]: Un gato galáctico invocará un mob al azar en: 2
[23:29:40] [Server thread/INFO]: Un gato galáctico invocará un mob al azar en: 2
[23:29:40] [Server thread/INFO]: Un gato galáctico invocará un mob al azar en: 2
[23:29:40] [Server thread/INFO]: Un gato galáctico invocará un mob al azar en: 2
[23:29:40] [Server thread/INFO]: Un gato galáctico invocará un mob al azar en: 2
[23:29:40] [Server thread/INFO]: Un gato galáctico invocará un mob al azar en: 2
[23:29:40] [Server thread/INFO]: Un gato galáctico invocará un mob al azar en: 2
[23:29:40] [Server thread/INFO]: Un gato galáctico invocará un mob al azar en: 2
[23:29:40] [Server thread/INFO]: Un gato galáctico invocará un mob al azar en: 2
[23:29:40] [Server thread/INFO]: Un gato galáctico invocará un mob al azar en: 2
[23:29:40] [Server thread/INFO]: Un gato galáctico invocará un mob al azar en: 2
[23:29:40] [Server thread/INFO]: Un gato galáctico invocará un mob al azar en: 2
[23:29:40] [Server thread/INFO]: Un gato galáctico invocará un mob al azar en: 2
[23:29:40] [Server thread/INFO]: Un gato galáctico invocará un mob al azar en: 2
[23:29:40] [Server thread/INFO]: Un gato galáctico invocará un mob al azar en: 2
[23:29:40] [Server thread/INFO]: Un gato galáctico invocará un mob al azar en: 2
[23:29:40] [Server thread/INFO]: Un gato galáctico invocará un mob al azar en: 2
[23:29:40] [Server thread/INFO]: Un gato galáctico invocará un mob al azar en: 2
[23:29:40] [Server thread/INFO]: Un gato galáctico invocará un mob al azar en: 2
[23:29:40] [Server thread/INFO]: Un gato galáctico invocará un mob al azar en: 2
[23:29:40] [Server thread/INFO]: Un gato galáctico invocará un mob al azar en: 2
[23:29:40] [Server thread/INFO]: Un gato galáctico invocará un mob al azar en: 2
[23:29:40] [Server thread/INFO]: Un gato galáctico invocará un mob al azar en: 2
[23:29:40] [Server thread/INFO]: Un gato galáctico invocará un mob al azar en: 2
[23:29:40] [Server thread/INFO]: Un gato galáctico invocará un mob al azar en: 2
[23:29:40] [Server thread/INFO]: Un gato galáctico invocará un mob al azar en: 2
[23:29:40] [Server thread/INFO]: Un gato galáctico invocará un mob al azar en: 2
[23:29:40] [Server thread/INFO]: Un gato galáctico invocará un mob al azar en: 2
[23:29:40] [Server thread/INFO]: Un gato galáctico invocará un mob al azar en: 2
[23:29:40] [Server thread/INFO]: Un gato galáctico invocará un mob al azar en: 2
[23:29:40] [Server thread/INFO]: Un gato galáctico invocará un mob al azar en: 2
[23:29:40] [Server thread/INFO]: Un gato galáctico invocará un mob al azar en: 2
[23:29:40] [Server thread/INFO]: Un gato galáctico invocará un mob al azar en: 2
[23:29:40] [Server thread/INFO]: Un gato galáctico invocará un mob al azar en: 2
[23:29:40] [Server thread/INFO]: Un gato galáctico invocará un mob al azar en: 2
[23:29:40] [Server thread/INFO]: Un gato galáctico invocará un mob al azar en: 2
[23:29:40] [Server thread/INFO]: Un gato galáctico invocará un mob al azar en: 2
[23:29:40] [Server thread/INFO]: Un gato galáctico invocará un mob al azar en: 2
[23:29:40] [Server thread/INFO]: Un gato galáctico invocará un mob al azar en: 2
[23:29:40] [Server thread/INFO]: Un gato galáctico invocará un mob al azar en: 2
[23:29:40] [Server thread/INFO]: Un gato galáctico invocará un mob al azar en: 2
[23:29:40] [Server thread/INFO]: Un gato galáctico invocará un mob al azar en: 2
[23:29:40] [Server thread/INFO]: Un gato galáctico invocará un mob al azar en: 2
[23:29:40] [Server thread/INFO]: Un gato galáctico invocará un mob al azar en: 2
[23:29:40] [Server thread/INFO]: Un gato galáctico invocará un mob al azar en: 2
[23:29:40] [Server thread/INFO]: Un gato galáctico invocará un mob al azar en: 2
[23:29:40] [Server thread/INFO]: Un gato galáctico invocará un mob al azar en: 2
[23:29:40] [Server thread/INFO]: Un gato galáctico invocará un mob al azar en: 2
[23:29:40] [Server thread/INFO]: Un gato galáctico invocará un mob al azar en: 2
[23:29:40] [Server thread/INFO]: Un gato galáctico invocará un mob al azar en: 2
[23:29:40] [Server thread/INFO]: Un gato galáctico invocará un mob al azar en: 2
[23:29:40] [Server thread/INFO]: Un gato galáctico invocará un mob al azar en: 2
[23:29:40] [Server thread/INFO]: Un gato galáctico invocará un mob al azar en: 2
[23:29:41] [Server thread/INFO]: La maldición de un Gato Galáctico ha comenzado en: -56, 62, 246
[23:29:41] [Server thread/INFO]: Un gato galáctico invocará un mob al azar en: 5
[23:29:41] [Server thread/INFO]: Un gato galáctico invocará un mob al azar en: 1
[23:29:41] [Server thread/INFO]: Un gato galáctico ha invicado un(a) Permadeath Demon (-112.74329561589184, 62.92859569887296, 206.95405030694198
[23:29:41] [Server thread/INFO]: Un gato galáctico invocará un mob al azar en: 1
[23:29:41] [Server thread/INFO]: Un gato galáctico ha invicado un(a) Giga MagmaCube (-108.49327967031323, 62.98635236182218, 206.87663910270868
[23:29:41] [Server thread/INFO]: Un gato galáctico invocará un mob al azar en: 1
[23:29:41] [Server thread/INFO]: Un gato galáctico ha invicado un(a) Ultra Ravager (-80.90303732208417, 63.046968456624555, 206.01383351082578
[23:29:41] [Server thread/INFO]: Un gato galáctico invocará un mob al azar en: 1
[23:29:41] [Server thread/INFO]: Un gato galáctico ha invicado un(a) Bruja Imposible (-68.87353525293956, 62.85862405110614, 174.93790509909815
[23:29:41] [Server thread/INFO]: Un gato galáctico invocará un mob al azar en: 1
[23:29:41] [Server thread/INFO]: Un gato galáctico ha invicado un(a) Gigante (-71.611089516991, 62.96148894928545, 175.99284923405324
[23:29:41] [Server thread/INFO]: Un gato galáctico invocará un mob al azar en: 1
[23:29:41] [Server thread/INFO]: Un gato galáctico ha invicado un(a) Esqueleto de Clase (-70.07155109225675, 62.882247352563496, 174.31018487072745
[23:29:41] [Server thread/INFO]: Un gato galáctico invocará un mob al azar en: 1
[23:29:41] [Server thread/INFO]: Un gato galáctico ha invicado un(a) Gato Supernova (-72.56563806857172, 62.9637904521648, 178.77136464457695
[23:29:41] [Server thread/INFO]: Un gato galáctico invocará un mob al azar en: 1
[23:29:41] [Server thread/INFO]: Un gato galáctico ha invicado un(a) Ghast Demoníaco (-72.71763613211412, 63.150295962696276, 176.87123113127336
[23:29:41] [Server thread/INFO]: Un gato galáctico invocará un mob al azar en: 1
[23:29:41] [Server thread/INFO]: Un gato galáctico ha invicado un(a) Gato Supernova (-67.19150495693019, 62.23094458551504, 178.6922337679493
[23:29:41] [Server thread/INFO]: Un gato galáctico invocará un mob al azar en: 1
[23:29:41] [Server thread/INFO]: Un gato galáctico ha invicado un(a) Bruja Imposible (-68.38873222542324, 62.502895972453985, 179.64168631996358
[23:29:41] [Server thread/INFO]: Un gato galáctico invocará un mob al azar en: 1
[23:29:41] [Server thread/INFO]: Un gato galáctico ha invicado un(a) Shulker Tnt (-71.45599803276954, 62.96987817695355, 178.83130252085203
[23:29:41] [Server thread/INFO]: Un gato galáctico invocará un mob al azar en: 1
[23:29:41] [Server thread/INFO]: Un gato galáctico ha invicado un(a) Pufferfish invulnerable (-67.40470891018006, 62.55593388472932, 177.74583663310582
[23:29:41] [Server thread/INFO]: Un gato galáctico invocará un mob al azar en: 1
[23:29:41] [Server thread/INFO]: Un gato galáctico ha invicado un(a) Giga Slime (-71.6799886376924, 62.518632134827975, 177.30926223852177
[23:29:41] [Server thread/INFO]: Un gato galáctico invocará un mob al azar en: 1
[23:29:41] [Server thread/INFO]: Un gato galáctico ha invicado un(a) Endermite Misterioso (-67.8752378766767, 63.07638520000081, 176.75357950042067
[23:29:41] [Server thread/INFO]: Un gato galáctico invocará un mob al azar en: 1
[23:29:41] [Server thread/INFO]: Un gato galáctico ha invicado un(a) Ender Quantum Creeper (-71.9634382602968, 62.27357887678954, 178.0534443331113
[23:29:41] [Server thread/INFO]: Un gato galáctico invocará un mob al azar en: 1
[23:29:41] [Server thread/INFO]: Un gato galáctico ha invicado un(a) Giga Phantom (-70.63551656089439, 62.28379957391423, 180.28353201803063
[23:29:41] [Server thread/INFO]: Un gato galáctico invocará un mob al azar en: 1
[23:29:41] [Server thread/INFO]: Un gato galáctico ha invicado un(a) Araña con Efectos (-69.36990654195075, 62.16943135834893, 179.93295907698672
[23:29:41] [Server thread/INFO]: Un gato galáctico invocará un mob al azar en: 1
[23:29:41] [Server thread/INFO]: Un gato galáctico ha invicado un(a) Demonio Flotante (-71.25771519558538, 62.915888819643065, 176.7504625107111
[23:29:41] [Server thread/INFO]: Un gato galáctico invocará un mob al azar en: 1
[23:29:41] [Server thread/INFO]: Un gato galáctico ha invicado un(a) Gigante (-70.59869842113015, 62.37248839384742, 177.8528003286799
[23:29:41] [Server thread/INFO]: Un gato galáctico invocará un mob al azar en: 1
[23:29:41] [Server thread/INFO]: Un gato galáctico ha invicado un(a) Gato Supernova (-71.33913300063713, 62.746950839280835, 178.32542893748993
[23:29:41] [Server thread/INFO]: Un gato galáctico invocará un mob al azar en: 1
[23:29:41] [Server thread/WARN]: [Permadeath] Task #264717 for Permadeath v1.3 generated an exception
java.lang.NullPointerException: null
	at tech.sebazcrc.permadeath.nms.v1_16_R3.NMSHandlerImpl.spawnNMSEntity(NMSHandlerImpl.java:326) ~[?:?]
	at tech.sebazcrc.permadeath.task.GatoGalacticoTask.run(GatoGalacticoTask.java:150) ~[?:?]
	at org.bukkit.craftbukkit.v1_16_R3.scheduler.CraftTask.run(CraftTask.java:101) ~[patched_1.16.5.jar:git-Paper-794]
	at org.bukkit.craftbukkit.v1_16_R3.scheduler.CraftScheduler.mainThreadHeartbeat(CraftScheduler.java:485) ~[patched_1.16.5.jar:git-Paper-794]
	at net.minecraft.server.v1_16_R3.MinecraftServer.b(MinecraftServer.java:1432) ~[patched_1.16.5.jar:git-Paper-794]
	at net.minecraft.server.v1_16_R3.DedicatedServer.b(DedicatedServer.java:436) ~[patched_1.16.5.jar:git-Paper-794]
	at net.minecraft.server.v1_16_R3.MinecraftServer.a(MinecraftServer.java:1347) ~[patched_1.16.5.jar:git-Paper-794]
	at net.minecraft.server.v1_16_R3.MinecraftServer.w(MinecraftServer.java:1135) ~[patched_1.16.5.jar:git-Paper-794]
	at net.minecraft.server.v1_16_R3.MinecraftServer.lambda$a$0(MinecraftServer.java:291) ~[patched_1.16.5.jar:git-Paper-794]
	at java.lang.Thread.run(Thread.java:829) [?:?]
[23:29:41] [Server thread/INFO]: Un gato galáctico invocará un mob al azar en: 1
[23:29:41] [Server thread/INFO]: Un gato galáctico ha invicado un(a) Wither Skeleton Emperador (-69.13606218918495, 62.11590683480119, 179.27758743922882
[23:29:41] [Server thread/INFO]: Un gato galáctico invocará un mob al azar en: 1
[23:29:41] [Server thread/INFO]: Un gato galáctico ha invicado un(a) Silverfish de la Muerte (-68.52810499549857, 62.04669305798377, 176.79169476037018
[23:29:41] [Server thread/INFO]: Un gato galáctico invocará un mob al azar en: 1
[23:29:41] [Server thread/INFO]: Un gato galáctico ha invicado un(a) Endermite Misterioso (-70.7583821419708, 62.490200367026176, 176.42052550961705
[23:29:41] [Server thread/INFO]: Un gato galáctico invocará un mob al azar en: 1
[23:29:41] [Server thread/INFO]: Un gato galáctico ha invicado un(a) Giga MagmaCube (-68.37482646555779, 62.861535742377335, 178.48481184100717
[23:29:41] [Server thread/INFO]: Un gato galáctico invocará un mob al azar en: 1
[23:29:41] [Server thread/INFO]: Un gato galáctico ha invicado un(a) Permadeath Demon (-69.80969839237902, 62.287454354665485, 177.50462987107719
[23:29:41] [Server thread/INFO]: Un gato galáctico invocará un mob al azar en: 1
[23:29:41] [Server thread/INFO]: Un gato galáctico ha invicado un(a) Silverfish de la Muerte (-70.04048502931524, 62.7779755531483, 178.69579844595935
[23:29:41] [Server thread/INFO]: Un gato galáctico invocará un mob al azar en: 1
[23:29:41] [Server thread/INFO]: Un gato galáctico ha invicado un(a) Araña con Efectos (-69.58889836851093, 62.390906517363966, 177.02819364110078
[23:29:41] [Server thread/INFO]: Un gato galáctico invocará un mob al azar en: 1
[23:29:41] [Server thread/INFO]: Un gato galáctico ha invicado un(a) Silverfish de la Muerte (-70.30267459695612, 62.60646388591379, 176.0346670144873
[23:29:41] [Server thread/INFO]: Un gato galáctico invocará un mob al azar en: 1
[23:29:41] [Server thread/INFO]: Un gato galáctico ha invicado un(a) Araña con Efectos (-68.1011600736487, 62.47158722396651, 177.65220053345075
[23:29:41] [Server thread/INFO]: Un gato galáctico invocará un mob al azar en: 1
[23:29:41] [Server thread/INFO]: Un gato galáctico ha invicado un(a) Shulker Tnt (-70.25155937111208, 63.037934399463225, 177.51833900342245
[23:29:41] [Server thread/INFO]: Un gato galáctico invocará un mob al azar en: 1
[23:29:41] [Server thread/INFO]: Un gato galáctico ha invicado un(a) Bruja Imposible (-69.20306997504682, 62.90972900460853, 178.32013767468143
[23:29:41] [Server thread/INFO]: Un gato galáctico invocará un mob al azar en: 1
[23:29:41] [Server thread/INFO]: Un gato galáctico ha invicado un(a) Silverfish de la Muerte (-65.24735303938449, 62.92291729982415, 217.76762666796753
[23:29:41] [Server thread/INFO]: Un gato galáctico invocará un mob al azar en: 1
[23:29:41] [Server thread/INFO]: Un gato galáctico ha invicado un(a) Esqueleto de Clase (-71.51729083985607, 64.0, 257.4064537964318
[23:29:41] [Server thread/INFO]: Un gato galáctico invocará un mob al azar en: 1
[23:29:41] [Server thread/INFO]: Un gato galáctico ha invicado un(a) Gigante (-59.3097297762688, 62.091540585221175, 207.78554957281264
[23:29:41] [Server thread/INFO]: Un gato galáctico invocará un mob al azar en: 1
[23:29:41] [Server thread/INFO]: Un gato galáctico ha invicado un(a) Permadeath Demon (-32.69114626536576, 68.0, 246.31158654247557
[23:29:41] [Server thread/INFO]: Un gato galáctico invocará un mob al azar en: 1
[23:29:41] [Server thread/INFO]: Un gato galáctico ha invicado un(a) Endermite Misterioso (-20.299885470458765, 62.492877938047485, 210.48981036518867
[23:29:41] [Server thread/INFO]: Un gato galáctico invocará un mob al azar en: 1
[23:29:41] [Server thread/INFO]: Un gato galáctico ha invicado un(a) Silverfish de la Muerte (-28.933188417801663, 70.0, 245.51014940396672
[23:29:41] [Server thread/INFO]: Un gato galáctico invocará un mob al azar en: 1
[23:29:41] [Server thread/INFO]: Un gato galáctico ha invicado un(a) Pufferfish invulnerable (-20.379130514339963, 72.0, 272.3791866253186
[23:29:41] [Server thread/INFO]: Un gato galáctico invocará un mob al azar en: 1
[23:29:41] [Server thread/INFO]: Un gato galáctico ha invicado un(a) Endermite Misterioso (-10.359256186536413, 74.0, 263.64111657904357
[23:29:41] [Server thread/INFO]: Un gato galáctico invocará un mob al azar en: 1
[23:29:41] [Server thread/INFO]: Un gato galáctico ha invicado un(a) Gigante (-10.700779936235167, 74.0, 265.67238329282185
[23:29:41] [Server thread/INFO]: Un gato galáctico invocará un mob al azar en: 1
[23:29:41] [Server thread/INFO]: Un gato galáctico ha invicado un(a) Giga MagmaCube (9.848142460897934, 60.0, 226.3449914597868
[23:29:41] [Server thread/INFO]: Un gato galáctico invocará un mob al azar en: 1
[23:29:41] [Server thread/INFO]: Un gato galáctico ha invicado un(a) Endermite Misterioso (14.490703345025011, 74.0, 234.52557277826102
[23:29:41] [Server thread/INFO]: Un gato galáctico invocará un mob al azar en: 1
[23:29:41] [Server thread/INFO]: Un gato galáctico ha invicado un(a) Ghast Demoníaco (24.04900297332785, 70.0, 222.93785212320964
[23:29:41] [Server thread/INFO]: Un gato galáctico invocará un mob al azar en: 1
[23:29:41] [Server thread/INFO]: Un gato galáctico ha invicado un(a) Permadeath Demon (-86.05632071618938, 66.0, 287.3928758449893
[23:29:41] [Server thread/INFO]: Un gato galáctico invocará un mob al azar en: 1
[23:29:41] [Server thread/INFO]: Un gato galáctico ha invicado un(a) Quantum Creeper (-43.189233283401336, 62.7531999805212, 219.69999998807907
[23:29:41] [Server thread/INFO]: Un gato galáctico invocará un mob al azar en: 1
[23:29:41] [Server thread/INFO]: Un gato galáctico ha invicado un(a) Ultra Ravager (-44.150000005960464, 59.0, 240.84999999403954
[23:29:41] [Server thread/INFO]: Un gato galáctico invocará un mob al azar en: 1
[23:29:41] [Server thread/INFO]: Un gato galáctico ha invicado un(a) Ender Quantum Creeper (-38.30000001192093, 56.0, 240.69999998807907
[23:29:41] [Server thread/INFO]: Un gato galáctico invocará un mob al azar en: 1
[23:29:41] [Server thread/INFO]: Un gato galáctico ha invicado un(a) Gato Supernova (-24.922786567449467, 48.295000011920926, 221.69999998807907
[23:29:41] [Server thread/INFO]: Un gato galáctico invocará un mob al azar en: 1
[23:29:41] [Server thread/INFO]: Un gato galáctico ha invicado un(a) Giga MagmaCube (-21.352509736280464, 46.650000005960464, 237.8311079885852
[23:29:41] [Server thread/INFO]: Un gato galáctico invocará un mob al azar en: 1
[23:29:41] [Server thread/INFO]: Un gato galáctico ha invicado un(a) Bruja Imposible (-8.40305781850388, 43.0, 229.1480964599905
[23:29:41] [Server thread/INFO]: Un gato galáctico invocará un mob al azar en: 1
[23:29:41] [Server thread/INFO]: Un gato galáctico ha invicado un(a) Araña con Efectos (-15.938387843955816, 47.0, 240.69999998807907
[23:29:41] [Server thread/INFO]: Un gato galáctico invocará un mob al azar en: 1
[23:29:41] [Server thread/INFO]: Un gato galáctico ha invicado un(a) Endermite Misterioso (11.699999988079071, 56.0, 226.69999998807907
[23:29:41] [Server thread/INFO]: Un gato galáctico invocará un mob al azar en: 1
[23:29:41] [Server thread/INFO]: Un gato galáctico ha invicado un(a) Wither Skeleton Emperador (18.934897102541733, 72.15666919465905, 251.64119415705173
[23:29:41] [Server thread/INFO]: Un gato galáctico ha invicado un(a) Ender Quantum Creeper (-67.78125931565813, 62.82175919474908, 179.39363022474325
[23:29:41] [Server thread/INFO]: Un gato galáctico invocará un mob al azar en: 4
[23:29:41] [Server thread/INFO]: Un gato galáctico invocará un mob al azar en: 3
[23:29:42] [Server thread/INFO]: Un gato galáctico invocará un mob al azar en: 2
[23:29:42] [Server thread/INFO]: Un gato galáctico invocará un mob al azar en: 1
[23:29:42] [Server thread/INFO]: Un gato galáctico ha invicado un(a) Gato Supernova (-56.1685672431628, 62.23037359677749, 246.84180331244144
[23:29:46] [Async Chat Thread - #16/INFO]: <TTottaly_RED> OE MRD
[23:30:02] [Server thread/INFO]: RompOrTos issued server command: /tp TTottaly_RED RompOrTos
[23:30:30] [Server thread/INFO]: La maldición de un Gato Galáctico ha comenzado en: 1, 49, 214
[23:30:30] [Server thread/INFO]: Un gato galáctico invocará un mob al azar en: 5
[23:30:31] [Server thread/INFO]: Un gato galáctico invocará un mob al azar en: 4
[23:30:32] [Server thread/INFO]: Un gato galáctico invocará un mob al azar en: 3
[23:30:32] [Async Chat Thread - #16/INFO]: <TTottaly_RED> oe pero cq
[23:30:33] [Server thread/INFO]: Un gato galáctico invocará un mob al azar en: 2
[23:30:34] [Server thread/INFO]: Un gato galáctico invocará un mob al azar en: 1
[23:30:34] [Server thread/INFO]: Un gato galáctico ha invicado un(a) Ultra Ravager (1.699999988079071, 49.295000011920926, 214.2876644461897
[23:30:44] [Server thread/INFO]: La maldición de un Gato Galáctico ha comenzado en: -53, 64, 229
[23:30:44] [Server thread/INFO]: La maldición de un Gato Galáctico ha comenzado en: -52, 64, 230
[23:30:44] [Server thread/INFO]: La maldición de un Gato Galáctico ha comenzado en: -54, 64, 235
[23:30:44] [Server thread/INFO]: La maldición de un Gato Galáctico ha comenzado en: -50, 64, 236
[23:30:44] [Server thread/INFO]: La maldición de un Gato Galáctico ha comenzado en: -42, 60, 223
[23:30:44] [Server thread/INFO]: La maldición de un Gato Galáctico ha comenzado en: -34, 45, 232
[23:30:44] [Server thread/INFO]: La maldición de un Gato Galáctico ha comenzado en: -25, 62, 213
[23:30:44] [Server thread/INFO]: La maldición de un Gato Galáctico ha comenzado en: -24, 46, 226
[23:30:44] [Server thread/INFO]: La maldición de un Gato Galáctico ha comenzado en: -28, 62, 249
[23:30:44] [Server thread/INFO]: La maldición de un Gato Galáctico ha comenzado en: -7, 62, 24
[23:30:44] [Server thread/INFO]: La maldición de un Gato Galáctico ha comenzado en: -2, 62, 42
[23:30:44] [Server thread/INFO]: La maldición de un Gato Galáctico ha comenzado en: -2, 62, 39
[23:30:44] [Server thread/INFO]: La maldición de un Gato Galáctico ha comenzado en: -2, 62, 50
[23:30:44] [Server thread/INFO]: La maldición de un Gato Galáctico ha comenzado en: -2, 62, 50
[23:30:44] [Server thread/INFO]: La maldición de un Gato Galáctico ha comenzado en: -2, 62, 50
[23:30:44] [Server thread/INFO]: La maldición de un Gato Galáctico ha comenzado en: -2, 62, 50
[23:30:44] [Server thread/INFO]: La maldición de un Gato Galáctico ha comenzado en: -3, 62, 50
[23:30:44] [Server thread/INFO]: La maldición de un Gato Galáctico ha comenzado en: -2, 62, 50
[23:30:44] [Server thread/INFO]: La maldición de un Gato Galáctico ha comenzado en: -2, 62, 50
[23:30:44] [Server thread/INFO]: La maldición de un Gato Galáctico ha comenzado en: -2, 62, 50
[23:30:44] [Server thread/INFO]: La maldición de un Gato Galáctico ha comenzado en: -2, 62, 50
[23:30:44] [Server thread/INFO]: La maldición de un Gato Galáctico ha comenzado en: -3, 62, 50
[23:30:44] [Server thread/INFO]: La maldición de un Gato Galáctico ha comenzado en: -3, 62, 50
[23:30:44] [Server thread/INFO]: La maldición de un Gato Galáctico ha comenzado en: -3, 62, 50
[23:30:44] [Server thread/INFO]: La maldición de un Gato Galáctico ha comenzado en: -3, 62, 50
[23:30:44] [Server thread/INFO]: La maldición de un Gato Galáctico ha comenzado en: -3, 62, 50
[23:30:44] [Server thread/INFO]: La maldición de un Gato Galáctico ha comenzado en: -3, 62, 50
[23:30:44] [Server thread/INFO]: La maldición de un Gato Galáctico ha comenzado en: -3, 62, 50
[23:30:44] [Server thread/INFO]: La maldición de un Gato Galáctico ha comenzado en: -3, 62, 50
[23:30:44] [Server thread/INFO]: La maldición de un Gato Galáctico ha comenzado en: -3, 62, 50
[23:30:44] [Server thread/INFO]: La maldición de un Gato Galáctico ha comenzado en: -3, 62, 50
[23:30:44] [Server thread/INFO]: La maldición de un Gato Galáctico ha comenzado en: -3, 62, 50
[23:30:44] [Server thread/INFO]: La maldición de un Gato Galáctico ha comenzado en: -3, 62, 50
[23:30:44] [Server thread/INFO]: La maldición de un Gato Galáctico ha comenzado en: -3, 62, 50
[23:30:44] [Server thread/INFO]: La maldición de un Gato Galáctico ha comenzado en: -3, 62, 50
[23:30:44] [Server thread/INFO]: La maldición de un Gato Galáctico ha comenzado en: -3, 62, 50
[23:30:44] [Server thread/INFO]: La maldición de un Gato Galáctico ha comenzado en: -3, 62, 50
[23:30:44] [Server thread/INFO]: La maldición de un Gato Galáctico ha comenzado en: -3, 62, 50
[23:30:44] [Server thread/INFO]: La maldición de un Gato Galáctico ha comenzado en: -3, 62, 50
[23:30:44] [Server thread/INFO]: La maldición de un Gato Galáctico ha comenzado en: -3, 62, 50
[23:30:44] [Server thread/INFO]: La maldición de un Gato Galáctico ha comenzado en: -3, 62, 50
[23:30:44] [Server thread/INFO]: La maldición de un Gato Galáctico ha comenzado en: -3, 62, 50
[23:30:44] [Server thread/INFO]: La maldición de un Gato Galáctico ha comenzado en: -3, 62, 50
[23:30:44] [Server thread/INFO]: La maldición de un Gato Galáctico ha comenzado en: -3, 62, 50
[23:30:44] [Server thread/INFO]: La maldición de un Gato Galáctico ha comenzado en: -3, 62, 50
[23:30:44] [Server thread/INFO]: La maldición de un Gato Galáctico ha comenzado en: -2, 62, 50
[23:30:44] [Server thread/INFO]: La maldición de un Gato Galáctico ha comenzado en: -2, 62, 50
[23:30:44] [Server thread/INFO]: La maldición de un Gato Galáctico ha comenzado en: -2, 62, 50
[23:30:44] [Server thread/INFO]: La maldición de un Gato Galáctico ha comenzado en: -3, 62, 50
[23:30:44] [Server thread/INFO]: La maldición de un Gato Galáctico ha comenzado en: -2, 62, 51
[23:30:44] [Server thread/INFO]: La maldición de un Gato Galáctico ha comenzado en: -2, 62, 51
[23:30:44] [Server thread/INFO]: La maldición de un Gato Galáctico ha comenzado en: -3, 62, 51
[23:30:45] [Server thread/INFO]: La maldición de un Gato Galáctico ha comenzado en: -2, 63, 71
[23:30:45] [Server thread/INFO]: La maldición de un Gato Galáctico ha comenzado en: -3, 62, 73
[23:30:45] [Server thread/INFO]: La maldición de un Gato Galáctico ha comenzado en: -4, 62, 75
[23:30:45] [Server thread/INFO]: La maldición de un Gato Galáctico ha comenzado en: -4, 62, 76
[23:30:45] [Server thread/INFO]: La maldición de un Gato Galáctico ha comenzado en: -5, 62, 77
[23:30:45] [Server thread/INFO]: La maldición de un Gato Galáctico ha comenzado en: -5, 62, 78
[23:30:45] [Server thread/INFO]: La maldición de un Gato Galáctico ha comenzado en: -5, 62, 77
[23:30:45] [Server thread/INFO]: La maldición de un Gato Galáctico ha comenzado en: -4, 62, 76
[23:30:45] [Server thread/INFO]: La maldición de un Gato Galáctico ha comenzado en: -4, 62, 75
[23:30:45] [Server thread/INFO]: La maldición de un Gato Galáctico ha comenzado en: -4, 62, 75
[23:30:45] [Server thread/INFO]: La maldición de un Gato Galáctico ha comenzado en: -4, 62, 74
[23:30:45] [Server thread/INFO]: La maldición de un Gato Galáctico ha comenzado en: -4, 62, 73
[23:30:45] [Server thread/INFO]: La maldición de un Gato Galáctico ha comenzado en: -4, 63, 73
[23:30:45] [Server thread/INFO]: La maldición de un Gato Galáctico ha comenzado en: -5, 62, 73
[23:30:45] [Server thread/INFO]: La maldición de un Gato Galáctico ha comenzado en: -5, 62, 73
[23:30:45] [Server thread/INFO]: La maldición de un Gato Galáctico ha comenzado en: -5, 62, 73
[23:30:45] [Server thread/INFO]: La maldición de un Gato Galáctico ha comenzado en: -5, 62, 73
[23:30:45] [Server thread/INFO]: La maldición de un Gato Galáctico ha comenzado en: -5, 62, 73
[23:30:45] [Server thread/INFO]: La maldición de un Gato Galáctico ha comenzado en: -5, 62, 73
[23:30:45] [Server thread/INFO]: La maldición de un Gato Galáctico ha comenzado en: -5, 62, 73
[23:30:45] [Server thread/INFO]: La maldición de un Gato Galáctico ha comenzado en: -4, 62, 74
[23:30:45] [Server thread/INFO]: La maldición de un Gato Galáctico ha comenzado en: -3, 62, 74
[23:30:45] [Server thread/INFO]: La maldición de un Gato Galáctico ha comenzado en: -3, 63, 74
[23:30:45] [Server thread/INFO]: La maldición de un Gato Galáctico ha comenzado en: -2, 62, 74
[23:30:45] [Server thread/INFO]: La maldición de un Gato Galáctico ha comenzado en: -2, 62, 74
[23:30:45] [Server thread/INFO]: La maldición de un Gato Galáctico ha comenzado en: -2, 62, 75
[23:30:45] [Server thread/INFO]: La maldición de un Gato Galáctico ha comenzado en: -2, 62, 75
[23:30:45] [Server thread/INFO]: La maldición de un Gato Galáctico ha comenzado en: -3, 62, 75
[23:30:45] [Server thread/INFO]: La maldición de un Gato Galáctico ha comenzado en: -3, 62, 75
[23:30:45] [Server thread/INFO]: La maldición de un Gato Galáctico ha comenzado en: -4, 62, 75
[23:30:45] [Server thread/INFO]: La maldición de un Gato Galáctico ha comenzado en: -4, 62, 75
[23:30:45] [Server thread/INFO]: La maldición de un Gato Galáctico ha comenzado en: -6, 62, 75
[23:30:45] [Server thread/INFO]: La maldición de un Gato Galáctico ha comenzado en: -6, 63, 75
[23:30:45] [Server thread/INFO]: La maldición de un Gato Galáctico ha comenzado en: -6, 62, 75
[23:30:45] [Server thread/INFO]: La maldición de un Gato Galáctico ha comenzado en: -6, 63, 75
[23:30:45] [Server thread/INFO]: La maldición de un Gato Galáctico ha comenzado en: -7, 62, 75
[23:30:45] [Server thread/INFO]: La maldición de un Gato Galáctico ha comenzado en: -8, 40, 221
[23:30:45] [Server thread/INFO]: La maldición de un Gato Galáctico ha comenzado en: -3, 41, 228
[23:30:45] [Server thread/INFO]: La maldición de un Gato Galáctico ha comenzado en: -11, 65, 250
[23:30:45] [Server thread/INFO]: La maldición de un Gato Galáctico ha comenzado en: 4, 75, 266
[23:30:45] [Server thread/INFO]: La maldición de un Gato Galáctico ha comenzado en: 6, 73, 281
[23:30:45] [Server thread/INFO]: La maldición de un Gato Galáctico ha comenzado en: 26, 65, 236
[23:30:45] [Server thread/INFO]: La maldición de un Gato Galáctico ha comenzado en: 17, 73, 263
[23:30:45] [Server thread/INFO]: La maldición de un Gato Galáctico ha comenzado en: 42, 74, 250
[23:30:45] [Server thread/INFO]: La maldición de un Gato Galáctico ha comenzado en: 33, 75, 253
[23:30:45] [Server thread/INFO]: Un gato galáctico invocará un mob al azar en: 5
[23:30:45] [Server thread/INFO]: Un gato galáctico invocará un mob al azar en: 5
[23:30:45] [Server thread/INFO]: Un gato galáctico invocará un mob al azar en: 5
[23:30:45] [Server thread/INFO]: Un gato galáctico invocará un mob al azar en: 5
[23:30:45] [Server thread/INFO]: Un gato galáctico invocará un mob al azar en: 5
[23:30:45] [Server thread/INFO]: Un gato galáctico invocará un mob al azar en: 5
[23:30:45] [Server thread/INFO]: Un gato galáctico invocará un mob al azar en: 5
[23:30:45] [Server thread/INFO]: Un gato galáctico invocará un mob al azar en: 5
[23:30:45] [Server thread/INFO]: Un gato galáctico invocará un mob al azar en: 5
[23:30:45] [Server thread/INFO]: Un gato galáctico invocará un mob al azar en: 5
[23:30:45] [Server thread/INFO]: Un gato galáctico invocará un mob al azar en: 5
[23:30:45] [Server thread/INFO]: Un gato galáctico invocará un mob al azar en: 5
[23:30:45] [Server thread/INFO]: Un gato galáctico invocará un mob al azar en: 5
[23:30:45] [Server thread/INFO]: Un gato galáctico invocará un mob al azar en: 5
[23:30:45] [Server thread/INFO]: Un gato galáctico invocará un mob al azar en: 5
[23:30:45] [Server thread/INFO]: Un gato galáctico invocará un mob al azar en: 5
[23:30:45] [Server thread/INFO]: Un gato galáctico invocará un mob al azar en: 5
[23:30:45] [Server thread/INFO]: Un gato galáctico invocará un mob al azar en: 5
[23:30:45] [Server thread/INFO]: Un gato galáctico invocará un mob al azar en: 5
[23:30:45] [Server thread/INFO]: Un gato galáctico invocará un mob al azar en: 5
[23:30:45] [Server thread/INFO]: Un gato galáctico invocará un mob al azar en: 5
[23:30:45] [Server thread/INFO]: Un gato galáctico invocará un mob al azar en: 5
[23:30:45] [Server thread/INFO]: Un gato galáctico invocará un mob al azar en: 5
[23:30:45] [Server thread/INFO]: Un gato galáctico invocará un mob al azar en: 5
[23:30:45] [Server thread/INFO]: Un gato galáctico invocará un mob al azar en: 5
[23:30:45] [Server thread/INFO]: Un gato galáctico invocará un mob al azar en: 5
[23:30:45] [Server thread/INFO]: Un gato galáctico invocará un mob al azar en: 5
[23:30:45] [Server thread/INFO]: Un gato galáctico invocará un mob al azar en: 5
[23:30:45] [Server thread/INFO]: Un gato galáctico invocará un mob al azar en: 5
[23:30:45] [Server thread/INFO]: Un gato galáctico invocará un mob al azar en: 5
[23:30:45] [Server thread/INFO]: Un gato galáctico invocará un mob al azar en: 5
[23:30:45] [Server thread/INFO]: Un gato galáctico invocará un mob al azar en: 5
[23:30:45] [Server thread/INFO]: Un gato galáctico invocará un mob al azar en: 5
[23:30:45] [Server thread/INFO]: Un gato galáctico invocará un mob al azar en: 5
[23:30:45] [Server thread/INFO]: Un gato galáctico invocará un mob al azar en: 5
[23:30:45] [Server thread/INFO]: Un gato galáctico invocará un mob al azar en: 5
[23:30:45] [Server thread/INFO]: Un gato galáctico invocará un mob al azar en: 5
[23:30:45] [Server thread/INFO]: Un gato galáctico invocará un mob al azar en: 5
[23:30:45] [Server thread/INFO]: Un gato galáctico invocará un mob al azar en: 5
[23:30:45] [Server thread/INFO]: Un gato galáctico invocará un mob al azar en: 5
[23:30:45] [Server thread/INFO]: Un gato galáctico invocará un mob al azar en: 5
[23:30:45] [Server thread/INFO]: Un gato galáctico invocará un mob al azar en: 5
[23:30:45] [Server thread/INFO]: Un gato galáctico invocará un mob al azar en: 5
[23:30:45] [Server thread/INFO]: Un gato galáctico invocará un mob al azar en: 5
[23:30:45] [Server thread/INFO]: Un gato galáctico invocará un mob al azar en: 5
[23:30:45] [Server thread/INFO]: Un gato galáctico invocará un mob al azar en: 5
[23:30:45] [Server thread/INFO]: Un gato galáctico invocará un mob al azar en: 5
[23:30:45] [Server thread/INFO]: Un gato galáctico invocará un mob al azar en: 5
[23:30:45] [Server thread/INFO]: Un gato galáctico invocará un mob al azar en: 5
[23:30:45] [Server thread/INFO]: Un gato galáctico invocará un mob al azar en: 5
[23:30:45] [Server thread/INFO]: Un gato galáctico invocará un mob al azar en: 5
[23:30:45] [Server thread/INFO]: Un gato galáctico invocará un mob al azar en: 5
[23:30:45] [Server thread/INFO]: Un gato galáctico invocará un mob al azar en: 5
[23:30:45] [Server thread/INFO]: Un gato galáctico invocará un mob al azar en: 5
[23:30:45] [Server thread/INFO]: Un gato galáctico invocará un mob al azar en: 5
[23:30:45] [Server thread/INFO]: Un gato galáctico invocará un mob al azar en: 5
[23:30:45] [Server thread/INFO]: Un gato galáctico invocará un mob al azar en: 5
[23:30:45] [Server thread/INFO]: Un gato galáctico invocará un mob al azar en: 5
[23:30:45] [Server thread/INFO]: Un gato galáctico invocará un mob al azar en: 5
[23:30:45] [Server thread/INFO]: Un gato galáctico invocará un mob al azar en: 5
[23:30:45] [Server thread/INFO]: Un gato galáctico invocará un mob al azar en: 5
[23:30:45] [Server thread/INFO]: Un gato galáctico invocará un mob al azar en: 5
[23:30:45] [Server thread/INFO]: Un gato galáctico invocará un mob al azar en: 5
[23:30:45] [Server thread/INFO]: Un gato galáctico invocará un mob al azar en: 5
[23:30:45] [Server thread/INFO]: Un gato galáctico invocará un mob al azar en: 5
[23:30:45] [Server thread/INFO]: Un gato galáctico invocará un mob al azar en: 5
[23:30:45] [Server thread/INFO]: Un gato galáctico invocará un mob al azar en: 5
[23:30:45] [Server thread/INFO]: Un gato galáctico invocará un mob al azar en: 5
[23:30:45] [Server thread/INFO]: Un gato galáctico invocará un mob al azar en: 5
[23:30:45] [Server thread/INFO]: Un gato galáctico invocará un mob al azar en: 5
[23:30:45] [Server thread/INFO]: Un gato galáctico invocará un mob al azar en: 5
[23:30:45] [Server thread/INFO]: Un gato galáctico invocará un mob al azar en: 5
[23:30:45] [Server thread/INFO]: Un gato galáctico invocará un mob al azar en: 5
[23:30:45] [Server thread/INFO]: Un gato galáctico invocará un mob al azar en: 5
[23:30:45] [Server thread/INFO]: Un gato galáctico invocará un mob al azar en: 5
[23:30:45] [Server thread/INFO]: Un gato galáctico invocará un mob al azar en: 5
[23:30:45] [Server thread/INFO]: Un gato galáctico invocará un mob al azar en: 5
[23:30:45] [Server thread/INFO]: Un gato galáctico invocará un mob al azar en: 5
[23:30:45] [Server thread/INFO]: Un gato galáctico invocará un mob al azar en: 5
[23:30:45] [Server thread/INFO]: Un gato galáctico invocará un mob al azar en: 5
[23:30:45] [Server thread/INFO]: Un gato galáctico invocará un mob al azar en: 5
[23:30:45] [Server thread/INFO]: Un gato galáctico invocará un mob al azar en: 5
[23:30:45] [Server thread/INFO]: Un gato galáctico invocará un mob al azar en: 5
[23:30:45] [Server thread/INFO]: Un gato galáctico invocará un mob al azar en: 5
[23:30:45] [Server thread/INFO]: Un gato galáctico invocará un mob al azar en: 5
[23:30:45] [Server thread/INFO]: Un gato galáctico invocará un mob al azar en: 5
[23:30:45] [Server thread/INFO]: Un gato galáctico invocará un mob al azar en: 5
[23:30:45] [Server thread/INFO]: Un gato galáctico invocará un mob al azar en: 5
[23:30:45] [Server thread/INFO]: Un gato galáctico invocará un mob al azar en: 5
[23:30:45] [Server thread/INFO]: Un gato galáctico invocará un mob al azar en: 5
[23:30:45] [Server thread/INFO]: Un gato galáctico invocará un mob al azar en: 5
[23:30:45] [Server thread/INFO]: Un gato galáctico invocará un mob al azar en: 5
[23:30:45] [Server thread/INFO]: Un gato galáctico invocará un mob al azar en: 5
[23:30:45] [Server thread/INFO]: Un gato galáctico invocará un mob al azar en: 5
[23:30:45] [Server thread/INFO]: Un gato galáctico invocará un mob al azar en: 5
[23:30:45] [Server thread/INFO]: Un gato galáctico invocará un mob al azar en: 5
[23:30:45] [Server thread/INFO]: Un gato galáctico invocará un mob al azar en: 5
[23:30:45] [Server thread/INFO]: Un gato galáctico invocará un mob al azar en: 4
[23:30:45] [Server thread/INFO]: Un gato galáctico invocará un mob al azar en: 4
[23:30:45] [Server thread/INFO]: Un gato galáctico invocará un mob al azar en: 4
[23:30:45] [Server thread/INFO]: Un gato galáctico invocará un mob al azar en: 4
[23:30:45] [Server thread/INFO]: Un gato galáctico invocará un mob al azar en: 4
[23:30:45] [Server thread/INFO]: Un gato galáctico invocará un mob al azar en: 4
[23:30:45] [Server thread/INFO]: Un gato galáctico invocará un mob al azar en: 4
[23:30:45] [Server thread/INFO]: Un gato galáctico invocará un mob al azar en: 4
[23:30:45] [Server thread/INFO]: Un gato galáctico invocará un mob al azar en: 4
[23:30:45] [Server thread/INFO]: Un gato galáctico invocará un mob al azar en: 4
[23:30:45] [Server thread/INFO]: Un gato galáctico invocará un mob al azar en: 4
[23:30:45] [Server thread/INFO]: Un gato galáctico invocará un mob al azar en: 4
[23:30:45] [Server thread/INFO]: Un gato galáctico invocará un mob al azar en: 4
[23:30:45] [Server thread/INFO]: Un gato galáctico invocará un mob al azar en: 4
[23:30:45] [Server thread/INFO]: Un gato galáctico invocará un mob al azar en: 4
[23:30:45] [Server thread/INFO]: Un gato galáctico invocará un mob al azar en: 4
[23:30:45] [Server thread/INFO]: Un gato galáctico invocará un mob al azar en: 4
[23:30:45] [Server thread/INFO]: Un gato galáctico invocará un mob al azar en: 4
[23:30:45] [Server thread/INFO]: Un gato galáctico invocará un mob al azar en: 4
[23:30:45] [Server thread/INFO]: Un gato galáctico invocará un mob al azar en: 4
[23:30:45] [Server thread/INFO]: Un gato galáctico invocará un mob al azar en: 4
[23:30:45] [Server thread/INFO]: Un gato galáctico invocará un mob al azar en: 4
[23:30:45] [Server thread/INFO]: Un gato galáctico invocará un mob al azar en: 4
[23:30:45] [Server thread/INFO]: Un gato galáctico invocará un mob al azar en: 4
[23:30:45] [Server thread/INFO]: Un gato galáctico invocará un mob al azar en: 4
[23:30:45] [Server thread/INFO]: Un gato galáctico invocará un mob al azar en: 4
[23:30:45] [Server thread/INFO]: Un gato galáctico invocará un mob al azar en: 4
[23:30:45] [Server thread/INFO]: Un gato galáctico invocará un mob al azar en: 4
[23:30:45] [Server thread/INFO]: Un gato galáctico invocará un mob al azar en: 4
[23:30:45] [Server thread/INFO]: Un gato galáctico invocará un mob al azar en: 4
[23:30:45] [Server thread/INFO]: Un gato galáctico invocará un mob al azar en: 4
[23:30:45] [Server thread/INFO]: Un gato galáctico invocará un mob al azar en: 4
[23:30:45] [Server thread/INFO]: Un gato galáctico invocará un mob al azar en: 4
[23:30:45] [Server thread/INFO]: Un gato galáctico invocará un mob al azar en: 4
[23:30:45] [Server thread/INFO]: Un gato galáctico invocará un mob al azar en: 4
[23:30:45] [Server thread/INFO]: Un gato galáctico invocará un mob al azar en: 4
[23:30:45] [Server thread/INFO]: Un gato galáctico invocará un mob al azar en: 4
[23:30:45] [Server thread/INFO]: Un gato galáctico invocará un mob al azar en: 4
[23:30:45] [Server thread/INFO]: Un gato galáctico invocará un mob al azar en: 4
[23:30:45] [Server thread/INFO]: Un gato galáctico invocará un mob al azar en: 4
[23:30:45] [Server thread/INFO]: Un gato galáctico invocará un mob al azar en: 4
[23:30:45] [Server thread/INFO]: Un gato galáctico invocará un mob al azar en: 4
[23:30:45] [Server thread/INFO]: Un gato galáctico invocará un mob al azar en: 4
[23:30:45] [Server thread/INFO]: Un gato galáctico invocará un mob al azar en: 4
[23:30:45] [Server thread/INFO]: Un gato galáctico invocará un mob al azar en: 4
[23:30:45] [Server thread/INFO]: Un gato galáctico invocará un mob al azar en: 4
[23:30:45] [Server thread/INFO]: Un gato galáctico invocará un mob al azar en: 4
[23:30:45] [Server thread/INFO]: Un gato galáctico invocará un mob al azar en: 4
[23:30:45] [Server thread/INFO]: Un gato galáctico invocará un mob al azar en: 4
[23:30:45] [Server thread/INFO]: Un gato galáctico invocará un mob al azar en: 4
[23:30:45] [Server thread/INFO]: Un gato galáctico invocará un mob al azar en: 4
[23:30:45] [Server thread/INFO]: Un gato galáctico invocará un mob al azar en: 4
[23:30:45] [Server thread/INFO]: Un gato galáctico invocará un mob al azar en: 4
[23:30:45] [Server thread/INFO]: Un gato galáctico invocará un mob al azar en: 4
[23:30:45] [Server thread/INFO]: Un gato galáctico invocará un mob al azar en: 4
[23:30:45] [Server thread/INFO]: Un gato galáctico invocará un mob al azar en: 4
[23:30:45] [Server thread/INFO]: Un gato galáctico invocará un mob al azar en: 4
[23:30:45] [Server thread/INFO]: Un gato galáctico invocará un mob al azar en: 4
[23:30:45] [Server thread/INFO]: Un gato galáctico invocará un mob al azar en: 4
[23:30:45] [Server thread/INFO]: Un gato galáctico invocará un mob al azar en: 4
[23:30:45] [Server thread/INFO]: Un gato galáctico invocará un mob al azar en: 4
[23:30:45] [Server thread/INFO]: Un gato galáctico invocará un mob al azar en: 4
[23:30:45] [Server thread/INFO]: Un gato galáctico invocará un mob al azar en: 4
[23:30:45] [Server thread/INFO]: Un gato galáctico invocará un mob al azar en: 4
[23:30:45] [Server thread/INFO]: Un gato galáctico invocará un mob al azar en: 4
[23:30:45] [Server thread/INFO]: Un gato galáctico invocará un mob al azar en: 4
[23:30:45] [Server thread/INFO]: Un gato galáctico invocará un mob al azar en: 4
[23:30:45] [Server thread/INFO]: Un gato galáctico invocará un mob al azar en: 4
[23:30:45] [Server thread/INFO]: Un gato galáctico invocará un mob al azar en: 4
[23:30:45] [Server thread/INFO]: Un gato galáctico invocará un mob al azar en: 4
[23:30:45] [Server thread/INFO]: Un gato galáctico invocará un mob al azar en: 4
[23:30:45] [Server thread/INFO]: Un gato galáctico invocará un mob al azar en: 4
[23:30:45] [Server thread/INFO]: Un gato galáctico invocará un mob al azar en: 4
[23:30:45] [Server thread/INFO]: Un gato galáctico invocará un mob al azar en: 4
[23:30:45] [Server thread/INFO]: Un gato galáctico invocará un mob al azar en: 4
[23:30:45] [Server thread/INFO]: Un gato galáctico invocará un mob al azar en: 4
[23:30:45] [Server thread/INFO]: Un gato galáctico invocará un mob al azar en: 4
[23:30:45] [Server thread/INFO]: Un gato galáctico invocará un mob al azar en: 4
[23:30:45] [Server thread/INFO]: Un gato galáctico invocará un mob al azar en: 4
[23:30:45] [Server thread/INFO]: Un gato galáctico invocará un mob al azar en: 4
[23:30:45] [Server thread/INFO]: Un gato galáctico invocará un mob al azar en: 4
[23:30:45] [Server thread/INFO]: Un gato galáctico invocará un mob al azar en: 4
[23:30:45] [Server thread/INFO]: Un gato galáctico invocará un mob al azar en: 4
[23:30:45] [Server thread/INFO]: Un gato galáctico invocará un mob al azar en: 4
[23:30:45] [Server thread/INFO]: Un gato galáctico invocará un mob al azar en: 4
[23:30:45] [Server thread/INFO]: Un gato galáctico invocará un mob al azar en: 4
[23:30:45] [Server thread/INFO]: Un gato galáctico invocará un mob al azar en: 4
[23:30:45] [Server thread/INFO]: Un gato galáctico invocará un mob al azar en: 4
[23:30:45] [Server thread/INFO]: Un gato galáctico invocará un mob al azar en: 4
[23:30:45] [Server thread/INFO]: Un gato galáctico invocará un mob al azar en: 4
[23:30:45] [Server thread/INFO]: Un gato galáctico invocará un mob al azar en: 4
[23:30:45] [Server thread/INFO]: Un gato galáctico invocará un mob al azar en: 4
[23:30:45] [Server thread/INFO]: Un gato galáctico invocará un mob al azar en: 4
[23:30:45] [Server thread/INFO]: Un gato galáctico invocará un mob al azar en: 4
[23:30:45] [Server thread/INFO]: Un gato galáctico invocará un mob al azar en: 4
[23:30:45] [Server thread/INFO]: Un gato galáctico invocará un mob al azar en: 4
[23:30:45] [Server thread/INFO]: Un gato galáctico invocará un mob al azar en: 4
[23:30:46] [Server thread/INFO]: Un gato galáctico invocará un mob al azar en: 3
[23:30:46] [Server thread/INFO]: Un gato galáctico invocará un mob al azar en: 3
[23:30:46] [Server thread/INFO]: Un gato galáctico invocará un mob al azar en: 3
[23:30:46] [Server thread/INFO]: Un gato galáctico invocará un mob al azar en: 3
[23:30:46] [Server thread/INFO]: Un gato galáctico invocará un mob al azar en: 3
[23:30:46] [Server thread/INFO]: Un gato galáctico invocará un mob al azar en: 3
[23:30:46] [Server thread/INFO]: Un gato galáctico invocará un mob al azar en: 3
[23:30:46] [Server thread/INFO]: Un gato galáctico invocará un mob al azar en: 3
[23:30:46] [Server thread/INFO]: Un gato galáctico invocará un mob al azar en: 3
[23:30:46] [Server thread/INFO]: Un gato galáctico invocará un mob al azar en: 3
[23:30:46] [Server thread/INFO]: Un gato galáctico invocará un mob al azar en: 3
[23:30:46] [Server thread/INFO]: Un gato galáctico invocará un mob al azar en: 3
[23:30:46] [Server thread/INFO]: Un gato galáctico invocará un mob al azar en: 3
[23:30:46] [Server thread/INFO]: Un gato galáctico invocará un mob al azar en: 3
[23:30:46] [Server thread/INFO]: Un gato galáctico invocará un mob al azar en: 3
[23:30:46] [Server thread/INFO]: Un gato galáctico invocará un mob al azar en: 3
[23:30:46] [Server thread/INFO]: Un gato galáctico invocará un mob al azar en: 3
[23:30:46] [Server thread/INFO]: Un gato galáctico invocará un mob al azar en: 3
[23:30:46] [Server thread/INFO]: Un gato galáctico invocará un mob al azar en: 3
[23:30:46] [Server thread/INFO]: Un gato galáctico invocará un mob al azar en: 3
[23:30:46] [Server thread/INFO]: Un gato galáctico invocará un mob al azar en: 3
[23:30:46] [Server thread/INFO]: Un gato galáctico invocará un mob al azar en: 3
[23:30:46] [Server thread/INFO]: Un gato galáctico invocará un mob al azar en: 3
[23:30:46] [Server thread/INFO]: Un gato galáctico invocará un mob al azar en: 3
[23:30:46] [Server thread/INFO]: Un gato galáctico invocará un mob al azar en: 3
[23:30:46] [Server thread/INFO]: Un gato galáctico invocará un mob al azar en: 3
[23:30:46] [Server thread/INFO]: Un gato galáctico invocará un mob al azar en: 3
[23:30:46] [Server thread/INFO]: Un gato galáctico invocará un mob al azar en: 3
[23:30:46] [Server thread/INFO]: Un gato galáctico invocará un mob al azar en: 3
[23:30:46] [Server thread/INFO]: Un gato galáctico invocará un mob al azar en: 3
[23:30:46] [Server thread/INFO]: Un gato galáctico invocará un mob al azar en: 3
[23:30:46] [Server thread/INFO]: Un gato galáctico invocará un mob al azar en: 3
[23:30:46] [Server thread/INFO]: Un gato galáctico invocará un mob al azar en: 3
[23:30:46] [Server thread/INFO]: Un gato galáctico invocará un mob al azar en: 3
[23:30:46] [Server thread/INFO]: Un gato galáctico invocará un mob al azar en: 3
[23:30:46] [Server thread/INFO]: Un gato galáctico invocará un mob al azar en: 3
[23:30:46] [Server thread/INFO]: Un gato galáctico invocará un mob al azar en: 3
[23:30:46] [Server thread/INFO]: Un gato galáctico invocará un mob al azar en: 3
[23:30:46] [Server thread/INFO]: Un gato galáctico invocará un mob al azar en: 3
[23:30:46] [Server thread/INFO]: Un gato galáctico invocará un mob al azar en: 3
[23:30:46] [Server thread/INFO]: Un gato galáctico invocará un mob al azar en: 3
[23:30:46] [Server thread/INFO]: Un gato galáctico invocará un mob al azar en: 3
[23:30:46] [Server thread/INFO]: Un gato galáctico invocará un mob al azar en: 3
[23:30:46] [Server thread/INFO]: Un gato galáctico invocará un mob al azar en: 3
[23:30:46] [Server thread/INFO]: Un gato galáctico invocará un mob al azar en: 3
[23:30:46] [Server thread/INFO]: Un gato galáctico invocará un mob al azar en: 3
[23:30:46] [Server thread/INFO]: Un gato galáctico invocará un mob al azar en: 3
[23:30:46] [Server thread/INFO]: Un gato galáctico invocará un mob al azar en: 3
[23:30:46] [Server thread/INFO]: Un gato galáctico invocará un mob al azar en: 3
[23:30:46] [Server thread/INFO]: Un gato galáctico invocará un mob al azar en: 3
[23:30:46] [Server thread/INFO]: Un gato galáctico invocará un mob al azar en: 3
[23:30:46] [Server thread/INFO]: Un gato galáctico invocará un mob al azar en: 3
[23:30:46] [Server thread/INFO]: Un gato galáctico invocará un mob al azar en: 3
[23:30:46] [Server thread/INFO]: Un gato galáctico invocará un mob al azar en: 3
[23:30:46] [Server thread/INFO]: Un gato galáctico invocará un mob al azar en: 3
[23:30:46] [Server thread/INFO]: Un gato galáctico invocará un mob al azar en: 3
[23:30:46] [Server thread/INFO]: Un gato galáctico invocará un mob al azar en: 3
[23:30:46] [Server thread/INFO]: Un gato galáctico invocará un mob al azar en: 3
[23:30:46] [Server thread/INFO]: Un gato galáctico invocará un mob al azar en: 3
[23:30:46] [Server thread/INFO]: Un gato galáctico invocará un mob al azar en: 3
[23:30:46] [Server thread/INFO]: Un gato galáctico invocará un mob al azar en: 3
[23:30:46] [Server thread/INFO]: Un gato galáctico invocará un mob al azar en: 3
[23:30:46] [Server thread/INFO]: Un gato galáctico invocará un mob al azar en: 3
[23:30:46] [Server thread/INFO]: Un gato galáctico invocará un mob al azar en: 3
[23:30:46] [Server thread/INFO]: Un gato galáctico invocará un mob al azar en: 3
[23:30:46] [Server thread/INFO]: Un gato galáctico invocará un mob al azar en: 3
[23:30:46] [Server thread/INFO]: Un gato galáctico invocará un mob al azar en: 3
[23:30:46] [Server thread/INFO]: Un gato galáctico invocará un mob al azar en: 3
[23:30:46] [Server thread/INFO]: Un gato galáctico invocará un mob al azar en: 3
[23:30:46] [Server thread/INFO]: Un gato galáctico invocará un mob al azar en: 3
[23:30:46] [Server thread/INFO]: Un gato galáctico invocará un mob al azar en: 3
[23:30:46] [Server thread/INFO]: Un gato galáctico invocará un mob al azar en: 3
[23:30:46] [Server thread/INFO]: Un gato galáctico invocará un mob al azar en: 3
[23:30:46] [Server thread/INFO]: Un gato galáctico invocará un mob al azar en: 3
[23:30:46] [Server thread/INFO]: Un gato galáctico invocará un mob al azar en: 3
[23:30:46] [Server thread/INFO]: Un gato galáctico invocará un mob al azar en: 3
[23:30:46] [Server thread/INFO]: Un gato galáctico invocará un mob al azar en: 3
[23:30:46] [Server thread/INFO]: Un gato galáctico invocará un mob al azar en: 3
[23:30:46] [Server thread/INFO]: Un gato galáctico invocará un mob al azar en: 3
[23:30:46] [Server thread/INFO]: Un gato galáctico invocará un mob al azar en: 3
[23:30:46] [Server thread/INFO]: Un gato galáctico invocará un mob al azar en: 3
[23:30:46] [Server thread/INFO]: Un gato galáctico invocará un mob al azar en: 3
[23:30:46] [Server thread/INFO]: Un gato galáctico invocará un mob al azar en: 3
[23:30:46] [Server thread/INFO]: Un gato galáctico invocará un mob al azar en: 3
[23:30:46] [Server thread/INFO]: Un gato galáctico invocará un mob al azar en: 3
[23:30:46] [Server thread/INFO]: Un gato galáctico invocará un mob al azar en: 3
[23:30:46] [Server thread/INFO]: Un gato galáctico invocará un mob al azar en: 3
[23:30:46] [Server thread/INFO]: Un gato galáctico invocará un mob al azar en: 3
[23:30:46] [Server thread/INFO]: Un gato galáctico invocará un mob al azar en: 3
[23:30:46] [Server thread/INFO]: Un gato galáctico invocará un mob al azar en: 3
[23:30:46] [Server thread/INFO]: Un gato galáctico invocará un mob al azar en: 3
[23:30:46] [Server thread/INFO]: Un gato galáctico invocará un mob al azar en: 3
[23:30:46] [Server thread/INFO]: Un gato galáctico invocará un mob al azar en: 3
[23:30:46] [Server thread/INFO]: Un gato galáctico invocará un mob al azar en: 3
[23:30:46] [Server thread/INFO]: Un gato galáctico invocará un mob al azar en: 3
[23:30:46] [Server thread/INFO]: Un gato galáctico invocará un mob al azar en: 3
[23:30:46] [Server thread/INFO]: Un gato galáctico invocará un mob al azar en: 3
[23:30:47] [Server thread/INFO]: Un gato galáctico invocará un mob al azar en: 2
[23:30:47] [Server thread/INFO]: Un gato galáctico invocará un mob al azar en: 2
[23:30:47] [Server thread/INFO]: Un gato galáctico invocará un mob al azar en: 2
[23:30:47] [Server thread/INFO]: Un gato galáctico invocará un mob al azar en: 2
[23:30:47] [Server thread/INFO]: Un gato galáctico invocará un mob al azar en: 2
[23:30:47] [Server thread/INFO]: Un gato galáctico invocará un mob al azar en: 2
[23:30:47] [Server thread/INFO]: Un gato galáctico invocará un mob al azar en: 2
[23:30:47] [Server thread/INFO]: Un gato galáctico invocará un mob al azar en: 2
[23:30:47] [Server thread/INFO]: Un gato galáctico invocará un mob al azar en: 2
[23:30:47] [Server thread/INFO]: Un gato galáctico invocará un mob al azar en: 2
[23:30:47] [Server thread/INFO]: Un gato galáctico invocará un mob al azar en: 2
[23:30:47] [Server thread/INFO]: Un gato galáctico invocará un mob al azar en: 2
[23:30:47] [Server thread/INFO]: Un gato galáctico invocará un mob al azar en: 2
[23:30:47] [Server thread/INFO]: Un gato galáctico invocará un mob al azar en: 2
[23:30:47] [Server thread/INFO]: Un gato galáctico invocará un mob al azar en: 2
[23:30:47] [Server thread/INFO]: Un gato galáctico invocará un mob al azar en: 2
[23:30:47] [Server thread/INFO]: Un gato galáctico invocará un mob al azar en: 2
[23:30:47] [Server thread/INFO]: Un gato galáctico invocará un mob al azar en: 2
[23:30:47] [Server thread/INFO]: Un gato galáctico invocará un mob al azar en: 2
[23:30:47] [Server thread/INFO]: Un gato galáctico invocará un mob al azar en: 2
[23:30:47] [Server thread/INFO]: Un gato galáctico invocará un mob al azar en: 2
[23:30:47] [Server thread/INFO]: Un gato galáctico invocará un mob al azar en: 2
[23:30:47] [Server thread/INFO]: Un gato galáctico invocará un mob al azar en: 2
[23:30:47] [Server thread/INFO]: Un gato galáctico invocará un mob al azar en: 2
[23:30:47] [Server thread/INFO]: Un gato galáctico invocará un mob al azar en: 2
[23:30:47] [Server thread/INFO]: Un gato galáctico invocará un mob al azar en: 2
[23:30:47] [Server thread/INFO]: Un gato galáctico invocará un mob al azar en: 2
[23:30:47] [Server thread/INFO]: Un gato galáctico invocará un mob al azar en: 2
[23:30:47] [Server thread/INFO]: Un gato galáctico invocará un mob al azar en: 2
[23:30:47] [Server thread/INFO]: Un gato galáctico invocará un mob al azar en: 2
[23:30:47] [Server thread/INFO]: Un gato galáctico invocará un mob al azar en: 2
[23:30:47] [Server thread/INFO]: Un gato galáctico invocará un mob al azar en: 2
[23:30:47] [Server thread/INFO]: Un gato galáctico invocará un mob al azar en: 2
[23:30:47] [Server thread/INFO]: Un gato galáctico invocará un mob al azar en: 2
[23:30:47] [Server thread/INFO]: Un gato galáctico invocará un mob al azar en: 2
[23:30:47] [Server thread/INFO]: Un gato galáctico invocará un mob al azar en: 2
[23:30:47] [Server thread/INFO]: Un gato galáctico invocará un mob al azar en: 2
[23:30:47] [Server thread/INFO]: Un gato galáctico invocará un mob al azar en: 2
[23:30:47] [Server thread/INFO]: Un gato galáctico invocará un mob al azar en: 2
[23:30:47] [Server thread/INFO]: Un gato galáctico invocará un mob al azar en: 2
[23:30:47] [Server thread/INFO]: Un gato galáctico invocará un mob al azar en: 2
[23:30:47] [Server thread/INFO]: Un gato galáctico invocará un mob al azar en: 2
[23:30:47] [Server thread/INFO]: Un gato galáctico invocará un mob al azar en: 2
[23:30:47] [Server thread/INFO]: Un gato galáctico invocará un mob al azar en: 2
[23:30:47] [Server thread/INFO]: Un gato galáctico invocará un mob al azar en: 2
[23:30:47] [Server thread/INFO]: Un gato galáctico invocará un mob al azar en: 2
[23:30:47] [Server thread/INFO]: Un gato galáctico invocará un mob al azar en: 2
[23:30:47] [Server thread/INFO]: Un gato galáctico invocará un mob al azar en: 2
[23:30:47] [Server thread/INFO]: Un gato galáctico invocará un mob al azar en: 2
[23:30:47] [Server thread/INFO]: Un gato galáctico invocará un mob al azar en: 2
[23:30:47] [Server thread/INFO]: Un gato galáctico invocará un mob al azar en: 2
[23:30:47] [Server thread/INFO]: Un gato galáctico invocará un mob al azar en: 2
[23:30:47] [Server thread/INFO]: Un gato galáctico invocará un mob al azar en: 2
[23:30:47] [Server thread/INFO]: Un gato galáctico invocará un mob al azar en: 2
[23:30:47] [Server thread/INFO]: Un gato galáctico invocará un mob al azar en: 2
[23:30:47] [Server thread/INFO]: Un gato galáctico invocará un mob al azar en: 2
[23:30:47] [Server thread/INFO]: Un gato galáctico invocará un mob al azar en: 2
[23:30:47] [Server thread/INFO]: Un gato galáctico invocará un mob al azar en: 2
[23:30:47] [Server thread/INFO]: Un gato galáctico invocará un mob al azar en: 2
[23:30:47] [Server thread/INFO]: Un gato galáctico invocará un mob al azar en: 2
[23:30:47] [Server thread/INFO]: Un gato galáctico invocará un mob al azar en: 2
[23:30:47] [Server thread/INFO]: Un gato galáctico invocará un mob al azar en: 2
[23:30:47] [Server thread/INFO]: Un gato galáctico invocará un mob al azar en: 2
[23:30:47] [Server thread/INFO]: Un gato galáctico invocará un mob al azar en: 2
[23:30:47] [Server thread/INFO]: Un gato galáctico invocará un mob al azar en: 2
[23:30:47] [Server thread/INFO]: Un gato galáctico invocará un mob al azar en: 2
[23:30:47] [Server thread/INFO]: Un gato galáctico invocará un mob al azar en: 2
[23:30:47] [Server thread/INFO]: Un gato galáctico invocará un mob al azar en: 2
[23:30:47] [Server thread/INFO]: Un gato galáctico invocará un mob al azar en: 2
[23:30:47] [Server thread/INFO]: Un gato galáctico invocará un mob al azar en: 2
[23:30:47] [Server thread/INFO]: Un gato galáctico invocará un mob al azar en: 2
[23:30:47] [Server thread/INFO]: Un gato galáctico invocará un mob al azar en: 2
[23:30:47] [Server thread/INFO]: Un gato galáctico invocará un mob al azar en: 2
[23:30:47] [Server thread/INFO]: Un gato galáctico invocará un mob al azar en: 2
[23:30:47] [Server thread/INFO]: Un gato galáctico invocará un mob al azar en: 2
[23:30:47] [Server thread/INFO]: Un gato galáctico invocará un mob al azar en: 2
[23:30:47] [Server thread/INFO]: Un gato galáctico invocará un mob al azar en: 2
[23:30:47] [Server thread/INFO]: Un gato galáctico invocará un mob al azar en: 2
[23:30:47] [Server thread/INFO]: Un gato galáctico invocará un mob al azar en: 2
[23:30:47] [Server thread/INFO]: Un gato galáctico invocará un mob al azar en: 2
[23:30:47] [Server thread/INFO]: Un gato galáctico invocará un mob al azar en: 2
[23:30:47] [Server thread/INFO]: Un gato galáctico invocará un mob al azar en: 2
[23:30:47] [Server thread/INFO]: Un gato galáctico invocará un mob al azar en: 2
[23:30:47] [Server thread/INFO]: Un gato galáctico invocará un mob al azar en: 2
[23:30:47] [Server thread/INFO]: Un gato galáctico invocará un mob al azar en: 2
[23:30:47] [Server thread/INFO]: Un gato galáctico invocará un mob al azar en: 2
[23:30:47] [Server thread/INFO]: Un gato galáctico invocará un mob al azar en: 2
[23:30:47] [Server thread/INFO]: Un gato galáctico invocará un mob al azar en: 2
[23:30:47] [Server thread/INFO]: Un gato galáctico invocará un mob al azar en: 2
[23:30:47] [Server thread/INFO]: Un gato galáctico invocará un mob al azar en: 2
[23:30:47] [Server thread/INFO]: Un gato galáctico invocará un mob al azar en: 2
[23:30:47] [Server thread/INFO]: Un gato galáctico invocará un mob al azar en: 2
[23:30:47] [Server thread/INFO]: Un gato galáctico invocará un mob al azar en: 2
[23:30:47] [Server thread/INFO]: Un gato galáctico invocará un mob al azar en: 2
[23:30:47] [Server thread/INFO]: Un gato galáctico invocará un mob al azar en: 2
[23:30:47] [Server thread/INFO]: Un gato galáctico invocará un mob al azar en: 2
[23:30:47] [Server thread/INFO]: Un gato galáctico invocará un mob al azar en: 2
[23:30:48] [Server thread/INFO]: Un gato galáctico invocará un mob al azar en: 1
[23:30:48] [Server thread/INFO]: Un gato galáctico ha invicado un(a) Endermite Misterioso (-53.31384640641553, 64.0, 229.5903631005709
[23:30:48] [Server thread/INFO]: Un gato galáctico invocará un mob al azar en: 1
[23:30:48] [Server thread/INFO]: Un gato galáctico ha invicado un(a) Gigante (-52.040301161751024, 64.0, 230.42022890279804
[23:30:48] [Server thread/INFO]: Un gato galáctico invocará un mob al azar en: 1
[23:30:48] [Server thread/INFO]: Un gato galáctico ha invicado un(a) Bruja Imposible (-54.324661160010535, 64.0, 235.6058995948099
[23:30:48] [Server thread/INFO]: Un gato galáctico invocará un mob al azar en: 1
[23:30:48] [Server thread/INFO]: Un gato galáctico ha invicado un(a) Gigante (-50.38205997701475, 64.0, 236.32758381384755
[23:30:48] [Server thread/INFO]: Un gato galáctico invocará un mob al azar en: 1
[23:30:48] [Server thread/INFO]: Un gato galáctico ha invicado un(a) Araña con Efectos (-42.69999998807907, 60.10501759888594, 223.69999998807907
[23:30:48] [Server thread/INFO]: Un gato galáctico invocará un mob al azar en: 1
[23:30:48] [Server thread/INFO]: Un gato galáctico ha invicado un(a) Wither Skeleton Emperador (-34.510283929358096, 45.17675927506424, 232.30000001192093
[23:30:48] [Server thread/INFO]: Un gato galáctico invocará un mob al azar en: 1
[23:30:48] [Server thread/INFO]: Un gato galáctico ha invicado un(a) Wither Skeleton Emperador (-25.717387132341454, 62.57186476932198, 213.263885048966
[23:30:48] [Server thread/INFO]: Un gato galáctico invocará un mob al azar en: 1
[23:30:48] [Server thread/INFO]: Un gato galáctico ha invicado un(a) Gigante (-24.03415692178628, 46.0, 226.30000001192093
[23:30:48] [Server thread/INFO]: Un gato galáctico invocará un mob al azar en: 1
[23:30:48] [Server thread/INFO]: Un gato galáctico ha invicado un(a) Gato Supernova (-28.89022080210243, 62.0, 249.29280305910467
[23:30:48] [Server thread/INFO]: Un gato galáctico invocará un mob al azar en: 1
[23:30:48] [Server thread/INFO]: Un gato galáctico ha invicado un(a) Pufferfish invulnerable (-7.5, 62.0, 24.5
[23:30:48] [Server thread/INFO]: Un gato galáctico invocará un mob al azar en: 1
[23:30:48] [Server thread/INFO]: Un gato galáctico ha invicado un(a) Pufferfish invulnerable (-2.5, 62.0, 42.5
[23:30:48] [Server thread/INFO]: Un gato galáctico invocará un mob al azar en: 1
[23:30:48] [Server thread/INFO]: Un gato galáctico ha invicado un(a) Ultra Ravager (-2.5, 62.0, 39.5
[23:30:48] [Server thread/INFO]: Un gato galáctico invocará un mob al azar en: 1
[23:30:48] [Server thread/INFO]: Un gato galáctico ha invicado un(a) Giga MagmaCube (-2.5, 62.0, 50.5
[23:30:48] [Server thread/INFO]: Un gato galáctico invocará un mob al azar en: 1
[23:30:48] [Server thread/INFO]: Un gato galáctico ha invicado un(a) Ghast Demoníaco (-2.5, 62.0, 50.5
[23:30:48] [Server thread/INFO]: Un gato galáctico invocará un mob al azar en: 1
[23:30:48] [Server thread/INFO]: Un gato galáctico ha invicado un(a) Giga Slime (-2.5, 62.0, 50.5
[23:30:48] [Server thread/INFO]: Un gato galáctico invocará un mob al azar en: 1
[23:30:48] [Server thread/INFO]: Un gato galáctico ha invicado un(a) Bruja Imposible (-2.5, 62.0, 50.5
[23:30:48] [Server thread/INFO]: Un gato galáctico invocará un mob al azar en: 1
[23:30:48] [Server thread/INFO]: Un gato galáctico ha invicado un(a) Araña con Efectos (-3.5, 62.0, 50.5
[23:30:48] [Server thread/INFO]: Un gato galáctico invocará un mob al azar en: 1
[23:30:48] [Server thread/INFO]: Un gato galáctico ha invicado un(a) Gato Supernova (-2.5, 62.0, 50.5
[23:30:48] [Server thread/INFO]: Un gato galáctico invocará un mob al azar en: 1
[23:30:48] [Server thread/INFO]: Un gato galáctico ha invicado un(a) Endermite Misterioso (-2.5, 62.0, 50.5
[23:30:48] [Server thread/INFO]: Un gato galáctico invocará un mob al azar en: 1
[23:30:48] [Server thread/INFO]: Un gato galáctico ha invicado un(a) Giga Phantom (-2.5, 62.0, 50.5
[23:30:48] [Server thread/INFO]: Un gato galáctico invocará un mob al azar en: 1
[23:30:48] [Server thread/INFO]: Un gato galáctico ha invicado un(a) Permadeath Demon (-2.5, 62.0, 50.5
[23:30:48] [Server thread/INFO]: Un gato galáctico invocará un mob al azar en: 1
[23:30:48] [Server thread/INFO]: Un gato galáctico ha invicado un(a) Ender Quantum Creeper (-3.5, 62.0, 50.5
[23:30:48] [Server thread/INFO]: Un gato galáctico invocará un mob al azar en: 1
[23:30:48] [Server thread/INFO]: Un gato galáctico ha invicado un(a) Silverfish de la Muerte (-3.5, 62.0, 50.5
[23:30:48] [Server thread/INFO]: Un gato galáctico invocará un mob al azar en: 1
[23:30:48] [Server thread/INFO]: Un gato galáctico ha invicado un(a) Gigante (-3.5, 62.0, 50.5
[23:30:48] [Server thread/INFO]: Un gato galáctico invocará un mob al azar en: 1
[23:30:48] [Server thread/INFO]: Un gato galáctico ha invicado un(a) Giga MagmaCube (-3.5, 62.0, 50.5
[23:30:48] [Server thread/INFO]: Un gato galáctico invocará un mob al azar en: 1
[23:30:48] [Server thread/INFO]: Un gato galáctico ha invicado un(a) Permadeath Demon (-3.5, 62.0, 50.5
[23:30:48] [Server thread/INFO]: Un gato galáctico invocará un mob al azar en: 1
[23:30:48] [Server thread/INFO]: Un gato galáctico ha invicado un(a) Permadeath Demon (-3.5, 62.0, 50.5
[23:30:48] [Server thread/INFO]: Un gato galáctico invocará un mob al azar en: 1
[23:30:48] [Server thread/INFO]: Un gato galáctico ha invicado un(a) Shulker Tnt (-3.5, 62.0, 50.5
[23:30:48] [Server thread/INFO]: Un gato galáctico invocará un mob al azar en: 1
[23:30:48] [Server thread/INFO]: Un gato galáctico ha invicado un(a) Pufferfish invulnerable (-3.5, 62.0, 50.5
[23:30:48] [Server thread/INFO]: Un gato galáctico invocará un mob al azar en: 1
[23:30:48] [Server thread/INFO]: Un gato galáctico ha invicado un(a) Esqueleto de Clase (-3.5, 62.0, 50.5
[23:30:48] [Server thread/INFO]: Un gato galáctico invocará un mob al azar en: 1
[23:30:48] [Server thread/INFO]: Un gato galáctico ha invicado un(a) Giga MagmaCube (-3.5, 62.0, 50.5
[23:30:48] [Server thread/INFO]: Un gato galáctico invocará un mob al azar en: 1
[23:30:48] [Server thread/INFO]: Un gato galáctico ha invicado un(a) Pufferfish invulnerable (-3.5, 62.0, 50.5
[23:30:48] [Server thread/INFO]: Un gato galáctico invocará un mob al azar en: 1
[23:30:48] [Server thread/INFO]: Un gato galáctico ha invicado un(a) Pufferfish invulnerable (-3.5, 62.0, 50.5
[23:30:48] [Server thread/INFO]: Un gato galáctico invocará un mob al azar en: 1
[23:30:48] [Server thread/INFO]: Un gato galáctico ha invicado un(a) Shulker Tnt (-3.5, 62.0, 50.5
[23:30:48] [Server thread/INFO]: Un gato galáctico invocará un mob al azar en: 1
[23:30:48] [Server thread/INFO]: Un gato galáctico ha invicado un(a) Ender Quantum Creeper (-3.5, 62.0, 50.5
[23:30:48] [Server thread/INFO]: Un gato galáctico invocará un mob al azar en: 1
[23:30:48] [Server thread/INFO]: Un gato galáctico ha invicado un(a) Demonio Flotante (-3.5, 62.0, 50.5
[23:30:48] [Server thread/INFO]: Un gato galáctico invocará un mob al azar en: 1
[23:30:48] [Server thread/INFO]: Un gato galáctico ha invicado un(a) Permadeath Demon (-3.5, 62.0, 50.5
[23:30:48] [Server thread/INFO]: Un gato galáctico invocará un mob al azar en: 1
[23:30:48] [Server thread/INFO]: Un gato galáctico ha invicado un(a) Giga Slime (-3.5, 62.0, 50.5
[23:30:48] [Server thread/INFO]: Un gato galáctico invocará un mob al azar en: 1
[23:30:48] [Server thread/INFO]: Un gato galáctico ha invicado un(a) Endermite Misterioso (-3.5, 62.0, 50.5
[23:30:48] [Server thread/INFO]: Un gato galáctico invocará un mob al azar en: 1
[23:30:48] [Server thread/INFO]: Un gato galáctico ha invicado un(a) Wither Skeleton Emperador (-3.5, 62.0, 50.5
[23:30:48] [Server thread/INFO]: Un gato galáctico invocará un mob al azar en: 1
[23:30:48] [Server thread/INFO]: Un gato galáctico ha invicado un(a) Ultra Ravager (-3.5, 62.0, 50.5
[23:30:48] [Server thread/INFO]: Un gato galáctico invocará un mob al azar en: 1
[23:30:48] [Server thread/INFO]: Un gato galáctico ha invicado un(a) Endermite Misterioso (-3.5, 62.0, 50.5
[23:30:48] [Server thread/INFO]: Un gato galáctico invocará un mob al azar en: 1
[23:30:48] [Server thread/INFO]: Un gato galáctico ha invicado un(a) Giga MagmaCube (-3.5, 62.0, 50.5
[23:30:48] [Server thread/INFO]: Un gato galáctico invocará un mob al azar en: 1
[23:30:48] [Server thread/INFO]: Un gato galáctico ha invicado un(a) Ghast Demoníaco (-3.5, 62.0, 50.5
[23:30:48] [Server thread/INFO]: Un gato galáctico invocará un mob al azar en: 1
[23:30:48] [Server thread/INFO]: Un gato galáctico ha invicado un(a) Bruja Imposible (-3.5, 62.0, 50.5
[23:30:48] [Server thread/INFO]: Un gato galáctico invocará un mob al azar en: 1
[23:30:48] [Server thread/INFO]: Un gato galáctico ha invicado un(a) Ultra Ravager (-2.5, 62.0, 50.5
[23:30:48] [Server thread/INFO]: Un gato galáctico invocará un mob al azar en: 1
[23:30:48] [Server thread/INFO]: Un gato galáctico ha invicado un(a) Ultra Ravager (-2.5, 62.0, 50.5
[23:30:48] [Server thread/INFO]: Un gato galáctico invocará un mob al azar en: 1
[23:30:48] [Server thread/INFO]: Un gato galáctico ha invicado un(a) Araña con Efectos (-2.5, 62.0, 50.5
[23:30:48] [Server thread/INFO]: Un gato galáctico invocará un mob al azar en: 1
[23:30:48] [Server thread/INFO]: Un gato galáctico ha invicado un(a) Bruja Imposible (-3.5, 62.0, 50.5
[23:30:48] [Server thread/INFO]: Un gato galáctico invocará un mob al azar en: 1
[23:30:48] [Server thread/INFO]: Un gato galáctico ha invicado un(a) Esqueleto de Clase (-2.5, 62.0, 51.5
[23:30:48] [Server thread/INFO]: Un gato galáctico invocará un mob al azar en: 1
[23:30:48] [Server thread/INFO]: Un gato galáctico ha invicado un(a) Ultra Ravager (-2.5, 62.0, 51.5
[23:30:48] [Server thread/INFO]: Un gato galáctico invocará un mob al azar en: 1
[23:30:48] [Server thread/INFO]: Un gato galáctico ha invicado un(a) Araña con Efectos (-3.5, 62.0, 51.5
[23:30:48] [Server thread/INFO]: Un gato galáctico invocará un mob al azar en: 1
[23:30:48] [Server thread/INFO]: Un gato galáctico ha invicado un(a) Pufferfish invulnerable (-2.5, 63.01126138887421, 71.5
[23:30:48] [Server thread/INFO]: Un gato galáctico invocará un mob al azar en: 1
[23:30:48] [Server thread/INFO]: Un gato galáctico ha invicado un(a) Endermite Misterioso (-3.5, 62.76570805569818, 73.5
[23:30:48] [Server thread/INFO]: Un gato galáctico invocará un mob al azar en: 1
[23:30:48] [Server thread/INFO]: Un gato galáctico ha invicado un(a) Silverfish de la Muerte (-4.5, 62.61450570967, 75.5
[23:30:48] [Server thread/INFO]: Un gato galáctico invocará un mob al azar en: 1
[23:30:48] [Server thread/INFO]: Un gato galáctico ha invicado un(a) Gato Supernova (-4.5, 62.82733288292116, 76.5
[23:30:48] [Server thread/INFO]: Un gato galáctico invocará un mob al azar en: 1
[23:30:48] [Server thread/ERROR]: Could not pass event CreatureSpawnEvent to Permadeath v1.3
java.lang.NullPointerException: null
	at tech.sebazcrc.permadeath.nms.v1_16_R3.NMSHandlerImpl.spawnNMSEntity(NMSHandlerImpl.java:326) ~[?:?]
	at tech.sebazcrc.permadeath.event.entity.SpawnListener.onSpawn(SpawnListener.java:127) ~[?:?]
	at com.destroystokyo.paper.event.executor.asm.generated.GeneratedEventExecutor9.execute(Unknown Source) ~[?:?]
	at org.bukkit.plugin.EventExecutor.lambda$create$1(EventExecutor.java:69) ~[patched_1.16.5.jar:git-Paper-794]
	at co.aikar.timings.TimedEventExecutor.execute(TimedEventExecutor.java:80) ~[patched_1.16.5.jar:git-Paper-794]
	at org.bukkit.plugin.RegisteredListener.callEvent(RegisteredListener.java:70) ~[patched_1.16.5.jar:git-Paper-794]
	at org.bukkit.plugin.SimplePluginManager.callEvent(SimplePluginManager.java:624) ~[patched_1.16.5.jar:git-Paper-794]
	at org.bukkit.craftbukkit.v1_16_R3.event.CraftEventFactory.callCreatureSpawnEvent(CraftEventFactory.java:722) ~[patched_1.16.5.jar:git-Paper-794]
	at org.bukkit.craftbukkit.v1_16_R3.event.CraftEventFactory.doEntityAddEventCalling(CraftEventFactory.java:640) ~[patched_1.16.5.jar:git-Paper-794]
	at net.minecraft.server.v1_16_R3.WorldServer.addEntity0(WorldServer.java:1302) ~[patched_1.16.5.jar:git-Paper-794]
	at net.minecraft.server.v1_16_R3.WorldServer.addEntity(WorldServer.java:1203) ~[patched_1.16.5.jar:git-Paper-794]
	at net.minecraft.server.v1_16_R3.WorldAccess.lambda$addAllEntities$0(WorldAccess.java:16) ~[patched_1.16.5.jar:git-Paper-794]
	at java.util.stream.Streams$StreamBuilderImpl.forEachRemaining(Streams.java:411) ~[?:?]
	at java.util.stream.Streams$ConcatSpliterator.forEachRemaining(Streams.java:734) ~[?:?]
	at java.util.stream.ReferencePipeline$Head.forEach(ReferencePipeline.java:658) ~[?:?]
	at net.minecraft.server.v1_16_R3.WorldAccess.addAllEntities(WorldAccess.java:16) ~[patched_1.16.5.jar:git-Paper-794]
	at net.minecraft.server.v1_16_R3.EntityTypes.spawnCreature(EntityTypes.java:346) ~[patched_1.16.5.jar:git-Paper-794]
	at net.minecraft.server.v1_16_R3.EntityTypes.spawnCreature(EntityTypes.java:323) ~[patched_1.16.5.jar:git-Paper-794]
	at tech.sebazcrc.permadeath.nms.v1_16_R3.NMSHandlerImpl.spawnNMSEntity(NMSHandlerImpl.java:326) ~[?:?]
	at tech.sebazcrc.permadeath.task.GatoGalacticoTask.run(GatoGalacticoTask.java:170) ~[?:?]
	at org.bukkit.craftbukkit.v1_16_R3.scheduler.CraftTask.run(CraftTask.java:101) ~[patched_1.16.5.jar:git-Paper-794]
	at org.bukkit.craftbukkit.v1_16_R3.scheduler.CraftScheduler.mainThreadHeartbeat(CraftScheduler.java:485) ~[patched_1.16.5.jar:git-Paper-794]
	at net.minecraft.server.v1_16_R3.MinecraftServer.b(MinecraftServer.java:1432) ~[patched_1.16.5.jar:git-Paper-794]
	at net.minecraft.server.v1_16_R3.DedicatedServer.b(DedicatedServer.java:436) ~[patched_1.16.5.jar:git-Paper-794]
	at net.minecraft.server.v1_16_R3.MinecraftServer.a(MinecraftServer.java:1347) ~[patched_1.16.5.jar:git-Paper-794]
	at net.minecraft.server.v1_16_R3.MinecraftServer.w(MinecraftServer.java:1135) ~[patched_1.16.5.jar:git-Paper-794]
	at net.minecraft.server.v1_16_R3.MinecraftServer.lambda$a$0(MinecraftServer.java:291) ~[patched_1.16.5.jar:git-Paper-794]
	at java.lang.Thread.run(Thread.java:829) [?:?]
[23:30:48] [Server thread/INFO]: Un gato galáctico ha invicado un(a) Giga Phantom (-5.5, 62.717265109997456, 77.5
[23:30:48] [Server thread/INFO]: Un gato galáctico invocará un mob al azar en: 1
[23:30:48] [Server thread/INFO]: Un gato galáctico ha invicado un(a) Quantum Creeper (-5.5, 62.602169180026294, 78.5
[23:30:48] [Server thread/INFO]: Un gato galáctico invocará un mob al azar en: 1
[23:30:48] [Server thread/INFO]: Un gato galáctico ha invicado un(a) Permadeath Demon (-5.5, 62.610289716179054, 77.5
[23:30:48] [Server thread/INFO]: Un gato galáctico invocará un mob al azar en: 1
[23:30:48] [Server thread/INFO]: Un gato galáctico ha invicado un(a) Gato Supernova (-4.5, 62.60508778490572, 76.5
[23:30:48] [Server thread/INFO]: Un gato galáctico invocará un mob al azar en: 1
[23:30:48] [Server thread/INFO]: Un gato galáctico ha invicado un(a) Ultra Ravager (-4.5, 62.68204241025682, 75.5
[23:30:48] [Server thread/INFO]: Un gato galáctico invocará un mob al azar en: 1
[23:30:48] [Server thread/INFO]: Un gato galáctico ha invicado un(a) Endermite Misterioso (-4.5, 62.98495044013129, 75.5
[23:30:48] [Server thread/INFO]: Un gato galáctico invocará un mob al azar en: 1
[23:30:48] [Server thread/INFO]: Un gato galáctico ha invicado un(a) Gigante (-4.5, 62.970839645056834, 74.5
[23:30:48] [Server thread/INFO]: Un gato galáctico invocará un mob al azar en: 1
[23:30:48] [Server thread/INFO]: Un gato galáctico ha invicado un(a) Giga Phantom (-4.5, 62.09902640908068, 73.5
[23:30:48] [Server thread/INFO]: Un gato galáctico invocará un mob al azar en: 1
[23:30:48] [Server thread/INFO]: Un gato galáctico ha invicado un(a) Gigante (-4.5, 63.079179971945265, 73.5
[23:30:48] [Server thread/INFO]: Un gato galáctico invocará un mob al azar en: 1
[23:30:48] [Server thread/INFO]: Un gato galáctico ha invicado un(a) Giga Slime (-5.5, 62.51804748953726, 73.5
[23:30:48] [Server thread/INFO]: Un gato galáctico invocará un mob al azar en: 1
[23:30:48] [Server thread/INFO]: Un gato galáctico ha invicado un(a) Permadeath Demon (-5.5, 62.35415745403045, 73.5
[23:30:48] [Server thread/INFO]: Un gato galáctico invocará un mob al azar en: 1
[23:30:48] [Server thread/INFO]: Un gato galáctico ha invicado un(a) Esqueleto de Clase (-5.5, 62.40962703237518, 73.5
[23:30:48] [Server thread/INFO]: Un gato galáctico invocará un mob al azar en: 1
[23:30:48] [Server thread/INFO]: Un gato galáctico ha invicado un(a) Shulker Tnt (-5.5, 62.13447674331087, 73.5
[23:30:48] [Server thread/INFO]: Un gato galáctico invocará un mob al azar en: 1
[23:30:48] [Server thread/INFO]: Un gato galáctico ha invicado un(a) Giga MagmaCube (-5.5, 62.21760595627135, 73.5
[23:30:48] [Server thread/INFO]: Un gato galáctico invocará un mob al azar en: 1
[23:30:48] [Server thread/INFO]: Un gato galáctico ha invicado un(a) Giga MagmaCube (-5.5, 62.49992602880317, 73.5
[23:30:48] [Server thread/INFO]: Un gato galáctico invocará un mob al azar en: 1
[23:30:48] [Server thread/INFO]: Un gato galáctico ha invicado un(a) Esqueleto de Clase (-5.5, 62.530439291219366, 73.5
[23:30:48] [Server thread/INFO]: Un gato galáctico invocará un mob al azar en: 1
[23:30:48] [Server thread/INFO]: Un gato galáctico ha invicado un(a) Gato Supernova (-4.5, 62.24805710525752, 74.5
[23:30:48] [Server thread/INFO]: Un gato galáctico invocará un mob al azar en: 1
[23:30:48] [Server thread/INFO]: Un gato galáctico ha invicado un(a) Pufferfish invulnerable (-3.5, 62.841546915363736, 74.5
[23:30:48] [Server thread/INFO]: Un gato galáctico invocará un mob al azar en: 1
[23:30:48] [Server thread/INFO]: Un gato galáctico ha invicado un(a) Wither Skeleton Emperador (-3.5, 63.027652382400774, 74.5
[23:30:48] [Server thread/INFO]: Un gato galáctico invocará un mob al azar en: 1
[23:30:48] [Server thread/INFO]: Un gato galáctico ha invicado un(a) Giga MagmaCube (-2.5, 62.20055105513294, 74.5
[23:30:48] [Server thread/INFO]: Un gato galáctico invocará un mob al azar en: 1
[23:30:48] [Server thread/INFO]: Un gato galáctico ha invicado un(a) Giga MagmaCube (-2.5, 62.76317963709949, 74.5
[23:30:48] [Server thread/INFO]: Un gato galáctico invocará un mob al azar en: 1
[23:30:48] [Server thread/INFO]: Un gato galáctico ha invicado un(a) Esqueleto de Clase (-2.5, 62.64672727451267, 75.5
[23:30:48] [Server thread/INFO]: Un gato galáctico invocará un mob al azar en: 1
[23:30:48] [Server thread/INFO]: Un gato galáctico ha invicado un(a) Esqueleto de Clase (-2.5, 62.72239793125915, 75.5
[23:30:48] [Server thread/INFO]: Un gato galáctico invocará un mob al azar en: 1
[23:30:48] [Server thread/INFO]: Un gato galáctico ha invicado un(a) Ultra Ravager (-3.5, 62.790418311771056, 75.5
[23:30:48] [Server thread/INFO]: Un gato galáctico invocará un mob al azar en: 1
[23:30:48] [Server thread/INFO]: Un gato galáctico ha invicado un(a) Silverfish de la Muerte (-3.5, 62.43684718646991, 75.5
[23:30:48] [Server thread/INFO]: Un gato galáctico invocará un mob al azar en: 1
[23:30:48] [Server thread/INFO]: Un gato galáctico ha invicado un(a) Esqueleto de Clase (-4.5, 62.82017092329923, 75.5
[23:30:48] [Server thread/INFO]: Un gato galáctico invocará un mob al azar en: 1
[23:30:48] [Server thread/INFO]: Un gato galáctico ha invicado un(a) Araña con Efectos (-4.5, 62.708846339922864, 75.5
[23:30:48] [Server thread/INFO]: Un gato galáctico invocará un mob al azar en: 1
[23:30:48] [Server thread/INFO]: Un gato galáctico ha invicado un(a) Gigante (-6.5, 62.57967997168116, 75.5
[23:30:48] [Server thread/INFO]: Un gato galáctico invocará un mob al azar en: 1
[23:30:48] [Server thread/INFO]: Un gato galáctico ha invicado un(a) Esqueleto de Clase (-6.5, 63.12335583996023, 75.5
[23:30:48] [Server thread/INFO]: Un gato galáctico invocará un mob al azar en: 1
[23:30:48] [Server thread/INFO]: Un gato galáctico ha invicado un(a) Ultra Ravager (-6.5, 62.165439881274736, 75.5
[23:30:48] [Server thread/INFO]: Un gato galáctico invocará un mob al azar en: 1
[23:30:48] [Server thread/INFO]: Un gato galáctico ha invicado un(a) Quantum Creeper (-6.5, 63.018930230236194, 75.5
[23:30:48] [Server thread/INFO]: Un gato galáctico invocará un mob al azar en: 1
[23:30:48] [Server thread/INFO]: Un gato galáctico ha invicado un(a) Araña con Efectos (-7.5, 62.89226219885232, 75.5
[23:30:48] [Server thread/INFO]: Un gato galáctico invocará un mob al azar en: 1
[23:30:48] [Server thread/INFO]: Un gato galáctico ha invicado un(a) Shulker Tnt (-8.500005097369677, 40.295000011920926, 221.2695496607201
[23:30:48] [Server thread/INFO]: Un gato galáctico invocará un mob al azar en: 1
[23:30:48] [Server thread/INFO]: Un gato galáctico ha invicado un(a) Araña con Efectos (-3.219780843800172, 41.0, 228.69999998807907
[23:30:48] [Server thread/INFO]: Un gato galáctico invocará un mob al azar en: 1
[23:30:48] [Server thread/INFO]: Un gato galáctico ha invicado un(a) Wither Skeleton Emperador (-11.320449775137657, 65.0, 250.31032542682672
[23:30:48] [Server thread/INFO]: Un gato galáctico invocará un mob al azar en: 1
[23:30:48] [Server thread/INFO]: Un gato galáctico ha invicado un(a) Gigante (4.621046488383975, 75.0, 266.77272436629517
[23:30:48] [Server thread/INFO]: Un gato galáctico invocará un mob al azar en: 1
[23:30:48] [Server thread/INFO]: Un gato galáctico ha invicado un(a) Esqueleto de Clase (6.679564320594406, 73.41999998688698, 281.15000000596046
[23:30:48] [Server thread/INFO]: Un gato galáctico invocará un mob al azar en: 1
[23:30:48] [Server thread/INFO]: Un gato galáctico ha invicado un(a) Bruja Imposible (26.594676073904004, 65.0, 236.52942103350193
[23:30:48] [Server thread/INFO]: Un gato galáctico invocará un mob al azar en: 1
[23:30:48] [Server thread/INFO]: Un gato galáctico ha invicado un(a) Shulker Tnt (17.35204139033137, 73.0, 263.35143687225195
[23:30:48] [Server thread/INFO]: Un gato galáctico invocará un mob al azar en: 1
[23:30:48] [Server thread/INFO]: Un gato galáctico ha invicado un(a) Esqueleto de Clase (42.90955761511268, 74.0, 250.09048801304587
[23:30:48] [Server thread/INFO]: Un gato galáctico invocará un mob al azar en: 1
[23:30:48] [Server thread/INFO]: Un gato galáctico ha invicado un(a) Shulker Tnt (33.88641162037131, 75.24918707874468, 253.50255835949937
[23:31:26] [Server thread/INFO]: La maldición de un Gato Galáctico ha comenzado en: -50, 64, 226
[23:31:26] [Server thread/INFO]: La maldición de un Gato Galáctico ha comenzado en: -47, 64, 220
[23:31:26] [Server thread/INFO]: La maldición de un Gato Galáctico ha comenzado en: -44, 59, 240
[23:31:26] [Server thread/INFO]: La maldición de un Gato Galáctico ha comenzado en: -19, 62, 50
[23:31:26] [Server thread/INFO]: La maldición de un Gato Galáctico ha comenzado en: -19, 62, 50
[23:31:26] [Server thread/INFO]: La maldición de un Gato Galáctico ha comenzado en: -19, 62, 50
[23:31:26] [Server thread/INFO]: La maldición de un Gato Galáctico ha comenzado en: -19, 62, 50
[23:31:26] [Server thread/INFO]: La maldición de un Gato Galáctico ha comenzado en: -19, 62, 50
[23:31:26] [Server thread/INFO]: La maldición de un Gato Galáctico ha comenzado en: -19, 62, 50
[23:31:26] [Server thread/INFO]: La maldición de un Gato Galáctico ha comenzado en: -19, 62, 50
[23:31:27] [Server thread/INFO]: La maldición de un Gato Galáctico ha comenzado en: -26, 62, 94
[23:31:27] [Server thread/INFO]: La maldición de un Gato Galáctico ha comenzado en: -26, 62, 95
[23:31:27] [Server thread/INFO]: La maldición de un Gato Galáctico ha comenzado en: -26, 62, 95
[23:31:27] [Server thread/INFO]: La maldición de un Gato Galáctico ha comenzado en: -26, 62, 95
[23:31:27] [Server thread/INFO]: La maldición de un Gato Galáctico ha comenzado en: -26, 62, 95
[23:31:27] [Server thread/INFO]: La maldición de un Gato Galáctico ha comenzado en: -27, 62, 94
[23:31:27] [Server thread/INFO]: La maldición de un Gato Galáctico ha comenzado en: -28, 62, 93
[23:31:27] [Server thread/INFO]: La maldición de un Gato Galáctico ha comenzado en: -28, 62, 93
[23:31:27] [Server thread/INFO]: La maldición de un Gato Galáctico ha comenzado en: -27, 62, 93
[23:31:27] [Server thread/INFO]: La maldición de un Gato Galáctico ha comenzado en: -28, 62, 94
[23:31:27] [Server thread/INFO]: La maldición de un Gato Galáctico ha comenzado en: -28, 62, 95
[23:31:27] [Server thread/INFO]: La maldición de un Gato Galáctico ha comenzado en: -28, 62, 95
[23:31:27] [Server thread/INFO]: La maldición de un Gato Galáctico ha comenzado en: -28, 62, 95
[23:31:27] [Server thread/INFO]: La maldición de un Gato Galáctico ha comenzado en: -27, 62, 95
[23:31:27] [Server thread/INFO]: La maldición de un Gato Galáctico ha comenzado en: -27, 62, 94
[23:31:27] [Server thread/INFO]: La maldición de un Gato Galáctico ha comenzado en: -26, 62, 95
[23:31:27] [Server thread/INFO]: La maldición de un Gato Galáctico ha comenzado en: -26, 62, 95
[23:31:27] [Server thread/INFO]: La maldición de un Gato Galáctico ha comenzado en: -26, 62, 95
[23:31:27] [Server thread/INFO]: La maldición de un Gato Galáctico ha comenzado en: -27, 62, 95
[23:31:27] [Server thread/INFO]: La maldición de un Gato Galáctico ha comenzado en: -27, 62, 95
[23:31:27] [Server thread/INFO]: La maldición de un Gato Galáctico ha comenzado en: -26, 62, 97
[23:31:27] [Server thread/INFO]: La maldición de un Gato Galáctico ha comenzado en: -26, 62, 97
[23:31:27] [Server thread/INFO]: La maldición de un Gato Galáctico ha comenzado en: -26, 62, 97
[23:31:27] [Server thread/INFO]: La maldición de un Gato Galáctico ha comenzado en: -26, 62, 97
[23:31:27] [Server thread/INFO]: La maldición de un Gato Galáctico ha comenzado en: -26, 63, 97
[23:31:27] [Server thread/INFO]: La maldición de un Gato Galáctico ha comenzado en: -26, 62, 97
[23:31:27] [Server thread/INFO]: La maldición de un Gato Galáctico ha comenzado en: -26, 62, 97
[23:31:27] [Server thread/INFO]: La maldición de un Gato Galáctico ha comenzado en: -25, 62, 98
[23:31:27] [Server thread/INFO]: La maldición de un Gato Galáctico ha comenzado en: -25, 62, 98
[23:31:27] [Server thread/INFO]: La maldición de un Gato Galáctico ha comenzado en: -25, 62, 98
[23:31:27] [Server thread/INFO]: La maldición de un Gato Galáctico ha comenzado en: -25, 62, 98
[23:31:27] [Server thread/INFO]: La maldición de un Gato Galáctico ha comenzado en: -25, 62, 98
[23:31:27] [Server thread/INFO]: La maldición de un Gato Galáctico ha comenzado en: -25, 62, 98
[23:31:27] [Server thread/INFO]: La maldición de un Gato Galáctico ha comenzado en: -25, 62, 97
[23:31:27] [Server thread/INFO]: La maldición de un Gato Galáctico ha comenzado en: -25, 62, 97
[23:31:27] [Server thread/INFO]: La maldición de un Gato Galáctico ha comenzado en: -25, 62, 97
[23:31:27] [Server thread/INFO]: La maldición de un Gato Galáctico ha comenzado en: -25, 62, 96
[23:31:27] [Server thread/INFO]: La maldición de un Gato Galáctico ha comenzado en: -25, 62, 96
[23:31:27] [Server thread/INFO]: La maldición de un Gato Galáctico ha comenzado en: -25, 62, 96
[23:31:27] [Server thread/INFO]: La maldición de un Gato Galáctico ha comenzado en: -25, 62, 96
[23:31:27] [Server thread/INFO]: La maldición de un Gato Galáctico ha comenzado en: -28, 62, 96
[23:31:27] [Server thread/INFO]: La maldición de un Gato Galáctico ha comenzado en: -28, 62, 96
[23:31:27] [Server thread/INFO]: La maldición de un Gato Galáctico ha comenzado en: -27, 62, 96
[23:31:27] [Server thread/INFO]: La maldición de un Gato Galáctico ha comenzado en: -28, 62, 96
[23:31:27] [Server thread/INFO]: La maldición de un Gato Galáctico ha comenzado en: -28, 63, 96
[23:31:27] [Server thread/INFO]: La maldición de un Gato Galáctico ha comenzado en: -29, 62, 96
[23:31:27] [Server thread/INFO]: La maldición de un Gato Galáctico ha comenzado en: -29, 62, 96
[23:31:27] [Server thread/INFO]: La maldición de un Gato Galáctico ha comenzado en: -28, 62, 97
[23:31:27] [Server thread/INFO]: La maldición de un Gato Galáctico ha comenzado en: -27, 61, 96
[23:31:27] [Server thread/INFO]: La maldición de un Gato Galáctico ha comenzado en: -27, 62, 96
[23:31:27] [Server thread/INFO]: La maldición de un Gato Galáctico ha comenzado en: -27, 62, 96
[23:31:27] [Server thread/INFO]: La maldición de un Gato Galáctico ha comenzado en: -27, 62, 96
[23:31:27] [Server thread/INFO]: La maldición de un Gato Galáctico ha comenzado en: -28, 63, 96
[23:31:27] [Server thread/INFO]: La maldición de un Gato Galáctico ha comenzado en: -28, 62, 96
[23:31:27] [Server thread/INFO]: La maldición de un Gato Galáctico ha comenzado en: -28, 62, 96
[23:31:27] [Server thread/INFO]: La maldición de un Gato Galáctico ha comenzado en: -28, 62, 96
[23:31:27] [Server thread/INFO]: La maldición de un Gato Galáctico ha comenzado en: -27, 62, 96
[23:31:27] [Server thread/INFO]: La maldición de un Gato Galáctico ha comenzado en: -27, 62, 96
[23:31:27] [Server thread/INFO]: La maldición de un Gato Galáctico ha comenzado en: -27, 62, 96
[23:31:27] [Server thread/INFO]: La maldición de un Gato Galáctico ha comenzado en: -27, 61, 96
[23:31:27] [Server thread/INFO]: La maldición de un Gato Galáctico ha comenzado en: -27, 62, 96
[23:31:27] [Server thread/INFO]: La maldición de un Gato Galáctico ha comenzado en: -27, 62, 96
[23:31:27] [Server thread/INFO]: La maldición de un Gato Galáctico ha comenzado en: -28, 62, 96
[23:31:27] [Server thread/INFO]: La maldición de un Gato Galáctico ha comenzado en: -28, 62, 96
[23:31:27] [Server thread/INFO]: La maldición de un Gato Galáctico ha comenzado en: -28, 62, 96
[23:31:28] [Server thread/INFO]: La maldición de un Gato Galáctico ha comenzado en: -15, 62, 250
[23:31:28] [Server thread/INFO]: La maldición de un Gato Galáctico ha comenzado en: -2, 73, 263
[23:31:29] [Server thread/INFO]: La maldición de un Gato Galáctico ha comenzado en: 6, 75, 264
[23:31:29] [Server thread/INFO]: La maldición de un Gato Galáctico ha comenzado en: 30, 71, 275
[23:31:29] [Server thread/INFO]: Un gato galáctico invocará un mob al azar en: 5
[23:31:29] [Server thread/INFO]: Un gato galáctico invocará un mob al azar en: 5
[23:31:29] [Server thread/INFO]: Un gato galáctico invocará un mob al azar en: 5
[23:31:29] [Server thread/INFO]: Un gato galáctico invocará un mob al azar en: 5
[23:31:29] [Server thread/INFO]: Un gato galáctico invocará un mob al azar en: 5
[23:31:29] [Server thread/INFO]: Un gato galáctico invocará un mob al azar en: 5
[23:31:29] [Server thread/INFO]: Un gato galáctico invocará un mob al azar en: 5
[23:31:29] [Server thread/INFO]: Un gato galáctico invocará un mob al azar en: 5
[23:31:29] [Server thread/INFO]: Un gato galáctico invocará un mob al azar en: 5
[23:31:29] [Server thread/INFO]: Un gato galáctico invocará un mob al azar en: 5
[23:31:29] [Server thread/INFO]: Un gato galáctico invocará un mob al azar en: 5
[23:31:29] [Server thread/INFO]: Un gato galáctico invocará un mob al azar en: 5
[23:31:29] [Server thread/INFO]: Un gato galáctico invocará un mob al azar en: 5
[23:31:29] [Server thread/INFO]: Un gato galáctico invocará un mob al azar en: 5
[23:31:29] [Server thread/INFO]: Un gato galáctico invocará un mob al azar en: 5
[23:31:29] [Server thread/INFO]: Un gato galáctico invocará un mob al azar en: 5
[23:31:29] [Server thread/INFO]: Un gato galáctico invocará un mob al azar en: 5
[23:31:29] [Server thread/INFO]: Un gato galáctico invocará un mob al azar en: 5
[23:31:29] [Server thread/INFO]: Un gato galáctico invocará un mob al azar en: 5
[23:31:29] [Server thread/INFO]: Un gato galáctico invocará un mob al azar en: 5
[23:31:29] [Server thread/INFO]: Un gato galáctico invocará un mob al azar en: 5
[23:31:29] [Server thread/INFO]: Un gato galáctico invocará un mob al azar en: 5
[23:31:29] [Server thread/INFO]: Un gato galáctico invocará un mob al azar en: 5
[23:31:29] [Server thread/INFO]: Un gato galáctico invocará un mob al azar en: 5
[23:31:29] [Server thread/INFO]: Un gato galáctico invocará un mob al azar en: 5
[23:31:29] [Server thread/INFO]: Un gato galáctico invocará un mob al azar en: 5
[23:31:29] [Server thread/INFO]: Un gato galáctico invocará un mob al azar en: 5
[23:31:29] [Server thread/INFO]: Un gato galáctico invocará un mob al azar en: 5
[23:31:29] [Server thread/INFO]: Un gato galáctico invocará un mob al azar en: 5
[23:31:29] [Server thread/INFO]: Un gato galáctico invocará un mob al azar en: 5
[23:31:29] [Server thread/INFO]: Un gato galáctico invocará un mob al azar en: 5
[23:31:29] [Server thread/INFO]: Un gato galáctico invocará un mob al azar en: 5
[23:31:29] [Server thread/INFO]: Un gato galáctico invocará un mob al azar en: 5
[23:31:29] [Server thread/INFO]: Un gato galáctico invocará un mob al azar en: 5
[23:31:29] [Server thread/INFO]: Un gato galáctico invocará un mob al azar en: 5
[23:31:29] [Server thread/INFO]: Un gato galáctico invocará un mob al azar en: 5
[23:31:29] [Server thread/INFO]: Un gato galáctico invocará un mob al azar en: 5
[23:31:29] [Server thread/INFO]: Un gato galáctico invocará un mob al azar en: 5
[23:31:29] [Server thread/INFO]: Un gato galáctico invocará un mob al azar en: 5
[23:31:29] [Server thread/INFO]: Un gato galáctico invocará un mob al azar en: 5
[23:31:29] [Server thread/INFO]: Un gato galáctico invocará un mob al azar en: 5
[23:31:29] [Server thread/INFO]: Un gato galáctico invocará un mob al azar en: 5
[23:31:29] [Server thread/INFO]: Un gato galáctico invocará un mob al azar en: 5
[23:31:29] [Server thread/INFO]: Un gato galáctico invocará un mob al azar en: 5
[23:31:29] [Server thread/INFO]: Un gato galáctico invocará un mob al azar en: 5
[23:31:29] [Server thread/INFO]: Un gato galáctico invocará un mob al azar en: 5
[23:31:29] [Server thread/INFO]: Un gato galáctico invocará un mob al azar en: 5
[23:31:29] [Server thread/INFO]: Un gato galáctico invocará un mob al azar en: 5
[23:31:29] [Server thread/INFO]: Un gato galáctico invocará un mob al azar en: 5
[23:31:29] [Server thread/INFO]: Un gato galáctico invocará un mob al azar en: 5
[23:31:29] [Server thread/INFO]: Un gato galáctico invocará un mob al azar en: 5
[23:31:29] [Server thread/INFO]: Un gato galáctico invocará un mob al azar en: 5
[23:31:29] [Server thread/INFO]: Un gato galáctico invocará un mob al azar en: 5
[23:31:29] [Server thread/INFO]: Un gato galáctico invocará un mob al azar en: 5
[23:31:29] [Server thread/INFO]: Un gato galáctico invocará un mob al azar en: 5
[23:31:29] [Server thread/INFO]: Un gato galáctico invocará un mob al azar en: 5
[23:31:29] [Server thread/INFO]: Un gato galáctico invocará un mob al azar en: 5
[23:31:29] [Server thread/INFO]: Un gato galáctico invocará un mob al azar en: 5
[23:31:29] [Server thread/INFO]: Un gato galáctico invocará un mob al azar en: 5
[23:31:29] [Server thread/INFO]: Un gato galáctico invocará un mob al azar en: 5
[23:31:29] [Server thread/INFO]: Un gato galáctico invocará un mob al azar en: 5
[23:31:29] [Server thread/INFO]: Un gato galáctico invocará un mob al azar en: 5
[23:31:29] [Server thread/INFO]: Un gato galáctico invocará un mob al azar en: 5
[23:31:29] [Server thread/INFO]: Un gato galáctico invocará un mob al azar en: 5
[23:31:29] [Server thread/INFO]: Un gato galáctico invocará un mob al azar en: 5
[23:31:29] [Server thread/INFO]: Un gato galáctico invocará un mob al azar en: 5
[23:31:29] [Server thread/INFO]: Un gato galáctico invocará un mob al azar en: 5
[23:31:29] [Server thread/INFO]: Un gato galáctico invocará un mob al azar en: 5
[23:31:29] [Server thread/INFO]: Un gato galáctico invocará un mob al azar en: 5
[23:31:29] [Server thread/INFO]: Un gato galáctico invocará un mob al azar en: 5
[23:31:29] [Server thread/INFO]: Un gato galáctico invocará un mob al azar en: 5
[23:31:29] [Server thread/INFO]: Un gato galáctico invocará un mob al azar en: 5
[23:31:29] [Server thread/INFO]: Un gato galáctico invocará un mob al azar en: 5
[23:31:29] [Server thread/INFO]: Un gato galáctico invocará un mob al azar en: 5
[23:31:29] [Server thread/INFO]: Un gato galáctico invocará un mob al azar en: 5
[23:31:29] [Server thread/INFO]: Un gato galáctico invocará un mob al azar en: 5
[23:31:29] [Server thread/INFO]: Un gato galáctico invocará un mob al azar en: 5
[23:31:29] [Server thread/INFO]: Un gato galáctico invocará un mob al azar en: 5
[23:31:29] [Server thread/INFO]: Un gato galáctico invocará un mob al azar en: 5
[23:31:29] [Server thread/INFO]: Un gato galáctico invocará un mob al azar en: 4
[23:31:29] [Server thread/INFO]: Un gato galáctico invocará un mob al azar en: 4
[23:31:29] [Server thread/INFO]: Un gato galáctico invocará un mob al azar en: 4
[23:31:29] [Server thread/INFO]: Un gato galáctico invocará un mob al azar en: 4
[23:31:29] [Server thread/INFO]: Un gato galáctico invocará un mob al azar en: 4
[23:31:29] [Server thread/INFO]: Un gato galáctico invocará un mob al azar en: 4
[23:31:29] [Server thread/INFO]: Un gato galáctico invocará un mob al azar en: 4
[23:31:29] [Server thread/INFO]: Un gato galáctico invocará un mob al azar en: 4
[23:31:29] [Server thread/INFO]: Un gato galáctico invocará un mob al azar en: 4
[23:31:29] [Server thread/INFO]: Un gato galáctico invocará un mob al azar en: 4
[23:31:29] [Server thread/INFO]: Un gato galáctico invocará un mob al azar en: 4
[23:31:29] [Server thread/INFO]: Un gato galáctico invocará un mob al azar en: 4
[23:31:29] [Server thread/INFO]: Un gato galáctico invocará un mob al azar en: 4
[23:31:29] [Server thread/INFO]: Un gato galáctico invocará un mob al azar en: 4
[23:31:29] [Server thread/INFO]: Un gato galáctico invocará un mob al azar en: 4
[23:31:29] [Server thread/INFO]: Un gato galáctico invocará un mob al azar en: 4
[23:31:29] [Server thread/INFO]: Un gato galáctico invocará un mob al azar en: 4
[23:31:29] [Server thread/INFO]: Un gato galáctico invocará un mob al azar en: 4
[23:31:29] [Server thread/INFO]: Un gato galáctico invocará un mob al azar en: 4
[23:31:29] [Server thread/INFO]: Un gato galáctico invocará un mob al azar en: 4
[23:31:29] [Server thread/INFO]: Un gato galáctico invocará un mob al azar en: 4
[23:31:29] [Server thread/INFO]: Un gato galáctico invocará un mob al azar en: 4
[23:31:29] [Server thread/INFO]: Un gato galáctico invocará un mob al azar en: 4
[23:31:29] [Server thread/INFO]: Un gato galáctico invocará un mob al azar en: 4
[23:31:29] [Server thread/INFO]: Un gato galáctico invocará un mob al azar en: 4
[23:31:29] [Server thread/INFO]: Un gato galáctico invocará un mob al azar en: 4
[23:31:29] [Server thread/INFO]: Un gato galáctico invocará un mob al azar en: 4
[23:31:29] [Server thread/INFO]: Un gato galáctico invocará un mob al azar en: 4
[23:31:29] [Server thread/INFO]: Un gato galáctico invocará un mob al azar en: 4
[23:31:29] [Server thread/INFO]: Un gato galáctico invocará un mob al azar en: 4
[23:31:29] [Server thread/INFO]: Un gato galáctico invocará un mob al azar en: 4
[23:31:29] [Server thread/INFO]: Un gato galáctico invocará un mob al azar en: 4
[23:31:29] [Server thread/INFO]: Un gato galáctico invocará un mob al azar en: 4
[23:31:29] [Server thread/INFO]: Un gato galáctico invocará un mob al azar en: 4
[23:31:29] [Server thread/INFO]: Un gato galáctico invocará un mob al azar en: 4
[23:31:29] [Server thread/INFO]: Un gato galáctico invocará un mob al azar en: 4
[23:31:29] [Server thread/INFO]: Un gato galáctico invocará un mob al azar en: 4
[23:31:29] [Server thread/INFO]: Un gato galáctico invocará un mob al azar en: 4
[23:31:29] [Server thread/INFO]: Un gato galáctico invocará un mob al azar en: 4
[23:31:29] [Server thread/INFO]: Un gato galáctico invocará un mob al azar en: 4
[23:31:29] [Server thread/INFO]: Un gato galáctico invocará un mob al azar en: 4
[23:31:29] [Server thread/INFO]: Un gato galáctico invocará un mob al azar en: 4
[23:31:29] [Server thread/INFO]: Un gato galáctico invocará un mob al azar en: 4
[23:31:29] [Server thread/INFO]: Un gato galáctico invocará un mob al azar en: 4
[23:31:29] [Server thread/INFO]: Un gato galáctico invocará un mob al azar en: 4
[23:31:29] [Server thread/INFO]: Un gato galáctico invocará un mob al azar en: 4
[23:31:29] [Server thread/INFO]: Un gato galáctico invocará un mob al azar en: 4
[23:31:29] [Server thread/INFO]: Un gato galáctico invocará un mob al azar en: 4
[23:31:29] [Server thread/INFO]: Un gato galáctico invocará un mob al azar en: 4
[23:31:29] [Server thread/INFO]: Un gato galáctico invocará un mob al azar en: 4
[23:31:29] [Server thread/INFO]: Un gato galáctico invocará un mob al azar en: 4
[23:31:29] [Server thread/INFO]: Un gato galáctico invocará un mob al azar en: 4
[23:31:29] [Server thread/INFO]: Un gato galáctico invocará un mob al azar en: 4
[23:31:29] [Server thread/INFO]: Un gato galáctico invocará un mob al azar en: 4
[23:31:29] [Server thread/INFO]: Un gato galáctico invocará un mob al azar en: 4
[23:31:29] [Server thread/INFO]: Un gato galáctico invocará un mob al azar en: 4
[23:31:29] [Server thread/INFO]: Un gato galáctico invocará un mob al azar en: 4
[23:31:29] [Server thread/INFO]: Un gato galáctico invocará un mob al azar en: 4
[23:31:29] [Server thread/INFO]: Un gato galáctico invocará un mob al azar en: 4
[23:31:29] [Server thread/INFO]: Un gato galáctico invocará un mob al azar en: 4
[23:31:29] [Server thread/INFO]: Un gato galáctico invocará un mob al azar en: 4
[23:31:29] [Server thread/INFO]: Un gato galáctico invocará un mob al azar en: 4
[23:31:29] [Server thread/INFO]: Un gato galáctico invocará un mob al azar en: 4
[23:31:29] [Server thread/INFO]: Un gato galáctico invocará un mob al azar en: 4
[23:31:29] [Server thread/INFO]: Un gato galáctico invocará un mob al azar en: 4
[23:31:29] [Server thread/INFO]: Un gato galáctico invocará un mob al azar en: 4
[23:31:29] [Server thread/INFO]: Un gato galáctico invocará un mob al azar en: 4
[23:31:29] [Server thread/INFO]: Un gato galáctico invocará un mob al azar en: 4
[23:31:29] [Server thread/INFO]: Un gato galáctico invocará un mob al azar en: 4
[23:31:29] [Server thread/INFO]: Un gato galáctico invocará un mob al azar en: 4
[23:31:29] [Server thread/INFO]: Un gato galáctico invocará un mob al azar en: 4
[23:31:29] [Server thread/INFO]: Un gato galáctico invocará un mob al azar en: 4
[23:31:29] [Server thread/INFO]: Un gato galáctico invocará un mob al azar en: 4
[23:31:29] [Server thread/INFO]: Un gato galáctico invocará un mob al azar en: 4
[23:31:29] [Server thread/INFO]: Un gato galáctico invocará un mob al azar en: 4
[23:31:29] [Server thread/INFO]: Un gato galáctico invocará un mob al azar en: 4
[23:31:29] [Server thread/INFO]: Un gato galáctico invocará un mob al azar en: 4
[23:31:29] [Server thread/INFO]: Un gato galáctico invocará un mob al azar en: 4
[23:31:29] [Server thread/INFO]: Un gato galáctico invocará un mob al azar en: 4
[23:31:30] [Server thread/INFO]: Un gato galáctico invocará un mob al azar en: 3
[23:31:30] [Server thread/INFO]: Un gato galáctico invocará un mob al azar en: 3
[23:31:30] [Server thread/INFO]: Un gato galáctico invocará un mob al azar en: 3
[23:31:30] [Server thread/INFO]: Un gato galáctico invocará un mob al azar en: 3
[23:31:30] [Server thread/INFO]: Un gato galáctico invocará un mob al azar en: 3
[23:31:30] [Server thread/INFO]: Un gato galáctico invocará un mob al azar en: 3
[23:31:30] [Server thread/INFO]: Un gato galáctico invocará un mob al azar en: 3
[23:31:30] [Server thread/INFO]: Un gato galáctico invocará un mob al azar en: 3
[23:31:30] [Server thread/INFO]: Un gato galáctico invocará un mob al azar en: 3
[23:31:30] [Server thread/INFO]: Un gato galáctico invocará un mob al azar en: 3
[23:31:30] [Server thread/INFO]: Un gato galáctico invocará un mob al azar en: 3
[23:31:30] [Server thread/INFO]: Un gato galáctico invocará un mob al azar en: 3
[23:31:30] [Server thread/INFO]: Un gato galáctico invocará un mob al azar en: 3
[23:31:30] [Server thread/INFO]: Un gato galáctico invocará un mob al azar en: 3
[23:31:30] [Server thread/INFO]: Un gato galáctico invocará un mob al azar en: 3
[23:31:30] [Server thread/INFO]: Un gato galáctico invocará un mob al azar en: 3
[23:31:30] [Server thread/INFO]: Un gato galáctico invocará un mob al azar en: 3
[23:31:30] [Server thread/INFO]: Un gato galáctico invocará un mob al azar en: 3
[23:31:30] [Server thread/INFO]: Un gato galáctico invocará un mob al azar en: 3
[23:31:30] [Server thread/INFO]: Un gato galáctico invocará un mob al azar en: 3
[23:31:30] [Server thread/INFO]: Un gato galáctico invocará un mob al azar en: 3
[23:31:30] [Server thread/INFO]: Un gato galáctico invocará un mob al azar en: 3
[23:31:30] [Server thread/INFO]: Un gato galáctico invocará un mob al azar en: 3
[23:31:30] [Server thread/INFO]: Un gato galáctico invocará un mob al azar en: 3
[23:31:30] [Server thread/INFO]: Un gato galáctico invocará un mob al azar en: 3
[23:31:30] [Server thread/INFO]: Un gato galáctico invocará un mob al azar en: 3
[23:31:30] [Server thread/INFO]: Un gato galáctico invocará un mob al azar en: 3
[23:31:30] [Server thread/INFO]: Un gato galáctico invocará un mob al azar en: 3
[23:31:30] [Server thread/INFO]: Un gato galáctico invocará un mob al azar en: 3
[23:31:30] [Server thread/INFO]: Un gato galáctico invocará un mob al azar en: 3
[23:31:30] [Server thread/INFO]: Un gato galáctico invocará un mob al azar en: 3
[23:31:30] [Server thread/INFO]: Un gato galáctico invocará un mob al azar en: 3
[23:31:30] [Server thread/INFO]: Un gato galáctico invocará un mob al azar en: 3
[23:31:30] [Server thread/INFO]: Un gato galáctico invocará un mob al azar en: 3
[23:31:30] [Server thread/INFO]: Un gato galáctico invocará un mob al azar en: 3
[23:31:30] [Server thread/INFO]: Un gato galáctico invocará un mob al azar en: 3
[23:31:30] [Server thread/INFO]: Un gato galáctico invocará un mob al azar en: 3
[23:31:30] [Server thread/INFO]: Un gato galáctico invocará un mob al azar en: 3
[23:31:30] [Server thread/INFO]: Un gato galáctico invocará un mob al azar en: 3
[23:31:30] [Server thread/INFO]: Un gato galáctico invocará un mob al azar en: 3
[23:31:30] [Server thread/INFO]: Un gato galáctico invocará un mob al azar en: 3
[23:31:30] [Server thread/INFO]: Un gato galáctico invocará un mob al azar en: 3
[23:31:30] [Server thread/INFO]: Un gato galáctico invocará un mob al azar en: 3
[23:31:30] [Server thread/INFO]: Un gato galáctico invocará un mob al azar en: 3
[23:31:30] [Server thread/INFO]: Un gato galáctico invocará un mob al azar en: 3
[23:31:30] [Server thread/INFO]: Un gato galáctico invocará un mob al azar en: 3
[23:31:30] [Server thread/INFO]: Un gato galáctico invocará un mob al azar en: 3
[23:31:30] [Server thread/INFO]: Un gato galáctico invocará un mob al azar en: 3
[23:31:30] [Server thread/INFO]: Un gato galáctico invocará un mob al azar en: 3
[23:31:30] [Server thread/INFO]: Un gato galáctico invocará un mob al azar en: 3
[23:31:30] [Server thread/INFO]: Un gato galáctico invocará un mob al azar en: 3
[23:31:30] [Server thread/INFO]: Un gato galáctico invocará un mob al azar en: 3
[23:31:30] [Server thread/INFO]: Un gato galáctico invocará un mob al azar en: 3
[23:31:30] [Server thread/INFO]: Un gato galáctico invocará un mob al azar en: 3
[23:31:30] [Server thread/INFO]: Un gato galáctico invocará un mob al azar en: 3
[23:31:30] [Server thread/INFO]: Un gato galáctico invocará un mob al azar en: 3
[23:31:30] [Server thread/INFO]: Un gato galáctico invocará un mob al azar en: 3
[23:31:30] [Server thread/INFO]: Un gato galáctico invocará un mob al azar en: 3
[23:31:30] [Server thread/INFO]: Un gato galáctico invocará un mob al azar en: 3
[23:31:30] [Server thread/INFO]: Un gato galáctico invocará un mob al azar en: 3
[23:31:30] [Server thread/INFO]: Un gato galáctico invocará un mob al azar en: 3
[23:31:30] [Server thread/INFO]: Un gato galáctico invocará un mob al azar en: 3
[23:31:30] [Server thread/INFO]: Un gato galáctico invocará un mob al azar en: 3
[23:31:30] [Server thread/INFO]: Un gato galáctico invocará un mob al azar en: 3
[23:31:30] [Server thread/INFO]: Un gato galáctico invocará un mob al azar en: 3
[23:31:30] [Server thread/INFO]: Un gato galáctico invocará un mob al azar en: 3
[23:31:30] [Server thread/INFO]: Un gato galáctico invocará un mob al azar en: 3
[23:31:30] [Server thread/INFO]: Un gato galáctico invocará un mob al azar en: 3
[23:31:30] [Server thread/INFO]: Un gato galáctico invocará un mob al azar en: 3
[23:31:30] [Server thread/INFO]: Un gato galáctico invocará un mob al azar en: 3
[23:31:30] [Server thread/INFO]: Un gato galáctico invocará un mob al azar en: 3
[23:31:30] [Server thread/INFO]: Un gato galáctico invocará un mob al azar en: 3
[23:31:30] [Server thread/INFO]: Un gato galáctico invocará un mob al azar en: 3
[23:31:30] [Server thread/INFO]: Un gato galáctico invocará un mob al azar en: 3
[23:31:30] [Server thread/INFO]: Un gato galáctico invocará un mob al azar en: 3
[23:31:30] [Server thread/INFO]: Un gato galáctico invocará un mob al azar en: 3
[23:31:30] [Server thread/INFO]: Un gato galáctico invocará un mob al azar en: 3
[23:31:30] [Server thread/INFO]: Un gato galáctico invocará un mob al azar en: 3
[23:31:30] [Server thread/INFO]: Un gato galáctico invocará un mob al azar en: 3
[23:31:30] [Server thread/INFO]: Un gato galáctico invocará un mob al azar en: 2
[23:31:30] [Server thread/INFO]: Un gato galáctico invocará un mob al azar en: 2
[23:31:30] [Server thread/INFO]: Un gato galáctico invocará un mob al azar en: 2
[23:31:30] [Server thread/INFO]: Un gato galáctico invocará un mob al azar en: 2
[23:31:30] [Server thread/INFO]: Un gato galáctico invocará un mob al azar en: 2
[23:31:30] [Server thread/INFO]: Un gato galáctico invocará un mob al azar en: 2
[23:31:30] [Server thread/INFO]: Un gato galáctico invocará un mob al azar en: 2
[23:31:30] [Server thread/INFO]: Un gato galáctico invocará un mob al azar en: 2
[23:31:30] [Server thread/INFO]: Un gato galáctico invocará un mob al azar en: 2
[23:31:30] [Server thread/INFO]: Un gato galáctico invocará un mob al azar en: 2
[23:31:30] [Server thread/INFO]: Un gato galáctico invocará un mob al azar en: 2
[23:31:30] [Server thread/INFO]: Un gato galáctico invocará un mob al azar en: 2
[23:31:30] [Server thread/INFO]: Un gato galáctico invocará un mob al azar en: 2
[23:31:30] [Server thread/INFO]: Un gato galáctico invocará un mob al azar en: 2
[23:31:30] [Server thread/INFO]: Un gato galáctico invocará un mob al azar en: 2
[23:31:30] [Server thread/INFO]: Un gato galáctico invocará un mob al azar en: 2
[23:31:30] [Server thread/INFO]: Un gato galáctico invocará un mob al azar en: 2
[23:31:30] [Server thread/INFO]: Un gato galáctico invocará un mob al azar en: 2
[23:31:30] [Server thread/INFO]: Un gato galáctico invocará un mob al azar en: 2
[23:31:30] [Server thread/INFO]: Un gato galáctico invocará un mob al azar en: 2
[23:31:30] [Server thread/INFO]: Un gato galáctico invocará un mob al azar en: 2
[23:31:30] [Server thread/INFO]: Un gato galáctico invocará un mob al azar en: 2
[23:31:30] [Server thread/INFO]: Un gato galáctico invocará un mob al azar en: 2
[23:31:30] [Server thread/INFO]: Un gato galáctico invocará un mob al azar en: 2
[23:31:30] [Server thread/INFO]: Un gato galáctico invocará un mob al azar en: 2
[23:31:30] [Server thread/INFO]: Un gato galáctico invocará un mob al azar en: 2
[23:31:30] [Server thread/INFO]: Un gato galáctico invocará un mob al azar en: 2
[23:31:30] [Server thread/INFO]: Un gato galáctico invocará un mob al azar en: 2
[23:31:30] [Server thread/INFO]: Un gato galáctico invocará un mob al azar en: 2
[23:31:30] [Server thread/INFO]: Un gato galáctico invocará un mob al azar en: 2
[23:31:30] [Server thread/INFO]: Un gato galáctico invocará un mob al azar en: 2
[23:31:30] [Server thread/INFO]: Un gato galáctico invocará un mob al azar en: 2
[23:31:30] [Server thread/INFO]: Un gato galáctico invocará un mob al azar en: 2
[23:31:30] [Server thread/INFO]: Un gato galáctico invocará un mob al azar en: 2
[23:31:30] [Server thread/INFO]: Un gato galáctico invocará un mob al azar en: 2
[23:31:30] [Server thread/INFO]: Un gato galáctico invocará un mob al azar en: 2
[23:31:30] [Server thread/INFO]: Un gato galáctico invocará un mob al azar en: 2
[23:31:30] [Server thread/INFO]: Un gato galáctico invocará un mob al azar en: 2
[23:31:30] [Server thread/INFO]: Un gato galáctico invocará un mob al azar en: 2
[23:31:30] [Server thread/INFO]: Un gato galáctico invocará un mob al azar en: 2
[23:31:30] [Server thread/INFO]: Un gato galáctico invocará un mob al azar en: 2
[23:31:30] [Server thread/INFO]: Un gato galáctico invocará un mob al azar en: 2
[23:31:30] [Server thread/INFO]: Un gato galáctico invocará un mob al azar en: 2
[23:31:30] [Server thread/INFO]: Un gato galáctico invocará un mob al azar en: 2
[23:31:30] [Server thread/INFO]: Un gato galáctico invocará un mob al azar en: 2
[23:31:30] [Server thread/INFO]: Un gato galáctico invocará un mob al azar en: 2
[23:31:30] [Server thread/INFO]: Un gato galáctico invocará un mob al azar en: 2
[23:31:30] [Server thread/INFO]: Un gato galáctico invocará un mob al azar en: 2
[23:31:30] [Server thread/INFO]: Un gato galáctico invocará un mob al azar en: 2
[23:31:30] [Server thread/INFO]: Un gato galáctico invocará un mob al azar en: 2
[23:31:30] [Server thread/INFO]: Un gato galáctico invocará un mob al azar en: 2
[23:31:30] [Server thread/INFO]: Un gato galáctico invocará un mob al azar en: 2
[23:31:30] [Server thread/INFO]: Un gato galáctico invocará un mob al azar en: 2
[23:31:30] [Server thread/INFO]: Un gato galáctico invocará un mob al azar en: 2
[23:31:30] [Server thread/INFO]: Un gato galáctico invocará un mob al azar en: 2
[23:31:30] [Server thread/INFO]: Un gato galáctico invocará un mob al azar en: 2
[23:31:30] [Server thread/INFO]: Un gato galáctico invocará un mob al azar en: 2
[23:31:30] [Server thread/INFO]: Un gato galáctico invocará un mob al azar en: 2
[23:31:30] [Server thread/INFO]: Un gato galáctico invocará un mob al azar en: 2
[23:31:30] [Server thread/INFO]: Un gato galáctico invocará un mob al azar en: 2
[23:31:30] [Server thread/INFO]: Un gato galáctico invocará un mob al azar en: 2
[23:31:30] [Server thread/INFO]: Un gato galáctico invocará un mob al azar en: 2
[23:31:30] [Server thread/INFO]: Un gato galáctico invocará un mob al azar en: 2
[23:31:30] [Server thread/INFO]: Un gato galáctico invocará un mob al azar en: 2
[23:31:30] [Server thread/INFO]: Un gato galáctico invocará un mob al azar en: 2
[23:31:30] [Server thread/INFO]: Un gato galáctico invocará un mob al azar en: 2
[23:31:30] [Server thread/INFO]: Un gato galáctico invocará un mob al azar en: 2
[23:31:30] [Server thread/INFO]: Un gato galáctico invocará un mob al azar en: 2
[23:31:30] [Server thread/INFO]: Un gato galáctico invocará un mob al azar en: 2
[23:31:30] [Server thread/INFO]: Un gato galáctico invocará un mob al azar en: 2
[23:31:30] [Server thread/INFO]: Un gato galáctico invocará un mob al azar en: 2
[23:31:30] [Server thread/INFO]: Un gato galáctico invocará un mob al azar en: 2
[23:31:30] [Server thread/INFO]: Un gato galáctico invocará un mob al azar en: 2
[23:31:30] [Server thread/INFO]: Un gato galáctico invocará un mob al azar en: 2
[23:31:30] [Server thread/INFO]: Un gato galáctico invocará un mob al azar en: 2
[23:31:30] [Server thread/INFO]: Un gato galáctico invocará un mob al azar en: 2
[23:31:30] [Server thread/INFO]: Un gato galáctico invocará un mob al azar en: 2
[23:31:30] [Server thread/INFO]: Un gato galáctico invocará un mob al azar en: 2
[23:31:30] [Server thread/INFO]: Un gato galáctico invocará un mob al azar en: 2
[23:31:30] [Server thread/INFO]: Un gato galáctico invocará un mob al azar en: 1
[23:31:30] [Server thread/INFO]: Un gato galáctico ha invicado un(a) Giga Phantom (-50.501133684946865, 64.0, 226.68529767899668
[23:31:30] [Server thread/INFO]: Un gato galáctico invocará un mob al azar en: 1
[23:31:30] [Server thread/INFO]: Un gato galáctico ha invicado un(a) Ender Quantum Creeper (-47.23442745715078, 64.0, 220.69049023951536
[23:31:30] [Server thread/INFO]: Un gato galáctico invocará un mob al azar en: 1
[23:31:30] [Server thread/INFO]: Un gato galáctico ha invicado un(a) Ultra Ravager (-44.708166832658264, 59.0, 240.78589046563516
[23:31:30] [Server thread/INFO]: Un gato galáctico invocará un mob al azar en: 1
[23:31:30] [Server thread/INFO]: Un gato galáctico ha invicado un(a) Quantum Creeper (-19.5, 62.0, 50.5
[23:31:30] [Server thread/INFO]: Un gato galáctico invocará un mob al azar en: 1
[23:31:30] [Server thread/INFO]: Un gato galáctico ha invicado un(a) Araña con Efectos (-19.5, 62.0, 50.5
[23:31:30] [Server thread/INFO]: Un gato galáctico invocará un mob al azar en: 1
[23:31:30] [Server thread/INFO]: Un gato galáctico ha invicado un(a) Pufferfish invulnerable (-19.5, 62.0, 50.5
[23:31:30] [Server thread/INFO]: Un gato galáctico invocará un mob al azar en: 1
[23:31:30] [Server thread/INFO]: Un gato galáctico ha invicado un(a) Wither Skeleton Emperador (-19.5, 62.0, 50.5
[23:31:30] [Server thread/INFO]: Un gato galáctico invocará un mob al azar en: 1
[23:31:30] [Server thread/INFO]: Un gato galáctico ha invicado un(a) Gigante (-19.5, 62.0, 50.5
[23:31:30] [Server thread/INFO]: Un gato galáctico invocará un mob al azar en: 1
[23:31:30] [Server thread/INFO]: Un gato galáctico ha invicado un(a) Bruja Imposible (-19.5, 62.0, 50.5
[23:31:30] [Server thread/INFO]: Un gato galáctico invocará un mob al azar en: 1
[23:31:30] [Server thread/INFO]: Un gato galáctico ha invicado un(a) Giga Slime (-19.5, 62.0, 50.5
[23:31:30] [Server thread/INFO]: Un gato galáctico invocará un mob al azar en: 1
[23:31:30] [Server thread/INFO]: Un gato galáctico ha invicado un(a) Pufferfish invulnerable (-26.5, 62.6971352049375, 94.5
[23:31:30] [Server thread/INFO]: Un gato galáctico invocará un mob al azar en: 1
[23:31:30] [Server thread/INFO]: Un gato galáctico ha invicado un(a) Demonio Flotante (-26.5, 62.45516263618765, 95.5
[23:31:30] [Server thread/INFO]: Un gato galáctico invocará un mob al azar en: 1
[23:31:30] [Server thread/INFO]: Un gato galáctico ha invicado un(a) Ultra Ravager (-26.5, 62.39847309460542, 95.5
[23:31:30] [Server thread/INFO]: Un gato galáctico invocará un mob al azar en: 1
[23:31:30] [Server thread/INFO]: Un gato galáctico ha invicado un(a) Esqueleto de Clase (-26.5, 62.55833582644727, 95.5
[23:31:30] [Server thread/INFO]: Un gato galáctico invocará un mob al azar en: 1
[23:31:30] [Server thread/INFO]: Un gato galáctico ha invicado un(a) Ender Ghast (-26.5, 62.46697760721614, 95.5
[23:31:30] [Server thread/INFO]: Un gato galáctico invocará un mob al azar en: 1
[23:31:30] [Server thread/INFO]: Un gato galáctico ha invicado un(a) Demonio Flotante (-27.5, 62.96498541635667, 94.5
[23:31:30] [Server thread/INFO]: Un gato galáctico invocará un mob al azar en: 1
[23:31:30] [Server thread/INFO]: Un gato galáctico ha invicado un(a) Bruja Imposible (-28.826822423016157, 62.51451470011884, 93.8752065963114
[23:31:30] [Server thread/INFO]: Un gato galáctico invocará un mob al azar en: 1
[23:31:30] [Server thread/INFO]: Un gato galáctico ha invicado un(a) Gigante (-28.012835874239045, 62.521978462662375, 93.68219676129839
[23:31:30] [Server thread/INFO]: Un gato galáctico invocará un mob al azar en: 1
[23:31:30] [Server thread/INFO]: Un gato galáctico ha invicado un(a) Wither Skeleton Emperador (-27.359447926211224, 62.58089527825092, 93.90351411115566
[23:31:30] [Server thread/INFO]: Un gato galáctico invocará un mob al azar en: 1
[23:31:30] [Server thread/INFO]: Un gato galáctico ha invicado un(a) Giga MagmaCube (-28.5, 62.980509841320185, 94.69153977784157
[23:31:30] [Server thread/INFO]: Un gato galáctico invocará un mob al azar en: 1
[23:31:30] [Server thread/INFO]: Un gato galáctico ha invicado un(a) Endermite Misterioso (-28.5, 62.02080236281526, 95.5
[23:31:30] [Server thread/INFO]: Un gato galáctico invocará un mob al azar en: 1
[23:31:30] [Server thread/INFO]: Un gato galáctico ha invicado un(a) Gigante (-28.5, 62.280134072530245, 95.5
[23:31:30] [Server thread/INFO]: Un gato galáctico invocará un mob al azar en: 1
[23:31:30] [Server thread/INFO]: Un gato galáctico ha invicado un(a) Wither Skeleton Emperador (-28.5, 62.997294913408886, 95.5
[23:31:30] [Server thread/INFO]: Un gato galáctico invocará un mob al azar en: 1
[23:31:30] [Server thread/INFO]: Un gato galáctico ha invicado un(a) Pufferfish invulnerable (-27.5, 62.58989229854872, 95.5
[23:31:30] [Server thread/INFO]: Un gato galáctico invocará un mob al azar en: 1
[23:31:30] [Server thread/INFO]: Un gato galáctico ha invicado un(a) Pufferfish invulnerable (-27.5, 62.787441016759054, 94.5
[23:31:30] [Server thread/INFO]: Un gato galáctico invocará un mob al azar en: 1
[23:31:30] [Server thread/INFO]: Un gato galáctico ha invicado un(a) Ultra Ravager (-26.5, 62.102728362682136, 95.5
[23:31:30] [Server thread/INFO]: Un gato galáctico invocará un mob al azar en: 1
[23:31:30] [Server thread/INFO]: Un gato galáctico ha invicado un(a) Gato Supernova (-26.5, 62.48165471760735, 95.5
[23:31:30] [Server thread/INFO]: Un gato galáctico invocará un mob al azar en: 1
[23:31:30] [Server thread/INFO]: Un gato galáctico ha invicado un(a) Gigante (-26.5, 62.52142090055194, 95.5
[23:31:30] [Server thread/INFO]: Un gato galáctico invocará un mob al azar en: 1
[23:31:30] [Server thread/INFO]: Un gato galáctico ha invicado un(a) Gigante (-27.5, 62.85370816854242, 95.5
[23:31:30] [Server thread/INFO]: Un gato galáctico invocará un mob al azar en: 1
[23:31:30] [Server thread/INFO]: Un gato galáctico ha invicado un(a) Esqueleto de Clase (-27.5, 62.77759790552092, 95.5
[23:31:30] [Server thread/INFO]: Un gato galáctico invocará un mob al azar en: 1
[23:31:30] [Server thread/INFO]: Un gato galáctico ha invicado un(a) Permadeath Demon (-26.5, 62.29180265520152, 97.5
[23:31:30] [Server thread/INFO]: Un gato galáctico invocará un mob al azar en: 1
[23:31:30] [Server thread/INFO]: Un gato galáctico ha invicado un(a) Pufferfish invulnerable (-26.5, 62.83752653179091, 97.5
[23:31:30] [Server thread/INFO]: Un gato galáctico invocará un mob al azar en: 1
[23:31:30] [Server thread/ERROR]: Could not pass event CreatureSpawnEvent to Permadeath v1.3
java.lang.NullPointerException: null
	at tech.sebazcrc.permadeath.nms.v1_16_R3.NMSHandlerImpl.spawnNMSEntity(NMSHandlerImpl.java:326) ~[?:?]
	at tech.sebazcrc.permadeath.event.entity.SpawnListener.onSpawn(SpawnListener.java:127) ~[?:?]
	at com.destroystokyo.paper.event.executor.asm.generated.GeneratedEventExecutor9.execute(Unknown Source) ~[?:?]
	at org.bukkit.plugin.EventExecutor.lambda$create$1(EventExecutor.java:69) ~[patched_1.16.5.jar:git-Paper-794]
	at co.aikar.timings.TimedEventExecutor.execute(TimedEventExecutor.java:80) ~[patched_1.16.5.jar:git-Paper-794]
	at org.bukkit.plugin.RegisteredListener.callEvent(RegisteredListener.java:70) ~[patched_1.16.5.jar:git-Paper-794]
	at org.bukkit.plugin.SimplePluginManager.callEvent(SimplePluginManager.java:624) ~[patched_1.16.5.jar:git-Paper-794]
	at org.bukkit.craftbukkit.v1_16_R3.event.CraftEventFactory.callCreatureSpawnEvent(CraftEventFactory.java:722) ~[patched_1.16.5.jar:git-Paper-794]
	at org.bukkit.craftbukkit.v1_16_R3.event.CraftEventFactory.doEntityAddEventCalling(CraftEventFactory.java:640) ~[patched_1.16.5.jar:git-Paper-794]
	at net.minecraft.server.v1_16_R3.WorldServer.addEntity0(WorldServer.java:1302) ~[patched_1.16.5.jar:git-Paper-794]
	at net.minecraft.server.v1_16_R3.WorldServer.addEntity(WorldServer.java:1203) ~[patched_1.16.5.jar:git-Paper-794]
	at net.minecraft.server.v1_16_R3.WorldAccess.lambda$addAllEntities$0(WorldAccess.java:16) ~[patched_1.16.5.jar:git-Paper-794]
	at java.util.stream.Streams$StreamBuilderImpl.forEachRemaining(Streams.java:411) ~[?:?]
	at java.util.stream.Streams$ConcatSpliterator.forEachRemaining(Streams.java:734) ~[?:?]
	at java.util.stream.ReferencePipeline$Head.forEach(ReferencePipeline.java:658) ~[?:?]
	at net.minecraft.server.v1_16_R3.WorldAccess.addAllEntities(WorldAccess.java:16) ~[patched_1.16.5.jar:git-Paper-794]
	at net.minecraft.server.v1_16_R3.EntityTypes.spawnCreature(EntityTypes.java:346) ~[patched_1.16.5.jar:git-Paper-794]
	at net.minecraft.server.v1_16_R3.EntityTypes.spawnCreature(EntityTypes.java:323) ~[patched_1.16.5.jar:git-Paper-794]
	at tech.sebazcrc.permadeath.nms.v1_16_R3.NMSHandlerImpl.spawnNMSEntity(NMSHandlerImpl.java:326) ~[?:?]
	at tech.sebazcrc.permadeath.task.GatoGalacticoTask.run(GatoGalacticoTask.java:170) ~[?:?]
	at org.bukkit.craftbukkit.v1_16_R3.scheduler.CraftTask.run(CraftTask.java:101) ~[patched_1.16.5.jar:git-Paper-794]
	at org.bukkit.craftbukkit.v1_16_R3.scheduler.CraftScheduler.mainThreadHeartbeat(CraftScheduler.java:485) ~[patched_1.16.5.jar:git-Paper-794]
	at net.minecraft.server.v1_16_R3.MinecraftServer.b(MinecraftServer.java:1432) ~[patched_1.16.5.jar:git-Paper-794]
	at net.minecraft.server.v1_16_R3.DedicatedServer.b(DedicatedServer.java:436) ~[patched_1.16.5.jar:git-Paper-794]
	at net.minecraft.server.v1_16_R3.MinecraftServer.a(MinecraftServer.java:1347) ~[patched_1.16.5.jar:git-Paper-794]
	at net.minecraft.server.v1_16_R3.MinecraftServer.w(MinecraftServer.java:1135) ~[patched_1.16.5.jar:git-Paper-794]
	at net.minecraft.server.v1_16_R3.MinecraftServer.lambda$a$0(MinecraftServer.java:291) ~[patched_1.16.5.jar:git-Paper-794]
	at java.lang.Thread.run(Thread.java:829) [?:?]
[23:31:30] [Server thread/INFO]: Un gato galáctico ha invicado un(a) Giga Phantom (-26.5, 62.52270704777287, 97.5
[23:31:30] [Server thread/INFO]: Un gato galáctico invocará un mob al azar en: 1
[23:31:30] [Server thread/INFO]: Un gato galáctico ha invicado un(a) Wither Skeleton Emperador (-26.5, 62.7450555967575, 97.5
[23:31:30] [Server thread/INFO]: Un gato galáctico invocará un mob al azar en: 1
[23:31:30] [Server thread/INFO]: Un gato galáctico ha invicado un(a) Gigante (-26.5, 63.13464053280978, 97.5
[23:31:30] [Server thread/INFO]: Un gato galáctico invocará un mob al azar en: 1
[23:31:30] [Server thread/INFO]: Un gato galáctico ha invicado un(a) Araña con Efectos (-26.5, 62.91766159806291, 97.5
[23:31:30] [Server thread/INFO]: Un gato galáctico invocará un mob al azar en: 1
[23:31:30] [Server thread/INFO]: Un gato galáctico ha invicado un(a) Silverfish de la Muerte (-26.5, 62.98215862654112, 97.5
[23:31:30] [Server thread/INFO]: Un gato galáctico invocará un mob al azar en: 1
[23:31:30] [Server thread/INFO]: Un gato galáctico ha invicado un(a) Shulker Tnt (-25.5, 62.50560247991266, 98.5
[23:31:30] [Server thread/INFO]: Un gato galáctico invocará un mob al azar en: 1
[23:31:30] [Server thread/INFO]: Un gato galáctico ha invicado un(a) Shulker Tnt (-25.5, 62.401872612293765, 98.5
[23:31:30] [Server thread/INFO]: Un gato galáctico invocará un mob al azar en: 1
[23:31:30] [Server thread/INFO]: Un gato galáctico ha invicado un(a) Ultra Ravager (-25.5, 62.5057839594668, 98.5
[23:31:30] [Server thread/INFO]: Un gato galáctico invocará un mob al azar en: 1
[23:31:30] [Server thread/INFO]: Un gato galáctico ha invicado un(a) Shulker Tnt (-25.5, 62.402118126782874, 98.5
[23:31:30] [Server thread/INFO]: Un gato galáctico invocará un mob al azar en: 1
[23:31:30] [Server thread/INFO]: Un gato galáctico ha invicado un(a) Giga Slime (-25.5, 62.973300369839066, 98.5
[23:31:30] [Server thread/INFO]: Un gato galáctico invocará un mob al azar en: 1
[23:31:30] [Server thread/INFO]: Un gato galáctico ha invicado un(a) Silverfish de la Muerte (-25.5, 62.422144876080225, 98.5
[23:31:30] [Server thread/INFO]: Un gato galáctico invocará un mob al azar en: 1
[23:31:30] [Server thread/INFO]: Un gato galáctico ha invicado un(a) Silverfish de la Muerte (-25.5, 62.63385665844039, 97.5
[23:31:30] [Server thread/INFO]: Un gato galáctico invocará un mob al azar en: 1
[23:31:30] [Server thread/INFO]: Un gato galáctico ha invicado un(a) Gigante (-25.5, 62.58681092742414, 97.5
[23:31:30] [Server thread/INFO]: Un gato galáctico invocará un mob al azar en: 1
[23:31:30] [Server thread/INFO]: Un gato galáctico ha invicado un(a) Esqueleto de Clase (-25.5, 62.652662724030016, 97.5
[23:31:30] [Server thread/INFO]: Un gato galáctico invocará un mob al azar en: 1
[23:31:30] [Server thread/INFO]: Un gato galáctico ha invicado un(a) Giga MagmaCube (-25.5, 62.89097688601433, 96.5
[23:31:30] [Server thread/INFO]: Un gato galáctico invocará un mob al azar en: 1
[23:31:30] [Server thread/WARN]: [Permadeath] Task #266876 for Permadeath v1.3 generated an exception
java.lang.NullPointerException: null
	at tech.sebazcrc.permadeath.nms.v1_16_R3.NMSHandlerImpl.spawnNMSEntity(NMSHandlerImpl.java:326) ~[?:?]
	at tech.sebazcrc.permadeath.task.GatoGalacticoTask.run(GatoGalacticoTask.java:150) ~[?:?]
	at org.bukkit.craftbukkit.v1_16_R3.scheduler.CraftTask.run(CraftTask.java:101) ~[patched_1.16.5.jar:git-Paper-794]
	at org.bukkit.craftbukkit.v1_16_R3.scheduler.CraftScheduler.mainThreadHeartbeat(CraftScheduler.java:485) ~[patched_1.16.5.jar:git-Paper-794]
	at net.minecraft.server.v1_16_R3.MinecraftServer.b(MinecraftServer.java:1432) ~[patched_1.16.5.jar:git-Paper-794]
	at net.minecraft.server.v1_16_R3.DedicatedServer.b(DedicatedServer.java:436) ~[patched_1.16.5.jar:git-Paper-794]
	at net.minecraft.server.v1_16_R3.MinecraftServer.a(MinecraftServer.java:1347) ~[patched_1.16.5.jar:git-Paper-794]
	at net.minecraft.server.v1_16_R3.MinecraftServer.w(MinecraftServer.java:1135) ~[patched_1.16.5.jar:git-Paper-794]
	at net.minecraft.server.v1_16_R3.MinecraftServer.lambda$a$0(MinecraftServer.java:291) ~[patched_1.16.5.jar:git-Paper-794]
	at java.lang.Thread.run(Thread.java:829) [?:?]
[23:31:30] [Server thread/INFO]: Un gato galáctico invocará un mob al azar en: 1
[23:31:30] [Server thread/INFO]: Un gato galáctico ha invicado un(a) Permadeath Demon (-25.5, 62.57349142475457, 96.5
[23:31:30] [Server thread/INFO]: Un gato galáctico invocará un mob al azar en: 1
[23:31:30] [Server thread/INFO]: Un gato galáctico ha invicado un(a) Ultra Ravager (-25.5, 62.57208718229171, 96.5
[23:31:30] [Server thread/INFO]: Un gato galáctico invocará un mob al azar en: 1
[23:31:30] [Server thread/INFO]: Un gato galáctico ha invicado un(a) Quantum Creeper (-28.5, 62.62933352189638, 96.5
[23:31:30] [Server thread/INFO]: Un gato galáctico invocará un mob al azar en: 1
[23:31:30] [Server thread/INFO]: Un gato galáctico ha invicado un(a) Giga MagmaCube (-28.5, 62.19479010942883, 96.5
[23:31:30] [Server thread/INFO]: Un gato galáctico invocará un mob al azar en: 1
[23:31:30] [Server thread/INFO]: Un gato galáctico ha invicado un(a) Araña con Efectos (-27.5, 62.77097873923596, 96.5
[23:31:30] [Server thread/INFO]: Un gato galáctico invocará un mob al azar en: 1
[23:31:30] [Server thread/INFO]: Un gato galáctico ha invicado un(a) Endermite Misterioso (-28.5, 62.9010976286384, 96.5
[23:31:30] [Server thread/INFO]: Un gato galáctico invocará un mob al azar en: 1
[23:31:30] [Server thread/INFO]: Un gato galáctico ha invicado un(a) Bruja Imposible (-28.5, 63.134371544833144, 96.5
[23:31:30] [Server thread/INFO]: Un gato galáctico invocará un mob al azar en: 1
[23:31:30] [Server thread/INFO]: Un gato galáctico ha invicado un(a) Endermite Misterioso (-29.5, 62.49177962549096, 96.5
[23:31:30] [Server thread/INFO]: Un gato galáctico invocará un mob al azar en: 1
[23:31:30] [Server thread/INFO]: Un gato galáctico ha invicado un(a) Silverfish de la Muerte (-29.5, 62.58178672753957, 96.5
[23:31:30] [Server thread/INFO]: Un gato galáctico invocará un mob al azar en: 1
[23:31:30] [Server thread/INFO]: Un gato galáctico ha invicado un(a) Bruja Imposible (-28.280032953510833, 62.359767297199895, 97.39586691445678
[23:31:30] [Server thread/INFO]: Un gato galáctico invocará un mob al azar en: 1
[23:31:30] [Server thread/INFO]: Un gato galáctico ha invicado un(a) Gigante (-27.5, 61.92963000359997, 96.5
[23:31:30] [Server thread/INFO]: Un gato galáctico invocará un mob al azar en: 1
[23:31:30] [Server thread/INFO]: Un gato galáctico ha invicado un(a) Permadeath Demon (-27.5, 62.386543123312244, 96.5
[23:31:30] [Server thread/INFO]: Un gato galáctico invocará un mob al azar en: 1
[23:31:30] [Server thread/INFO]: Un gato galáctico ha invicado un(a) Gato Supernova (-27.5, 62.932297395904065, 96.5
[23:31:30] [Server thread/INFO]: Un gato galáctico invocará un mob al azar en: 1
[23:31:30] [Server thread/INFO]: Un gato galáctico ha invicado un(a) Esqueleto de Clase (-27.5, 62.61474057489152, 96.5
[23:31:30] [Server thread/INFO]: Un gato galáctico invocará un mob al azar en: 1
[23:31:30] [Server thread/INFO]: Un gato galáctico ha invicado un(a) Ultra Ravager (-28.5, 63.01249242669181, 96.5
[23:31:30] [Server thread/INFO]: Un gato galáctico invocará un mob al azar en: 1
[23:31:30] [Server thread/INFO]: Un gato galáctico ha invicado un(a) Bruja Imposible (-28.5, 62.70893575295559, 96.5
[23:31:30] [Server thread/INFO]: Un gato galáctico invocará un mob al azar en: 1
[23:31:30] [Server thread/INFO]: Un gato galáctico ha invicado un(a) Araña con Efectos (-28.5, 62.888916927174584, 96.5
[23:31:30] [Server thread/INFO]: Un gato galáctico invocará un mob al azar en: 1
[23:31:30] [Server thread/INFO]: Un gato galáctico ha invicado un(a) Ultra Ravager (-28.5, 62.98054090491078, 96.5
[23:31:30] [Server thread/INFO]: Un gato galáctico invocará un mob al azar en: 1
[23:31:30] [Server thread/INFO]: Un gato galáctico ha invicado un(a) Giga MagmaCube (-27.5, 62.22128322578831, 96.5
[23:31:30] [Server thread/INFO]: Un gato galáctico invocará un mob al azar en: 1
[23:31:30] [Server thread/INFO]: Un gato galáctico ha invicado un(a) Silverfish de la Muerte (-27.5, 62.52927786489258, 96.5
[23:31:30] [Server thread/INFO]: Un gato galáctico invocará un mob al azar en: 1
[23:31:30] [Server thread/INFO]: Un gato galáctico ha invicado un(a) Esqueleto de Clase (-27.5, 62.689810170569466, 96.5
[23:31:30] [Server thread/INFO]: Un gato galáctico invocará un mob al azar en: 1
[23:31:30] [Server thread/INFO]: Un gato galáctico ha invicado un(a) Giga MagmaCube (-27.5, 61.89503862238874, 96.5
[23:31:30] [Server thread/INFO]: Un gato galáctico invocará un mob al azar en: 1
[23:31:30] [Server thread/INFO]: Un gato galáctico ha invicado un(a) Endermite Misterioso (-27.5, 62.661822062081946, 96.5
[23:31:30] [Server thread/INFO]: Un gato galáctico invocará un mob al azar en: 1
[23:31:30] [Server thread/INFO]: Un gato galáctico ha invicado un(a) Esqueleto de Clase (-27.5, 62.6207360233461, 96.5
[23:31:30] [Server thread/INFO]: Un gato galáctico invocará un mob al azar en: 1
[23:31:30] [Server thread/INFO]: Un gato galáctico ha invicado un(a) Endermite Misterioso (-28.5, 62.08586598531464, 96.5
[23:31:30] [Server thread/INFO]: Un gato galáctico invocará un mob al azar en: 1
[23:31:30] [Server thread/INFO]: Un gato galáctico ha invicado un(a) Pufferfish invulnerable (-28.5, 62.44790157964066, 96.5
[23:31:30] [Server thread/INFO]: Un gato galáctico invocará un mob al azar en: 1
[23:31:30] [Server thread/INFO]: Un gato galáctico ha invicado un(a) Shulker Tnt (-28.5, 62.97299786466611, 96.5
[23:31:30] [Server thread/INFO]: Un gato galáctico invocará un mob al azar en: 1
[23:31:30] [Server thread/INFO]: Un gato galáctico ha invicado un(a) Gigante (-15.515677228130533, 62.0, 250.68994622442202
[23:31:30] [Server thread/INFO]: Un gato galáctico invocará un mob al azar en: 1
[23:31:30] [Server thread/INFO]: Un gato galáctico ha invicado un(a) Shulker Tnt (-2.4976421219038567, 73.0, 263.7272510811112
[23:31:30] [Server thread/INFO]: Un gato galáctico invocará un mob al azar en: 1
[23:31:30] [Server thread/INFO]: Un gato galáctico ha invicado un(a) Giga MagmaCube (6.799422692581749, 75.0, 264.8214862321987
[23:31:30] [Server thread/INFO]: Un gato galáctico invocará un mob al azar en: 1
[23:31:30] [Server thread/INFO]: Un gato galáctico ha invicado un(a) Giga Slime (30.49992137636574, 71.0, 275.3510195427497
[23:31:31] [Server thread/INFO]: Un gato galáctico ha invicado un(a) Gigante (-25.5, 62.43459306418698, 96.5
[23:31:40] [Server thread/INFO]: RompOrTos issued server command: /time set day
[23:31:48] [Async Chat Thread - #17/INFO]: <TTottaly_RED> como
[23:32:08] [Server thread/INFO]: La maldición de un Gato Galáctico ha comenzado en: -36, 43, 233
[23:32:08] [Server thread/INFO]: Un gato galáctico invocará un mob al azar en: 5
[23:32:09] [Server thread/INFO]: Un gato galáctico invocará un mob al azar en: 4
[23:32:10] [Server thread/INFO]: Un gato galáctico invocará un mob al azar en: 3
[23:32:11] [Server thread/INFO]: Un gato galáctico invocará un mob al azar en: 2
[23:32:12] [Server thread/INFO]: Un gato galáctico invocará un mob al azar en: 1
[23:32:12] [Server thread/INFO]: Un gato galáctico ha invicado un(a) Gato Supernova (-36.30000001192093, 43.30000001192093, 233.69999998807907
[23:32:13] [Server thread/INFO]: La maldición de un Gato Galáctico ha comenzado en: -51, 64, 230
[23:32:13] [Server thread/INFO]: La maldición de un Gato Galáctico ha comenzado en: -57, 64, 230
[23:32:17] [Server thread/INFO]: La maldición de un Gato Galáctico ha comenzado en: 47, 62, 69
[23:32:17] [Server thread/INFO]: La maldición de un Gato Galáctico ha comenzado en: 46, 62, 69
[23:32:17] [Server thread/INFO]: La maldición de un Gato Galáctico ha comenzado en: 47, 62, 70
[23:32:17] [Server thread/INFO]: La maldición de un Gato Galáctico ha comenzado en: 44, 62, 69
[23:32:17] [Server thread/INFO]: La maldición de un Gato Galáctico ha comenzado en: 42, 62, 70
[23:32:17] [Server thread/INFO]: La maldición de un Gato Galáctico ha comenzado en: 40, 63, 69
[23:32:17] [Server thread/INFO]: La maldición de un Gato Galáctico ha comenzado en: 40, 62, 69
[23:32:17] [Server thread/INFO]: La maldición de un Gato Galáctico ha comenzado en: 40, 62, 69
[23:32:17] [Server thread/INFO]: La maldición de un Gato Galáctico ha comenzado en: 40, 62, 69
[23:32:17] [Server thread/INFO]: La maldición de un Gato Galáctico ha comenzado en: 42, 63, 69
[23:32:17] [Server thread/INFO]: La maldición de un Gato Galáctico ha comenzado en: 43, 62, 69
[23:32:17] [Server thread/INFO]: La maldición de un Gato Galáctico ha comenzado en: 45, 62, 69
[23:32:17] [Server thread/INFO]: La maldición de un Gato Galáctico ha comenzado en: 47, 62, 69
[23:32:17] [Server thread/INFO]: La maldición de un Gato Galáctico ha comenzado en: 40, 73, 246
[23:32:17] [Server thread/INFO]: La maldición de un Gato Galáctico ha comenzado en: 50, 62, 79
[23:32:17] [Server thread/INFO]: La maldición de un Gato Galáctico ha comenzado en: 50, 62, 78
[23:32:17] [Server thread/INFO]: La maldición de un Gato Galáctico ha comenzado en: 50, 62, 78
[23:32:17] [Server thread/INFO]: La maldición de un Gato Galáctico ha comenzado en: 50, 63, 78
[23:32:17] [Server thread/INFO]: La maldición de un Gato Galáctico ha comenzado en: 50, 62, 78
[23:32:17] [Server thread/INFO]: La maldición de un Gato Galáctico ha comenzado en: 50, 62, 78
[23:32:17] [Server thread/INFO]: La maldición de un Gato Galáctico ha comenzado en: 50, 62, 77
[23:32:17] [Server thread/INFO]: La maldición de un Gato Galáctico ha comenzado en: 50, 62, 77
[23:32:17] [Server thread/INFO]: La maldición de un Gato Galáctico ha comenzado en: 50, 62, 76
[23:32:17] [Server thread/INFO]: La maldición de un Gato Galáctico ha comenzado en: 50, 62, 77
[23:32:17] [Server thread/INFO]: La maldición de un Gato Galáctico ha comenzado en: 50, 62, 78
[23:32:17] [Server thread/INFO]: La maldición de un Gato Galáctico ha comenzado en: 50, 62, 79
[23:32:17] [Server thread/INFO]: La maldición de un Gato Galáctico ha comenzado en: 50, 63, 79
[23:32:17] [Server thread/INFO]: La maldición de un Gato Galáctico ha comenzado en: 50, 62, 77
[23:32:17] [Server thread/INFO]: La maldición de un Gato Galáctico ha comenzado en: 50, 62, 75
[23:32:17] [Server thread/INFO]: La maldición de un Gato Galáctico ha comenzado en: 50, 62, 74
[23:32:17] [Server thread/INFO]: La maldición de un Gato Galáctico ha comenzado en: 50, 62, 74
[23:32:17] [Server thread/INFO]: La maldición de un Gato Galáctico ha comenzado en: 49, 62, 73
[23:32:17] [Server thread/INFO]: La maldición de un Gato Galáctico ha comenzado en: 49, 62, 72
[23:32:17] [Server thread/INFO]: La maldición de un Gato Galáctico ha comenzado en: 48, 62, 71
[23:32:17] [Server thread/INFO]: La maldición de un Gato Galáctico ha comenzado en: 51, 62, 70
[23:32:17] [Server thread/INFO]: La maldición de un Gato Galáctico ha comenzado en: 48, 62, 69
[23:32:17] [Server thread/INFO]: La maldición de un Gato Galáctico ha comenzado en: 50, 62, 70
[23:32:17] [Server thread/INFO]: La maldición de un Gato Galáctico ha comenzado en: 48, 62, 69
[23:32:17] [Server thread/INFO]: La maldición de un Gato Galáctico ha comenzado en: 49, 62, 69
[23:32:17] [Server thread/INFO]: La maldición de un Gato Galáctico ha comenzado en: 50, 62, 69
[23:32:17] [Server thread/INFO]: La maldición de un Gato Galáctico ha comenzado en: 52, 62, 70
[23:32:17] [Server thread/INFO]: La maldición de un Gato Galáctico ha comenzado en: 54, 62, 70
[23:32:17] [Server thread/INFO]: La maldición de un Gato Galáctico ha comenzado en: 55, 62, 70
[23:32:17] [Server thread/INFO]: La maldición de un Gato Galáctico ha comenzado en: 57, 62, 70
[23:32:17] [Server thread/INFO]: La maldición de un Gato Galáctico ha comenzado en: 57, 63, 70
[23:32:17] [Server thread/INFO]: La maldición de un Gato Galáctico ha comenzado en: 58, 62, 71
[23:32:17] [Server thread/INFO]: La maldición de un Gato Galáctico ha comenzado en: 58, 63, 72
[23:32:17] [Server thread/INFO]: La maldición de un Gato Galáctico ha comenzado en: 58, 62, 73
[23:32:17] [Server thread/INFO]: La maldición de un Gato Galáctico ha comenzado en: 58, 62, 75
[23:32:17] [Server thread/INFO]: La maldición de un Gato Galáctico ha comenzado en: 58, 62, 76
[23:32:17] [Server thread/INFO]: La maldición de un Gato Galáctico ha comenzado en: 59, 62, 76
[23:32:17] [Server thread/INFO]: La maldición de un Gato Galáctico ha comenzado en: 50, 62, 87
[23:32:17] [Server thread/INFO]: La maldición de un Gato Galáctico ha comenzado en: 50, 62, 85
[23:32:17] [Server thread/INFO]: La maldición de un Gato Galáctico ha comenzado en: 50, 62, 86
[23:32:17] [Server thread/INFO]: La maldición de un Gato Galáctico ha comenzado en: 50, 62, 86
[23:32:17] [Server thread/INFO]: La maldición de un Gato Galáctico ha comenzado en: 50, 62, 86
[23:32:17] [Server thread/INFO]: La maldición de un Gato Galáctico ha comenzado en: 50, 62, 86
[23:32:17] [Server thread/INFO]: La maldición de un Gato Galáctico ha comenzado en: 50, 62, 85
[23:32:17] [Server thread/INFO]: La maldición de un Gato Galáctico ha comenzado en: 50, 62, 84
[23:32:17] [Server thread/INFO]: La maldición de un Gato Galáctico ha comenzado en: 50, 62, 84
[23:32:17] [Server thread/INFO]: La maldición de un Gato Galáctico ha comenzado en: 50, 63, 83
[23:32:17] [Server thread/INFO]: La maldición de un Gato Galáctico ha comenzado en: 50, 62, 83
[23:32:17] [Server thread/INFO]: La maldición de un Gato Galáctico ha comenzado en: 50, 62, 82
[23:32:17] [Server thread/INFO]: La maldición de un Gato Galáctico ha comenzado en: 50, 63, 82
[23:32:17] [Server thread/INFO]: La maldición de un Gato Galáctico ha comenzado en: 50, 62, 81
[23:32:17] [Server thread/INFO]: La maldición de un Gato Galáctico ha comenzado en: 50, 62, 80
[23:32:17] [Server thread/INFO]: La maldición de un Gato Galáctico ha comenzado en: 50, 62, 80
[23:32:17] [Server thread/INFO]: La maldición de un Gato Galáctico ha comenzado en: 50, 62, 80
[23:32:17] [Server thread/INFO]: La maldición de un Gato Galáctico ha comenzado en: 50, 62, 80
[23:32:17] [Server thread/INFO]: La maldición de un Gato Galáctico ha comenzado en: 50, 62, 80
[23:32:17] [Server thread/INFO]: La maldición de un Gato Galáctico ha comenzado en: 50, 62, 81
[23:32:17] [Server thread/INFO]: La maldición de un Gato Galáctico ha comenzado en: 50, 62, 82
[23:32:17] [Server thread/INFO]: La maldición de un Gato Galáctico ha comenzado en: 50, 62, 84
[23:32:17] [Server thread/INFO]: La maldición de un Gato Galáctico ha comenzado en: 50, 62, 84
[23:32:17] [Server thread/INFO]: La maldición de un Gato Galáctico ha comenzado en: 50, 62, 83
[23:32:17] [Server thread/INFO]: La maldición de un Gato Galáctico ha comenzado en: 50, 62, 82
[23:32:17] [Server thread/INFO]: La maldición de un Gato Galáctico ha comenzado en: 50, 62, 81
[23:32:17] [Server thread/INFO]: La maldición de un Gato Galáctico ha comenzado en: 58, 62, 80
[23:32:17] [Server thread/INFO]: Un gato galáctico invocará un mob al azar en: 5
[23:32:17] [Server thread/INFO]: Un gato galáctico invocará un mob al azar en: 5
[23:32:17] [Server thread/INFO]: Un gato galáctico invocará un mob al azar en: 5
[23:32:17] [Server thread/INFO]: Un gato galáctico invocará un mob al azar en: 5
[23:32:17] [Server thread/INFO]: Un gato galáctico invocará un mob al azar en: 5
[23:32:17] [Server thread/INFO]: Un gato galáctico invocará un mob al azar en: 5
[23:32:17] [Server thread/INFO]: Un gato galáctico invocará un mob al azar en: 5
[23:32:17] [Server thread/INFO]: Un gato galáctico invocará un mob al azar en: 5
[23:32:17] [Server thread/INFO]: Un gato galáctico invocará un mob al azar en: 5
[23:32:17] [Server thread/INFO]: Un gato galáctico invocará un mob al azar en: 5
[23:32:17] [Server thread/INFO]: Un gato galáctico invocará un mob al azar en: 5
[23:32:17] [Server thread/INFO]: Un gato galáctico invocará un mob al azar en: 5
[23:32:17] [Server thread/INFO]: Un gato galáctico invocará un mob al azar en: 5
[23:32:17] [Server thread/INFO]: Un gato galáctico invocará un mob al azar en: 5
[23:32:17] [Server thread/INFO]: Un gato galáctico invocará un mob al azar en: 5
[23:32:17] [Server thread/INFO]: Un gato galáctico invocará un mob al azar en: 5
[23:32:17] [Server thread/INFO]: Un gato galáctico invocará un mob al azar en: 5
[23:32:17] [Server thread/INFO]: Un gato galáctico invocará un mob al azar en: 5
[23:32:17] [Server thread/INFO]: Un gato galáctico invocará un mob al azar en: 5
[23:32:17] [Server thread/INFO]: Un gato galáctico invocará un mob al azar en: 5
[23:32:17] [Server thread/INFO]: Un gato galáctico invocará un mob al azar en: 5
[23:32:17] [Server thread/INFO]: Un gato galáctico invocará un mob al azar en: 5
[23:32:17] [Server thread/INFO]: Un gato galáctico invocará un mob al azar en: 5
[23:32:17] [Server thread/INFO]: Un gato galáctico invocará un mob al azar en: 5
[23:32:17] [Server thread/INFO]: Un gato galáctico invocará un mob al azar en: 5
[23:32:17] [Server thread/INFO]: Un gato galáctico invocará un mob al azar en: 5
[23:32:17] [Server thread/INFO]: Un gato galáctico invocará un mob al azar en: 5
[23:32:17] [Server thread/INFO]: Un gato galáctico invocará un mob al azar en: 5
[23:32:17] [Server thread/INFO]: Un gato galáctico invocará un mob al azar en: 5
[23:32:17] [Server thread/INFO]: Un gato galáctico invocará un mob al azar en: 5
[23:32:17] [Server thread/INFO]: Un gato galáctico invocará un mob al azar en: 5
[23:32:17] [Server thread/INFO]: Un gato galáctico invocará un mob al azar en: 5
[23:32:17] [Server thread/INFO]: Un gato galáctico invocará un mob al azar en: 5
[23:32:17] [Server thread/INFO]: Un gato galáctico invocará un mob al azar en: 5
[23:32:17] [Server thread/INFO]: Un gato galáctico invocará un mob al azar en: 5
[23:32:17] [Server thread/INFO]: Un gato galáctico invocará un mob al azar en: 5
[23:32:17] [Server thread/INFO]: Un gato galáctico invocará un mob al azar en: 5
[23:32:17] [Server thread/INFO]: Un gato galáctico invocará un mob al azar en: 5
[23:32:17] [Server thread/INFO]: Un gato galáctico invocará un mob al azar en: 5
[23:32:17] [Server thread/INFO]: Un gato galáctico invocará un mob al azar en: 5
[23:32:17] [Server thread/INFO]: Un gato galáctico invocará un mob al azar en: 5
[23:32:17] [Server thread/INFO]: Un gato galáctico invocará un mob al azar en: 5
[23:32:17] [Server thread/INFO]: Un gato galáctico invocará un mob al azar en: 5
[23:32:17] [Server thread/INFO]: Un gato galáctico invocará un mob al azar en: 5
[23:32:17] [Server thread/INFO]: Un gato galáctico invocará un mob al azar en: 5
[23:32:17] [Server thread/INFO]: Un gato galáctico invocará un mob al azar en: 5
[23:32:17] [Server thread/INFO]: Un gato galáctico invocará un mob al azar en: 5
[23:32:17] [Server thread/INFO]: Un gato galáctico invocará un mob al azar en: 5
[23:32:17] [Server thread/INFO]: Un gato galáctico invocará un mob al azar en: 5
[23:32:17] [Server thread/INFO]: Un gato galáctico invocará un mob al azar en: 5
[23:32:17] [Server thread/INFO]: Un gato galáctico invocará un mob al azar en: 5
[23:32:17] [Server thread/INFO]: Un gato galáctico invocará un mob al azar en: 5
[23:32:17] [Server thread/INFO]: Un gato galáctico invocará un mob al azar en: 5
[23:32:17] [Server thread/INFO]: Un gato galáctico invocará un mob al azar en: 5
[23:32:17] [Server thread/INFO]: Un gato galáctico invocará un mob al azar en: 5
[23:32:17] [Server thread/INFO]: Un gato galáctico invocará un mob al azar en: 5
[23:32:17] [Server thread/INFO]: Un gato galáctico invocará un mob al azar en: 5
[23:32:17] [Server thread/INFO]: Un gato galáctico invocará un mob al azar en: 5
[23:32:17] [Server thread/INFO]: Un gato galáctico invocará un mob al azar en: 5
[23:32:17] [Server thread/INFO]: Un gato galáctico invocará un mob al azar en: 5
[23:32:17] [Server thread/INFO]: Un gato galáctico invocará un mob al azar en: 5
[23:32:17] [Server thread/INFO]: Un gato galáctico invocará un mob al azar en: 5
[23:32:17] [Server thread/INFO]: Un gato galáctico invocará un mob al azar en: 5
[23:32:17] [Server thread/INFO]: Un gato galáctico invocará un mob al azar en: 5
[23:32:17] [Server thread/INFO]: Un gato galáctico invocará un mob al azar en: 5
[23:32:17] [Server thread/INFO]: Un gato galáctico invocará un mob al azar en: 5
[23:32:17] [Server thread/INFO]: Un gato galáctico invocará un mob al azar en: 5
[23:32:17] [Server thread/INFO]: Un gato galáctico invocará un mob al azar en: 5
[23:32:17] [Server thread/INFO]: Un gato galáctico invocará un mob al azar en: 5
[23:32:17] [Server thread/INFO]: Un gato galáctico invocará un mob al azar en: 5
[23:32:17] [Server thread/INFO]: Un gato galáctico invocará un mob al azar en: 5
[23:32:17] [Server thread/INFO]: Un gato galáctico invocará un mob al azar en: 5
[23:32:17] [Server thread/INFO]: Un gato galáctico invocará un mob al azar en: 5
[23:32:17] [Server thread/INFO]: Un gato galáctico invocará un mob al azar en: 5
[23:32:17] [Server thread/INFO]: Un gato galáctico invocará un mob al azar en: 5
[23:32:17] [Server thread/INFO]: Un gato galáctico invocará un mob al azar en: 5
[23:32:17] [Server thread/INFO]: Un gato galáctico invocará un mob al azar en: 5
[23:32:17] [Server thread/INFO]: Un gato galáctico invocará un mob al azar en: 5
[23:32:17] [Server thread/INFO]: Un gato galáctico invocará un mob al azar en: 5
[23:32:17] [Server thread/INFO]: Un gato galáctico invocará un mob al azar en: 5
[23:32:17] [Server thread/INFO]: Un gato galáctico invocará un mob al azar en: 4
[23:32:17] [Server thread/INFO]: Un gato galáctico invocará un mob al azar en: 4
[23:32:17] [Server thread/INFO]: Un gato galáctico invocará un mob al azar en: 4
[23:32:17] [Server thread/INFO]: Un gato galáctico invocará un mob al azar en: 4
[23:32:17] [Server thread/INFO]: Un gato galáctico invocará un mob al azar en: 4
[23:32:17] [Server thread/INFO]: Un gato galáctico invocará un mob al azar en: 4
[23:32:17] [Server thread/INFO]: Un gato galáctico invocará un mob al azar en: 4
[23:32:17] [Server thread/INFO]: Un gato galáctico invocará un mob al azar en: 4
[23:32:17] [Server thread/INFO]: Un gato galáctico invocará un mob al azar en: 4
[23:32:17] [Server thread/INFO]: Un gato galáctico invocará un mob al azar en: 4
[23:32:17] [Server thread/INFO]: Un gato galáctico invocará un mob al azar en: 4
[23:32:17] [Server thread/INFO]: Un gato galáctico invocará un mob al azar en: 4
[23:32:17] [Server thread/INFO]: Un gato galáctico invocará un mob al azar en: 4
[23:32:17] [Server thread/INFO]: Un gato galáctico invocará un mob al azar en: 4
[23:32:17] [Server thread/INFO]: Un gato galáctico invocará un mob al azar en: 4
[23:32:17] [Server thread/INFO]: Un gato galáctico invocará un mob al azar en: 4
[23:32:17] [Server thread/INFO]: Un gato galáctico invocará un mob al azar en: 4
[23:32:17] [Server thread/INFO]: Un gato galáctico invocará un mob al azar en: 4
[23:32:17] [Server thread/INFO]: Un gato galáctico invocará un mob al azar en: 4
[23:32:17] [Server thread/INFO]: Un gato galáctico invocará un mob al azar en: 4
[23:32:17] [Server thread/INFO]: Un gato galáctico invocará un mob al azar en: 4
[23:32:17] [Server thread/INFO]: Un gato galáctico invocará un mob al azar en: 4
[23:32:17] [Server thread/INFO]: Un gato galáctico invocará un mob al azar en: 4
[23:32:17] [Server thread/INFO]: Un gato galáctico invocará un mob al azar en: 4
[23:32:17] [Server thread/INFO]: Un gato galáctico invocará un mob al azar en: 4
[23:32:17] [Server thread/INFO]: Un gato galáctico invocará un mob al azar en: 4
[23:32:17] [Server thread/INFO]: Un gato galáctico invocará un mob al azar en: 4
[23:32:17] [Server thread/INFO]: Un gato galáctico invocará un mob al azar en: 4
[23:32:17] [Server thread/INFO]: Un gato galáctico invocará un mob al azar en: 4
[23:32:17] [Server thread/INFO]: Un gato galáctico invocará un mob al azar en: 4
[23:32:17] [Server thread/INFO]: Un gato galáctico invocará un mob al azar en: 4
[23:32:17] [Server thread/INFO]: Un gato galáctico invocará un mob al azar en: 4
[23:32:17] [Server thread/INFO]: Un gato galáctico invocará un mob al azar en: 4
[23:32:17] [Server thread/INFO]: Un gato galáctico invocará un mob al azar en: 4
[23:32:17] [Server thread/INFO]: Un gato galáctico invocará un mob al azar en: 4
[23:32:17] [Server thread/INFO]: Un gato galáctico invocará un mob al azar en: 4
[23:32:17] [Server thread/INFO]: Un gato galáctico invocará un mob al azar en: 4
[23:32:17] [Server thread/INFO]: Un gato galáctico invocará un mob al azar en: 4
[23:32:17] [Server thread/INFO]: Un gato galáctico invocará un mob al azar en: 4
[23:32:17] [Server thread/INFO]: Un gato galáctico invocará un mob al azar en: 4
[23:32:17] [Server thread/INFO]: Un gato galáctico invocará un mob al azar en: 4
[23:32:17] [Server thread/INFO]: Un gato galáctico invocará un mob al azar en: 4
[23:32:17] [Server thread/INFO]: Un gato galáctico invocará un mob al azar en: 4
[23:32:17] [Server thread/INFO]: Un gato galáctico invocará un mob al azar en: 4
[23:32:17] [Server thread/INFO]: Un gato galáctico invocará un mob al azar en: 4
[23:32:17] [Server thread/INFO]: Un gato galáctico invocará un mob al azar en: 4
[23:32:17] [Server thread/INFO]: Un gato galáctico invocará un mob al azar en: 4
[23:32:17] [Server thread/INFO]: Un gato galáctico invocará un mob al azar en: 4
[23:32:17] [Server thread/INFO]: Un gato galáctico invocará un mob al azar en: 4
[23:32:17] [Server thread/INFO]: Un gato galáctico invocará un mob al azar en: 4
[23:32:17] [Server thread/INFO]: Un gato galáctico invocará un mob al azar en: 4
[23:32:17] [Server thread/INFO]: Un gato galáctico invocará un mob al azar en: 4
[23:32:17] [Server thread/INFO]: Un gato galáctico invocará un mob al azar en: 4
[23:32:17] [Server thread/INFO]: Un gato galáctico invocará un mob al azar en: 4
[23:32:17] [Server thread/INFO]: Un gato galáctico invocará un mob al azar en: 4
[23:32:17] [Server thread/INFO]: Un gato galáctico invocará un mob al azar en: 4
[23:32:17] [Server thread/INFO]: Un gato galáctico invocará un mob al azar en: 4
[23:32:17] [Server thread/INFO]: Un gato galáctico invocará un mob al azar en: 4
[23:32:17] [Server thread/INFO]: Un gato galáctico invocará un mob al azar en: 4
[23:32:17] [Server thread/INFO]: Un gato galáctico invocará un mob al azar en: 4
[23:32:17] [Server thread/INFO]: Un gato galáctico invocará un mob al azar en: 4
[23:32:17] [Server thread/INFO]: Un gato galáctico invocará un mob al azar en: 4
[23:32:17] [Server thread/INFO]: Un gato galáctico invocará un mob al azar en: 4
[23:32:17] [Server thread/INFO]: Un gato galáctico invocará un mob al azar en: 4
[23:32:17] [Server thread/INFO]: Un gato galáctico invocará un mob al azar en: 4
[23:32:17] [Server thread/INFO]: Un gato galáctico invocará un mob al azar en: 4
[23:32:17] [Server thread/INFO]: Un gato galáctico invocará un mob al azar en: 4
[23:32:17] [Server thread/INFO]: Un gato galáctico invocará un mob al azar en: 4
[23:32:17] [Server thread/INFO]: Un gato galáctico invocará un mob al azar en: 4
[23:32:17] [Server thread/INFO]: Un gato galáctico invocará un mob al azar en: 4
[23:32:17] [Server thread/INFO]: Un gato galáctico invocará un mob al azar en: 4
[23:32:17] [Server thread/INFO]: Un gato galáctico invocará un mob al azar en: 4
[23:32:17] [Server thread/INFO]: Un gato galáctico invocará un mob al azar en: 4
[23:32:17] [Server thread/INFO]: Un gato galáctico invocará un mob al azar en: 4
[23:32:17] [Server thread/INFO]: Un gato galáctico invocará un mob al azar en: 4
[23:32:17] [Server thread/INFO]: Un gato galáctico invocará un mob al azar en: 4
[23:32:17] [Server thread/INFO]: Un gato galáctico invocará un mob al azar en: 4
[23:32:17] [Server thread/INFO]: Un gato galáctico invocará un mob al azar en: 4
[23:32:17] [Server thread/INFO]: Un gato galáctico invocará un mob al azar en: 4
[23:32:17] [Server thread/INFO]: Un gato galáctico invocará un mob al azar en: 4
[23:32:17] [Server thread/INFO]: Un gato galáctico invocará un mob al azar en: 3
[23:32:17] [Server thread/INFO]: Un gato galáctico invocará un mob al azar en: 3
[23:32:17] [Server thread/INFO]: Un gato galáctico invocará un mob al azar en: 3
[23:32:17] [Server thread/INFO]: Un gato galáctico invocará un mob al azar en: 3
[23:32:17] [Server thread/INFO]: Un gato galáctico invocará un mob al azar en: 3
[23:32:17] [Server thread/INFO]: Un gato galáctico invocará un mob al azar en: 3
[23:32:17] [Server thread/INFO]: Un gato galáctico invocará un mob al azar en: 3
[23:32:17] [Server thread/INFO]: Un gato galáctico invocará un mob al azar en: 3
[23:32:17] [Server thread/INFO]: Un gato galáctico invocará un mob al azar en: 3
[23:32:17] [Server thread/INFO]: Un gato galáctico invocará un mob al azar en: 3
[23:32:17] [Server thread/INFO]: Un gato galáctico invocará un mob al azar en: 3
[23:32:17] [Server thread/INFO]: Un gato galáctico invocará un mob al azar en: 3
[23:32:17] [Server thread/INFO]: Un gato galáctico invocará un mob al azar en: 3
[23:32:17] [Server thread/INFO]: Un gato galáctico invocará un mob al azar en: 3
[23:32:17] [Server thread/INFO]: Un gato galáctico invocará un mob al azar en: 3
[23:32:17] [Server thread/INFO]: Un gato galáctico invocará un mob al azar en: 3
[23:32:17] [Server thread/INFO]: Un gato galáctico invocará un mob al azar en: 3
[23:32:17] [Server thread/INFO]: Un gato galáctico invocará un mob al azar en: 3
[23:32:17] [Server thread/INFO]: Un gato galáctico invocará un mob al azar en: 3
[23:32:17] [Server thread/INFO]: Un gato galáctico invocará un mob al azar en: 3
[23:32:17] [Server thread/INFO]: Un gato galáctico invocará un mob al azar en: 3
[23:32:17] [Server thread/INFO]: Un gato galáctico invocará un mob al azar en: 3
[23:32:17] [Server thread/INFO]: Un gato galáctico invocará un mob al azar en: 3
[23:32:17] [Server thread/INFO]: Un gato galáctico invocará un mob al azar en: 3
[23:32:17] [Server thread/INFO]: Un gato galáctico invocará un mob al azar en: 3
[23:32:17] [Server thread/INFO]: Un gato galáctico invocará un mob al azar en: 3
[23:32:17] [Server thread/INFO]: Un gato galáctico invocará un mob al azar en: 3
[23:32:17] [Server thread/INFO]: Un gato galáctico invocará un mob al azar en: 3
[23:32:17] [Server thread/INFO]: Un gato galáctico invocará un mob al azar en: 3
[23:32:17] [Server thread/INFO]: Un gato galáctico invocará un mob al azar en: 3
[23:32:17] [Server thread/INFO]: Un gato galáctico invocará un mob al azar en: 3
[23:32:17] [Server thread/INFO]: Un gato galáctico invocará un mob al azar en: 3
[23:32:17] [Server thread/INFO]: Un gato galáctico invocará un mob al azar en: 3
[23:32:17] [Server thread/INFO]: Un gato galáctico invocará un mob al azar en: 3
[23:32:17] [Server thread/INFO]: Un gato galáctico invocará un mob al azar en: 3
[23:32:17] [Server thread/INFO]: Un gato galáctico invocará un mob al azar en: 3
[23:32:17] [Server thread/INFO]: Un gato galáctico invocará un mob al azar en: 3
[23:32:17] [Server thread/INFO]: Un gato galáctico invocará un mob al azar en: 3
[23:32:17] [Server thread/INFO]: Un gato galáctico invocará un mob al azar en: 3
[23:32:17] [Server thread/INFO]: Un gato galáctico invocará un mob al azar en: 3
[23:32:17] [Server thread/INFO]: Un gato galáctico invocará un mob al azar en: 3
[23:32:17] [Server thread/INFO]: Un gato galáctico invocará un mob al azar en: 3
[23:32:17] [Server thread/INFO]: Un gato galáctico invocará un mob al azar en: 3
[23:32:17] [Server thread/INFO]: Un gato galáctico invocará un mob al azar en: 3
[23:32:17] [Server thread/INFO]: Un gato galáctico invocará un mob al azar en: 3
[23:32:17] [Server thread/INFO]: Un gato galáctico invocará un mob al azar en: 3
[23:32:17] [Server thread/INFO]: Un gato galáctico invocará un mob al azar en: 3
[23:32:17] [Server thread/INFO]: Un gato galáctico invocará un mob al azar en: 3
[23:32:17] [Server thread/INFO]: Un gato galáctico invocará un mob al azar en: 3
[23:32:17] [Server thread/INFO]: Un gato galáctico invocará un mob al azar en: 3
[23:32:17] [Server thread/INFO]: Un gato galáctico invocará un mob al azar en: 3
[23:32:17] [Server thread/INFO]: Un gato galáctico invocará un mob al azar en: 3
[23:32:17] [Server thread/INFO]: Un gato galáctico invocará un mob al azar en: 3
[23:32:17] [Server thread/INFO]: Un gato galáctico invocará un mob al azar en: 3
[23:32:17] [Server thread/INFO]: Un gato galáctico invocará un mob al azar en: 3
[23:32:17] [Server thread/INFO]: Un gato galáctico invocará un mob al azar en: 3
[23:32:17] [Server thread/INFO]: Un gato galáctico invocará un mob al azar en: 3
[23:32:17] [Server thread/INFO]: Un gato galáctico invocará un mob al azar en: 3
[23:32:17] [Server thread/INFO]: Un gato galáctico invocará un mob al azar en: 3
[23:32:17] [Server thread/INFO]: Un gato galáctico invocará un mob al azar en: 3
[23:32:17] [Server thread/INFO]: Un gato galáctico invocará un mob al azar en: 3
[23:32:17] [Server thread/INFO]: Un gato galáctico invocará un mob al azar en: 3
[23:32:17] [Server thread/INFO]: Un gato galáctico invocará un mob al azar en: 3
[23:32:17] [Server thread/INFO]: Un gato galáctico invocará un mob al azar en: 3
[23:32:17] [Server thread/INFO]: Un gato galáctico invocará un mob al azar en: 3
[23:32:17] [Server thread/INFO]: Un gato galáctico invocará un mob al azar en: 3
[23:32:17] [Server thread/INFO]: Un gato galáctico invocará un mob al azar en: 3
[23:32:17] [Server thread/INFO]: Un gato galáctico invocará un mob al azar en: 3
[23:32:17] [Server thread/INFO]: Un gato galáctico invocará un mob al azar en: 3
[23:32:17] [Server thread/INFO]: Un gato galáctico invocará un mob al azar en: 3
[23:32:17] [Server thread/INFO]: Un gato galáctico invocará un mob al azar en: 3
[23:32:17] [Server thread/INFO]: Un gato galáctico invocará un mob al azar en: 3
[23:32:17] [Server thread/INFO]: Un gato galáctico invocará un mob al azar en: 3
[23:32:17] [Server thread/INFO]: Un gato galáctico invocará un mob al azar en: 3
[23:32:17] [Server thread/INFO]: Un gato galáctico invocará un mob al azar en: 3
[23:32:17] [Server thread/INFO]: Un gato galáctico invocará un mob al azar en: 3
[23:32:17] [Server thread/INFO]: Un gato galáctico invocará un mob al azar en: 3
[23:32:17] [Server thread/INFO]: Un gato galáctico invocará un mob al azar en: 3
[23:32:17] [Server thread/INFO]: Un gato galáctico invocará un mob al azar en: 3
[23:32:17] [Server thread/INFO]: Un gato galáctico invocará un mob al azar en: 3
[23:32:18] [Server thread/INFO]: Un gato galáctico invocará un mob al azar en: 2
[23:32:18] [Server thread/INFO]: Un gato galáctico invocará un mob al azar en: 2
[23:32:18] [Server thread/INFO]: Un gato galáctico invocará un mob al azar en: 2
[23:32:18] [Server thread/INFO]: Un gato galáctico invocará un mob al azar en: 2
[23:32:18] [Server thread/INFO]: Un gato galáctico invocará un mob al azar en: 2
[23:32:18] [Server thread/INFO]: Un gato galáctico invocará un mob al azar en: 2
[23:32:18] [Server thread/INFO]: Un gato galáctico invocará un mob al azar en: 2
[23:32:18] [Server thread/INFO]: Un gato galáctico invocará un mob al azar en: 2
[23:32:18] [Server thread/INFO]: Un gato galáctico invocará un mob al azar en: 2
[23:32:18] [Server thread/INFO]: Un gato galáctico invocará un mob al azar en: 2
[23:32:18] [Server thread/INFO]: Un gato galáctico invocará un mob al azar en: 2
[23:32:18] [Server thread/INFO]: Un gato galáctico invocará un mob al azar en: 2
[23:32:18] [Server thread/INFO]: Un gato galáctico invocará un mob al azar en: 2
[23:32:18] [Server thread/INFO]: Un gato galáctico invocará un mob al azar en: 2
[23:32:18] [Server thread/INFO]: Un gato galáctico invocará un mob al azar en: 2
[23:32:18] [Server thread/INFO]: Un gato galáctico invocará un mob al azar en: 2
[23:32:18] [Server thread/INFO]: Un gato galáctico invocará un mob al azar en: 2
[23:32:18] [Server thread/INFO]: Un gato galáctico invocará un mob al azar en: 2
[23:32:18] [Server thread/INFO]: Un gato galáctico invocará un mob al azar en: 2
[23:32:18] [Server thread/INFO]: Un gato galáctico invocará un mob al azar en: 2
[23:32:18] [Server thread/INFO]: Un gato galáctico invocará un mob al azar en: 2
[23:32:18] [Server thread/INFO]: Un gato galáctico invocará un mob al azar en: 2
[23:32:18] [Server thread/INFO]: Un gato galáctico invocará un mob al azar en: 2
[23:32:18] [Server thread/INFO]: Un gato galáctico invocará un mob al azar en: 2
[23:32:18] [Server thread/INFO]: Un gato galáctico invocará un mob al azar en: 2
[23:32:18] [Server thread/INFO]: Un gato galáctico invocará un mob al azar en: 2
[23:32:18] [Server thread/INFO]: Un gato galáctico invocará un mob al azar en: 2
[23:32:18] [Server thread/INFO]: Un gato galáctico invocará un mob al azar en: 2
[23:32:18] [Server thread/INFO]: Un gato galáctico invocará un mob al azar en: 2
[23:32:18] [Server thread/INFO]: Un gato galáctico invocará un mob al azar en: 2
[23:32:18] [Server thread/INFO]: Un gato galáctico invocará un mob al azar en: 2
[23:32:18] [Server thread/INFO]: Un gato galáctico invocará un mob al azar en: 2
[23:32:18] [Server thread/INFO]: Un gato galáctico invocará un mob al azar en: 2
[23:32:18] [Server thread/INFO]: Un gato galáctico invocará un mob al azar en: 2
[23:32:18] [Server thread/INFO]: Un gato galáctico invocará un mob al azar en: 2
[23:32:18] [Server thread/INFO]: Un gato galáctico invocará un mob al azar en: 2
[23:32:18] [Server thread/INFO]: Un gato galáctico invocará un mob al azar en: 2
[23:32:18] [Server thread/INFO]: Un gato galáctico invocará un mob al azar en: 2
[23:32:18] [Server thread/INFO]: Un gato galáctico invocará un mob al azar en: 2
[23:32:18] [Server thread/INFO]: Un gato galáctico invocará un mob al azar en: 2
[23:32:18] [Server thread/INFO]: Un gato galáctico invocará un mob al azar en: 2
[23:32:18] [Server thread/INFO]: Un gato galáctico invocará un mob al azar en: 2
[23:32:18] [Server thread/INFO]: Un gato galáctico invocará un mob al azar en: 2
[23:32:18] [Server thread/INFO]: Un gato galáctico invocará un mob al azar en: 2
[23:32:18] [Server thread/INFO]: Un gato galáctico invocará un mob al azar en: 2
[23:32:18] [Server thread/INFO]: Un gato galáctico invocará un mob al azar en: 2
[23:32:18] [Server thread/INFO]: Un gato galáctico invocará un mob al azar en: 2
[23:32:18] [Server thread/INFO]: Un gato galáctico invocará un mob al azar en: 2
[23:32:18] [Server thread/INFO]: Un gato galáctico invocará un mob al azar en: 2
[23:32:18] [Server thread/INFO]: Un gato galáctico invocará un mob al azar en: 2
[23:32:18] [Server thread/INFO]: Un gato galáctico invocará un mob al azar en: 2
[23:32:18] [Server thread/INFO]: Un gato galáctico invocará un mob al azar en: 2
[23:32:18] [Server thread/INFO]: Un gato galáctico invocará un mob al azar en: 2
[23:32:18] [Server thread/INFO]: Un gato galáctico invocará un mob al azar en: 2
[23:32:18] [Server thread/INFO]: Un gato galáctico invocará un mob al azar en: 2
[23:32:18] [Server thread/INFO]: Un gato galáctico invocará un mob al azar en: 2
[23:32:18] [Server thread/INFO]: Un gato galáctico invocará un mob al azar en: 2
[23:32:18] [Server thread/INFO]: Un gato galáctico invocará un mob al azar en: 2
[23:32:18] [Server thread/INFO]: Un gato galáctico invocará un mob al azar en: 2
[23:32:18] [Server thread/INFO]: Un gato galáctico invocará un mob al azar en: 2
[23:32:18] [Server thread/INFO]: Un gato galáctico invocará un mob al azar en: 2
[23:32:18] [Server thread/INFO]: Un gato galáctico invocará un mob al azar en: 2
[23:32:18] [Server thread/INFO]: Un gato galáctico invocará un mob al azar en: 2
[23:32:18] [Server thread/INFO]: Un gato galáctico invocará un mob al azar en: 2
[23:32:18] [Server thread/INFO]: Un gato galáctico invocará un mob al azar en: 2
[23:32:18] [Server thread/INFO]: Un gato galáctico invocará un mob al azar en: 2
[23:32:18] [Server thread/INFO]: Un gato galáctico invocará un mob al azar en: 2
[23:32:18] [Server thread/INFO]: Un gato galáctico invocará un mob al azar en: 2
[23:32:18] [Server thread/INFO]: Un gato galáctico invocará un mob al azar en: 2
[23:32:18] [Server thread/INFO]: Un gato galáctico invocará un mob al azar en: 2
[23:32:18] [Server thread/INFO]: Un gato galáctico invocará un mob al azar en: 2
[23:32:18] [Server thread/INFO]: Un gato galáctico invocará un mob al azar en: 2
[23:32:18] [Server thread/INFO]: Un gato galáctico invocará un mob al azar en: 2
[23:32:18] [Server thread/INFO]: Un gato galáctico invocará un mob al azar en: 2
[23:32:18] [Server thread/INFO]: Un gato galáctico invocará un mob al azar en: 2
[23:32:18] [Server thread/INFO]: Un gato galáctico invocará un mob al azar en: 2
[23:32:18] [Server thread/INFO]: Un gato galáctico invocará un mob al azar en: 2
[23:32:18] [Server thread/INFO]: Un gato galáctico invocará un mob al azar en: 2
[23:32:18] [Server thread/INFO]: Un gato galáctico invocará un mob al azar en: 2
[23:32:18] [Server thread/INFO]: Un gato galáctico invocará un mob al azar en: 2
[23:32:18] [Server thread/INFO]: Un gato galáctico invocará un mob al azar en: 1
[23:32:18] [Server thread/INFO]: Un gato galáctico ha invicado un(a) Giga MagmaCube (-51.703169322211515, 64.0, 230.73243401324186
[23:32:18] [Server thread/INFO]: Un gato galáctico invocará un mob al azar en: 1
[23:32:18] [Server thread/INFO]: Un gato galáctico ha invicado un(a) Permadeath Demon (-57.703473510463006, 64.0, 230.66449297026938
[23:32:18] [Server thread/INFO]: Un gato galáctico invocará un mob al azar en: 1
[23:32:18] [Server thread/INFO]: Un gato galáctico ha invicado un(a) Bruja Imposible (47.5, 62.936204031218494, 69.5
[23:32:18] [Server thread/INFO]: Un gato galáctico invocará un mob al azar en: 1
[23:32:18] [Server thread/INFO]: Un gato galáctico ha invicado un(a) Silverfish de la Muerte (46.67186442353455, 62.92090426133659, 69.69883963716192
[23:32:18] [Server thread/INFO]: Un gato galáctico invocará un mob al azar en: 1
[23:32:18] [Server thread/INFO]: Un gato galáctico ha invicado un(a) Ender Ghast (47.75836451247488, 62.548383492924735, 70.70655052844762
[23:32:18] [Server thread/INFO]: Un gato galáctico invocará un mob al azar en: 1
[23:32:18] [Server thread/INFO]: Un gato galáctico ha invicado un(a) Silverfish de la Muerte (44.5, 62.801592071909326, 69.5
[23:32:18] [Server thread/INFO]: Un gato galáctico invocará un mob al azar en: 1
[23:32:18] [Server thread/INFO]: Un gato galáctico ha invicado un(a) Ultra Ravager (42.911116423367694, 62.566621622178346, 70.4640072526127
[23:32:18] [Server thread/INFO]: Un gato galáctico invocará un mob al azar en: 1
[23:32:18] [Server thread/INFO]: Un gato galáctico ha invicado un(a) Endermite Misterioso (40.5, 63.02551515683508, 69.5
[23:32:18] [Server thread/INFO]: Un gato galáctico invocará un mob al azar en: 1
[23:32:18] [Server thread/INFO]: Un gato galáctico ha invicado un(a) Wither Skeleton Emperador (40.5, 62.120905966527715, 69.5
[23:32:18] [Server thread/INFO]: Un gato galáctico invocará un mob al azar en: 1
[23:32:18] [Server thread/INFO]: Un gato galáctico ha invicado un(a) Ghast Demoníaco (40.5, 62.303065821759446, 69.5
[23:32:18] [Server thread/INFO]: Un gato galáctico invocará un mob al azar en: 1
[23:32:18] [Server thread/INFO]: Un gato galáctico ha invicado un(a) Araña con Efectos (40.5, 62.78670703940652, 69.5
[23:32:18] [Server thread/INFO]: Un gato galáctico invocará un mob al azar en: 1
[23:32:18] [Server thread/INFO]: Un gato galáctico ha invicado un(a) Gigante (42.5, 63.08475244738965, 69.5
[23:32:18] [Server thread/INFO]: Un gato galáctico invocará un mob al azar en: 1
[23:32:18] [Server thread/INFO]: Un gato galáctico ha invicado un(a) Pufferfish invulnerable (43.5, 62.90383561151005, 69.5
[23:32:18] [Server thread/INFO]: Un gato galáctico invocará un mob al azar en: 1
[23:32:18] [Server thread/INFO]: Un gato galáctico ha invicado un(a) Giga Slime (45.5, 62.969924967998445, 69.5
[23:32:18] [Server thread/INFO]: Un gato galáctico invocará un mob al azar en: 1
[23:32:18] [Server thread/INFO]: Un gato galáctico ha invicado un(a) Giga MagmaCube (47.5, 62.59444589862075, 69.5
[23:32:18] [Server thread/INFO]: Un gato galáctico invocará un mob al azar en: 1
[23:32:18] [Server thread/INFO]: Un gato galáctico ha invicado un(a) Silverfish de la Muerte (40.7884730203068, 73.0, 246.18967378078088
[23:32:18] [Server thread/INFO]: Un gato galáctico invocará un mob al azar en: 1
[23:32:18] [Server thread/INFO]: Un gato galáctico ha invicado un(a) Gato Supernova (50.5, 62.390596060863444, 79.5
[23:32:18] [Server thread/INFO]: Un gato galáctico invocará un mob al azar en: 1
[23:32:18] [Server thread/INFO]: Un gato galáctico ha invicado un(a) Wither Skeleton Emperador (50.5, 62.27954562963883, 78.5
[23:32:18] [Server thread/INFO]: Un gato galáctico invocará un mob al azar en: 1
[23:32:18] [Server thread/INFO]: Un gato galáctico ha invicado un(a) Gato Supernova (50.5, 62.52110710851252, 78.5
[23:32:18] [Server thread/INFO]: Un gato galáctico invocará un mob al azar en: 1
[23:32:18] [Server thread/INFO]: Un gato galáctico ha invicado un(a) Gato Supernova (50.5, 63.069905916959755, 78.5
[23:32:18] [Server thread/INFO]: Un gato galáctico invocará un mob al azar en: 1
[23:32:18] [Server thread/INFO]: Un gato galáctico ha invicado un(a) Shulker Tnt (50.5, 62.203024336139535, 78.5
[23:32:18] [Server thread/INFO]: Un gato galáctico invocará un mob al azar en: 1
[23:32:18] [Server thread/INFO]: Un gato galáctico ha invicado un(a) Bruja Imposible (50.5, 62.82289543042976, 78.5
[23:32:18] [Server thread/INFO]: Un gato galáctico invocará un mob al azar en: 1
[23:32:18] [Server thread/INFO]: Un gato galáctico ha invicado un(a) Ultra Ravager (50.5, 62.726729014418396, 77.5
[23:32:18] [Server thread/INFO]: Un gato galáctico invocará un mob al azar en: 1
[23:32:18] [Server thread/INFO]: Un gato galáctico ha invicado un(a) Permadeath Demon (50.5, 62.677966915161605, 77.5
[23:32:18] [Server thread/INFO]: Un gato galáctico invocará un mob al azar en: 1
[23:32:18] [Server thread/INFO]: Un gato galáctico ha invicado un(a) Wither Skeleton Emperador (50.5, 62.80511193064859, 76.5
[23:32:18] [Server thread/INFO]: Un gato galáctico invocará un mob al azar en: 1
[23:32:18] [Server thread/INFO]: Un gato galáctico ha invicado un(a) Araña con Efectos (50.5, 62.3302266020149, 77.5
[23:32:18] [Server thread/INFO]: Un gato galáctico invocará un mob al azar en: 1
[23:32:18] [Server thread/INFO]: Un gato galáctico ha invicado un(a) Permadeath Demon (50.5, 62.38604098669209, 78.5
[23:32:18] [Server thread/INFO]: Un gato galáctico invocará un mob al azar en: 1
[23:32:18] [Server thread/INFO]: Un gato galáctico ha invicado un(a) Ender Quantum Creeper (50.5, 62.672662898697425, 79.5
[23:32:18] [Server thread/INFO]: Un gato galáctico invocará un mob al azar en: 1
[23:32:18] [Server thread/INFO]: Un gato galáctico ha invicado un(a) Ender Quantum Creeper (50.5, 63.0038844694657, 79.5
[23:32:18] [Server thread/INFO]: Un gato galáctico invocará un mob al azar en: 1
[23:32:18] [Server thread/INFO]: Un gato galáctico ha invicado un(a) Demonio Flotante (50.5, 62.48279430355121, 77.5
[23:32:18] [Server thread/INFO]: Un gato galáctico invocará un mob al azar en: 1
[23:32:18] [Server thread/INFO]: Un gato galáctico ha invicado un(a) Giga Phantom (50.5, 62.78117660020898, 75.5
[23:32:18] [Server thread/INFO]: Un gato galáctico invocará un mob al azar en: 1
[23:32:18] [Server thread/INFO]: Un gato galáctico ha invicado un(a) Gigante (50.5, 62.532954959690734, 74.5
[23:32:18] [Server thread/INFO]: Un gato galáctico invocará un mob al azar en: 1
[23:32:18] [Server thread/INFO]: Un gato galáctico ha invicado un(a) Gigante (50.5, 62.708764756157656, 74.5
[23:32:18] [Server thread/INFO]: Un gato galáctico invocará un mob al azar en: 1
[23:32:18] [Server thread/INFO]: Un gato galáctico ha invicado un(a) Shulker Tnt (49.5, 62.64789118097749, 73.5
[23:32:18] [Server thread/INFO]: Un gato galáctico invocará un mob al azar en: 1
[23:32:18] [Server thread/INFO]: Un gato galáctico ha invicado un(a) Shulker Tnt (49.77956722198313, 62.89280691478434, 72.88917821575833
[23:32:18] [Server thread/INFO]: Un gato galáctico invocará un mob al azar en: 1
[23:32:18] [Server thread/INFO]: Un gato galáctico ha invicado un(a) Bruja Imposible (48.573832331058846, 62.6213396244747, 71.77807522483869
[23:32:18] [Server thread/INFO]: Un gato galáctico invocará un mob al azar en: 1
[23:32:18] [Server thread/INFO]: Un gato galáctico ha invicado un(a) Pufferfish invulnerable (51.04952547734454, 62.076290443497555, 70.90720661501449
[23:32:18] [Server thread/INFO]: Un gato galáctico invocará un mob al azar en: 1
[23:32:18] [Server thread/INFO]: Un gato galáctico ha invicado un(a) Ender Ghast (48.93928200220975, 62.576011308780366, 69.84525652056098
[23:32:18] [Server thread/INFO]: Un gato galáctico invocará un mob al azar en: 1
[23:32:18] [Server thread/ERROR]: Could not pass event CreatureSpawnEvent to Permadeath v1.3
java.lang.NullPointerException: null
	at tech.sebazcrc.permadeath.nms.v1_16_R3.NMSHandlerImpl.spawnNMSEntity(NMSHandlerImpl.java:326) ~[?:?]
	at tech.sebazcrc.permadeath.event.entity.SpawnListener.onSpawn(SpawnListener.java:127) ~[?:?]
	at com.destroystokyo.paper.event.executor.asm.generated.GeneratedEventExecutor9.execute(Unknown Source) ~[?:?]
	at org.bukkit.plugin.EventExecutor.lambda$create$1(EventExecutor.java:69) ~[patched_1.16.5.jar:git-Paper-794]
	at co.aikar.timings.TimedEventExecutor.execute(TimedEventExecutor.java:80) ~[patched_1.16.5.jar:git-Paper-794]
	at org.bukkit.plugin.RegisteredListener.callEvent(RegisteredListener.java:70) ~[patched_1.16.5.jar:git-Paper-794]
	at org.bukkit.plugin.SimplePluginManager.callEvent(SimplePluginManager.java:624) ~[patched_1.16.5.jar:git-Paper-794]
	at org.bukkit.craftbukkit.v1_16_R3.event.CraftEventFactory.callCreatureSpawnEvent(CraftEventFactory.java:722) ~[patched_1.16.5.jar:git-Paper-794]
	at org.bukkit.craftbukkit.v1_16_R3.event.CraftEventFactory.doEntityAddEventCalling(CraftEventFactory.java:640) ~[patched_1.16.5.jar:git-Paper-794]
	at net.minecraft.server.v1_16_R3.WorldServer.addEntity0(WorldServer.java:1302) ~[patched_1.16.5.jar:git-Paper-794]
	at net.minecraft.server.v1_16_R3.WorldServer.addEntity(WorldServer.java:1203) ~[patched_1.16.5.jar:git-Paper-794]
	at net.minecraft.server.v1_16_R3.WorldAccess.lambda$addAllEntities$0(WorldAccess.java:16) ~[patched_1.16.5.jar:git-Paper-794]
	at java.util.stream.Streams$StreamBuilderImpl.forEachRemaining(Streams.java:411) ~[?:?]
	at java.util.stream.Streams$ConcatSpliterator.forEachRemaining(Streams.java:734) ~[?:?]
	at java.util.stream.ReferencePipeline$Head.forEach(ReferencePipeline.java:658) ~[?:?]
	at net.minecraft.server.v1_16_R3.WorldAccess.addAllEntities(WorldAccess.java:16) ~[patched_1.16.5.jar:git-Paper-794]
	at net.minecraft.server.v1_16_R3.EntityTypes.spawnCreature(EntityTypes.java:346) ~[patched_1.16.5.jar:git-Paper-794]
	at net.minecraft.server.v1_16_R3.EntityTypes.spawnCreature(EntityTypes.java:323) ~[patched_1.16.5.jar:git-Paper-794]
	at tech.sebazcrc.permadeath.nms.v1_16_R3.NMSHandlerImpl.spawnNMSEntity(NMSHandlerImpl.java:326) ~[?:?]
	at tech.sebazcrc.permadeath.task.GatoGalacticoTask.run(GatoGalacticoTask.java:170) ~[?:?]
	at org.bukkit.craftbukkit.v1_16_R3.scheduler.CraftTask.run(CraftTask.java:101) ~[patched_1.16.5.jar:git-Paper-794]
	at org.bukkit.craftbukkit.v1_16_R3.scheduler.CraftScheduler.mainThreadHeartbeat(CraftScheduler.java:485) ~[patched_1.16.5.jar:git-Paper-794]
	at net.minecraft.server.v1_16_R3.MinecraftServer.b(MinecraftServer.java:1432) ~[patched_1.16.5.jar:git-Paper-794]
	at net.minecraft.server.v1_16_R3.DedicatedServer.b(DedicatedServer.java:436) ~[patched_1.16.5.jar:git-Paper-794]
	at net.minecraft.server.v1_16_R3.MinecraftServer.a(MinecraftServer.java:1347) ~[patched_1.16.5.jar:git-Paper-794]
	at net.minecraft.server.v1_16_R3.MinecraftServer.w(MinecraftServer.java:1135) ~[patched_1.16.5.jar:git-Paper-794]
	at net.minecraft.server.v1_16_R3.MinecraftServer.lambda$a$0(MinecraftServer.java:291) ~[patched_1.16.5.jar:git-Paper-794]
	at java.lang.Thread.run(Thread.java:829) [?:?]
[23:32:18] [Server thread/INFO]: Un gato galáctico ha invicado un(a) Giga Phantom (50.04026391042445, 62.77226910522911, 70.15528157641297
[23:32:18] [Server thread/INFO]: Un gato galáctico invocará un mob al azar en: 1
[23:32:18] [Server thread/INFO]: Un gato galáctico ha invicado un(a) Ultra Ravager (48.20655083311876, 62.44041446842581, 69.68419962711596
[23:32:18] [Server thread/INFO]: Un gato galáctico invocará un mob al azar en: 1
[23:32:18] [Server thread/INFO]: Un gato galáctico ha invicado un(a) Endermite Misterioso (49.285857309811526, 62.540963510844264, 69.31531924083099
[23:32:18] [Server thread/INFO]: Un gato galáctico invocará un mob al azar en: 1
[23:32:18] [Server thread/INFO]: Un gato galáctico ha invicado un(a) Gigante (50.65139130773896, 62.48789596686059, 69.41450932295304
[23:32:18] [Server thread/INFO]: Un gato galáctico invocará un mob al azar en: 1
[23:32:18] [Server thread/INFO]: Un gato galáctico ha invicado un(a) Gigante (52.5, 62.57711562728225, 70.5
[23:32:18] [Server thread/INFO]: Un gato galáctico invocará un mob al azar en: 1
[23:32:18] [Server thread/INFO]: Un gato galáctico ha invicado un(a) Esqueleto de Clase (54.5, 62.4010328038692, 70.5
[23:32:18] [Server thread/INFO]: Un gato galáctico invocará un mob al azar en: 1
[23:32:18] [Server thread/INFO]: Un gato galáctico ha invicado un(a) Giga MagmaCube (55.5, 62.4993523503002, 70.5
[23:32:18] [Server thread/INFO]: Un gato galáctico invocará un mob al azar en: 1
[23:32:18] [Server thread/ERROR]: Could not pass event CreatureSpawnEvent to Permadeath v1.3
java.lang.NullPointerException: null
	at tech.sebazcrc.permadeath.nms.v1_16_R3.NMSHandlerImpl.spawnNMSEntity(NMSHandlerImpl.java:326) ~[?:?]
	at tech.sebazcrc.permadeath.event.entity.SpawnListener.onSpawn(SpawnListener.java:127) ~[?:?]
	at com.destroystokyo.paper.event.executor.asm.generated.GeneratedEventExecutor9.execute(Unknown Source) ~[?:?]
	at org.bukkit.plugin.EventExecutor.lambda$create$1(EventExecutor.java:69) ~[patched_1.16.5.jar:git-Paper-794]
	at co.aikar.timings.TimedEventExecutor.execute(TimedEventExecutor.java:80) ~[patched_1.16.5.jar:git-Paper-794]
	at org.bukkit.plugin.RegisteredListener.callEvent(RegisteredListener.java:70) ~[patched_1.16.5.jar:git-Paper-794]
	at org.bukkit.plugin.SimplePluginManager.callEvent(SimplePluginManager.java:624) ~[patched_1.16.5.jar:git-Paper-794]
	at org.bukkit.craftbukkit.v1_16_R3.event.CraftEventFactory.callCreatureSpawnEvent(CraftEventFactory.java:722) ~[patched_1.16.5.jar:git-Paper-794]
	at org.bukkit.craftbukkit.v1_16_R3.event.CraftEventFactory.doEntityAddEventCalling(CraftEventFactory.java:640) ~[patched_1.16.5.jar:git-Paper-794]
	at net.minecraft.server.v1_16_R3.WorldServer.addEntity0(WorldServer.java:1302) ~[patched_1.16.5.jar:git-Paper-794]
	at net.minecraft.server.v1_16_R3.WorldServer.addEntity(WorldServer.java:1203) ~[patched_1.16.5.jar:git-Paper-794]
	at net.minecraft.server.v1_16_R3.WorldAccess.lambda$addAllEntities$0(WorldAccess.java:16) ~[patched_1.16.5.jar:git-Paper-794]
	at java.util.stream.Streams$StreamBuilderImpl.forEachRemaining(Streams.java:411) ~[?:?]
	at java.util.stream.Streams$ConcatSpliterator.forEachRemaining(Streams.java:734) ~[?:?]
	at java.util.stream.ReferencePipeline$Head.forEach(ReferencePipeline.java:658) ~[?:?]
	at net.minecraft.server.v1_16_R3.WorldAccess.addAllEntities(WorldAccess.java:16) ~[patched_1.16.5.jar:git-Paper-794]
	at net.minecraft.server.v1_16_R3.EntityTypes.spawnCreature(EntityTypes.java:346) ~[patched_1.16.5.jar:git-Paper-794]
	at net.minecraft.server.v1_16_R3.EntityTypes.spawnCreature(EntityTypes.java:323) ~[patched_1.16.5.jar:git-Paper-794]
	at tech.sebazcrc.permadeath.nms.v1_16_R3.NMSHandlerImpl.spawnNMSEntity(NMSHandlerImpl.java:326) ~[?:?]
	at tech.sebazcrc.permadeath.task.GatoGalacticoTask.run(GatoGalacticoTask.java:170) ~[?:?]
	at org.bukkit.craftbukkit.v1_16_R3.scheduler.CraftTask.run(CraftTask.java:101) ~[patched_1.16.5.jar:git-Paper-794]
	at org.bukkit.craftbukkit.v1_16_R3.scheduler.CraftScheduler.mainThreadHeartbeat(CraftScheduler.java:485) ~[patched_1.16.5.jar:git-Paper-794]
	at net.minecraft.server.v1_16_R3.MinecraftServer.b(MinecraftServer.java:1432) ~[patched_1.16.5.jar:git-Paper-794]
	at net.minecraft.server.v1_16_R3.DedicatedServer.b(DedicatedServer.java:436) ~[patched_1.16.5.jar:git-Paper-794]
	at net.minecraft.server.v1_16_R3.MinecraftServer.a(MinecraftServer.java:1347) ~[patched_1.16.5.jar:git-Paper-794]
	at net.minecraft.server.v1_16_R3.MinecraftServer.w(MinecraftServer.java:1135) ~[patched_1.16.5.jar:git-Paper-794]
	at net.minecraft.server.v1_16_R3.MinecraftServer.lambda$a$0(MinecraftServer.java:291) ~[patched_1.16.5.jar:git-Paper-794]
	at java.lang.Thread.run(Thread.java:829) [?:?]
[23:32:18] [Server thread/INFO]: Un gato galáctico ha invicado un(a) Giga Phantom (57.5, 62.408856784196814, 70.5
[23:32:18] [Server thread/INFO]: Un gato galáctico invocará un mob al azar en: 1
[23:32:18] [Server thread/INFO]: Un gato galáctico ha invicado un(a) Araña con Efectos (57.5, 63.034477331129345, 70.5
[23:32:18] [Server thread/INFO]: Un gato galáctico invocará un mob al azar en: 1
[23:32:18] [Server thread/INFO]: Un gato galáctico ha invicado un(a) Demonio Flotante (58.5, 62.767951156206564, 71.5
[23:32:18] [Server thread/INFO]: Un gato galáctico invocará un mob al azar en: 1
[23:32:18] [Server thread/INFO]: Un gato galáctico ha invicado un(a) Giga Phantom (58.5, 63.02632084985937, 72.5
[23:32:18] [Server thread/INFO]: Un gato galáctico invocará un mob al azar en: 1
[23:32:18] [Server thread/INFO]: Un gato galáctico ha invicado un(a) Wither Skeleton Emperador (58.5, 62.36800124925152, 73.5
[23:32:18] [Server thread/INFO]: Un gato galáctico invocará un mob al azar en: 1
[23:32:18] [Server thread/INFO]: Un gato galáctico ha invicado un(a) Silverfish de la Muerte (58.5, 62.891511537441495, 75.5
[23:32:18] [Server thread/INFO]: Un gato galáctico invocará un mob al azar en: 1
[23:32:18] [Server thread/INFO]: Un gato galáctico ha invicado un(a) Shulker Tnt (58.5, 62.95093443703197, 76.5
[23:32:18] [Server thread/INFO]: Un gato galáctico invocará un mob al azar en: 1
[23:32:18] [Server thread/INFO]: Un gato galáctico ha invicado un(a) Ultra Ravager (59.34229239623838, 62.83352773132227, 76.69148288865343
[23:32:18] [Server thread/INFO]: Un gato galáctico invocará un mob al azar en: 1
[23:32:18] [Server thread/INFO]: Un gato galáctico ha invicado un(a) Demonio Flotante (50.5, 62.14391397035971, 87.5
[23:32:18] [Server thread/INFO]: Un gato galáctico invocará un mob al azar en: 1
[23:32:18] [Server thread/INFO]: Un gato galáctico ha invicado un(a) Ender Quantum Creeper (50.5, 62.60259140555082, 85.5
[23:32:18] [Server thread/INFO]: Un gato galáctico invocará un mob al azar en: 1
[23:32:18] [Server thread/INFO]: Un gato galáctico ha invicado un(a) Bruja Imposible (50.5, 62.595394182545576, 86.5
[23:32:18] [Server thread/INFO]: Un gato galáctico invocará un mob al azar en: 1
[23:32:18] [Server thread/INFO]: Un gato galáctico ha invicado un(a) Silverfish de la Muerte (50.5, 62.98550604597629, 86.5
[23:32:18] [Server thread/INFO]: Un gato galáctico invocará un mob al azar en: 1
[23:32:18] [Server thread/INFO]: Un gato galáctico ha invicado un(a) Demonio Flotante (50.5, 62.59831333025968, 86.5
[23:32:18] [Server thread/INFO]: Un gato galáctico invocará un mob al azar en: 1
[23:32:18] [Server thread/INFO]: Un gato galáctico ha invicado un(a) Giga Phantom (50.5, 62.86824189974975, 86.5
[23:32:18] [Server thread/INFO]: Un gato galáctico invocará un mob al azar en: 1
[23:32:18] [Server thread/INFO]: Un gato galáctico ha invicado un(a) Gigante (50.5, 62.988579608082844, 85.5
[23:32:18] [Server thread/INFO]: Un gato galáctico invocará un mob al azar en: 1
[23:32:18] [Server thread/INFO]: Un gato galáctico ha invicado un(a) Ender Ghast (50.5, 62.2433926150588, 84.5
[23:32:18] [Server thread/INFO]: Un gato galáctico invocará un mob al azar en: 1
[23:32:18] [Server thread/INFO]: Un gato galáctico ha invicado un(a) Wither Skeleton Emperador (50.5, 62.52798177354927, 84.5
[23:32:18] [Server thread/INFO]: Un gato galáctico invocará un mob al azar en: 1
[23:32:18] [Server thread/INFO]: Un gato galáctico ha invicado un(a) Endermite Misterioso (50.5, 63.02250639627108, 83.5
[23:32:18] [Server thread/INFO]: Un gato galáctico invocará un mob al azar en: 1
[23:32:18] [Server thread/ERROR]: Could not pass event CreatureSpawnEvent to Permadeath v1.3
java.lang.NullPointerException: null
	at tech.sebazcrc.permadeath.nms.v1_16_R3.NMSHandlerImpl.spawnNMSEntity(NMSHandlerImpl.java:326) ~[?:?]
	at tech.sebazcrc.permadeath.event.entity.SpawnListener.onSpawn(SpawnListener.java:127) ~[?:?]
	at com.destroystokyo.paper.event.executor.asm.generated.GeneratedEventExecutor9.execute(Unknown Source) ~[?:?]
	at org.bukkit.plugin.EventExecutor.lambda$create$1(EventExecutor.java:69) ~[patched_1.16.5.jar:git-Paper-794]
	at co.aikar.timings.TimedEventExecutor.execute(TimedEventExecutor.java:80) ~[patched_1.16.5.jar:git-Paper-794]
	at org.bukkit.plugin.RegisteredListener.callEvent(RegisteredListener.java:70) ~[patched_1.16.5.jar:git-Paper-794]
	at org.bukkit.plugin.SimplePluginManager.callEvent(SimplePluginManager.java:624) ~[patched_1.16.5.jar:git-Paper-794]
	at org.bukkit.craftbukkit.v1_16_R3.event.CraftEventFactory.callCreatureSpawnEvent(CraftEventFactory.java:722) ~[patched_1.16.5.jar:git-Paper-794]
	at org.bukkit.craftbukkit.v1_16_R3.event.CraftEventFactory.doEntityAddEventCalling(CraftEventFactory.java:640) ~[patched_1.16.5.jar:git-Paper-794]
	at net.minecraft.server.v1_16_R3.WorldServer.addEntity0(WorldServer.java:1302) ~[patched_1.16.5.jar:git-Paper-794]
	at net.minecraft.server.v1_16_R3.WorldServer.addEntity(WorldServer.java:1203) ~[patched_1.16.5.jar:git-Paper-794]
	at net.minecraft.server.v1_16_R3.WorldAccess.lambda$addAllEntities$0(WorldAccess.java:16) ~[patched_1.16.5.jar:git-Paper-794]
	at java.util.stream.Streams$StreamBuilderImpl.forEachRemaining(Streams.java:411) ~[?:?]
	at java.util.stream.Streams$ConcatSpliterator.forEachRemaining(Streams.java:734) ~[?:?]
	at java.util.stream.ReferencePipeline$Head.forEach(ReferencePipeline.java:658) ~[?:?]
	at net.minecraft.server.v1_16_R3.WorldAccess.addAllEntities(WorldAccess.java:16) ~[patched_1.16.5.jar:git-Paper-794]
	at net.minecraft.server.v1_16_R3.EntityTypes.spawnCreature(EntityTypes.java:346) ~[patched_1.16.5.jar:git-Paper-794]
	at net.minecraft.server.v1_16_R3.EntityTypes.spawnCreature(EntityTypes.java:323) ~[patched_1.16.5.jar:git-Paper-794]
	at tech.sebazcrc.permadeath.nms.v1_16_R3.NMSHandlerImpl.spawnNMSEntity(NMSHandlerImpl.java:326) ~[?:?]
	at tech.sebazcrc.permadeath.task.GatoGalacticoTask.run(GatoGalacticoTask.java:170) ~[?:?]
	at org.bukkit.craftbukkit.v1_16_R3.scheduler.CraftTask.run(CraftTask.java:101) ~[patched_1.16.5.jar:git-Paper-794]
	at org.bukkit.craftbukkit.v1_16_R3.scheduler.CraftScheduler.mainThreadHeartbeat(CraftScheduler.java:485) ~[patched_1.16.5.jar:git-Paper-794]
	at net.minecraft.server.v1_16_R3.MinecraftServer.b(MinecraftServer.java:1432) ~[patched_1.16.5.jar:git-Paper-794]
	at net.minecraft.server.v1_16_R3.DedicatedServer.b(DedicatedServer.java:436) ~[patched_1.16.5.jar:git-Paper-794]
	at net.minecraft.server.v1_16_R3.MinecraftServer.a(MinecraftServer.java:1347) ~[patched_1.16.5.jar:git-Paper-794]
	at net.minecraft.server.v1_16_R3.MinecraftServer.w(MinecraftServer.java:1135) ~[patched_1.16.5.jar:git-Paper-794]
	at net.minecraft.server.v1_16_R3.MinecraftServer.lambda$a$0(MinecraftServer.java:291) ~[patched_1.16.5.jar:git-Paper-794]
	at java.lang.Thread.run(Thread.java:829) [?:?]
[23:32:18] [Server thread/INFO]: Un gato galáctico ha invicado un(a) Giga Phantom (50.5, 62.85427177698074, 83.5
[23:32:18] [Server thread/INFO]: Un gato galáctico invocará un mob al azar en: 1
[23:32:18] [Server thread/INFO]: Un gato galáctico ha invicado un(a) Gato Supernova (50.5, 62.580160260436436, 82.5
[23:32:18] [Server thread/INFO]: Un gato galáctico invocará un mob al azar en: 1
[23:32:18] [Server thread/INFO]: Un gato galáctico ha invicado un(a) Wither Skeleton Emperador (50.5, 63.042450629185744, 82.5
[23:32:18] [Server thread/INFO]: Un gato galáctico invocará un mob al azar en: 1
[23:32:18] [Server thread/INFO]: Un gato galáctico ha invicado un(a) Wither Skeleton Emperador (50.5, 62.6452416771885, 81.5
[23:32:18] [Server thread/INFO]: Un gato galáctico invocará un mob al azar en: 1
[23:32:18] [Server thread/INFO]: Un gato galáctico ha invicado un(a) Shulker Tnt (50.5, 62.39641001720262, 80.5
[23:32:18] [Server thread/INFO]: Un gato galáctico invocará un mob al azar en: 1
[23:32:18] [Server thread/INFO]: Un gato galáctico ha invicado un(a) Pufferfish invulnerable (50.5, 62.93062066342038, 80.5
[23:32:18] [Server thread/INFO]: Un gato galáctico invocará un mob al azar en: 1
[23:32:18] [Server thread/INFO]: Un gato galáctico ha invicado un(a) Demonio Flotante (50.5, 62.573377175586764, 80.5
[23:32:18] [Server thread/INFO]: Un gato galáctico invocará un mob al azar en: 1
[23:32:18] [Server thread/INFO]: Un gato galáctico ha invicado un(a) Ender Ghast (50.5, 62.4948879907695, 80.5
[23:32:18] [Server thread/INFO]: Un gato galáctico invocará un mob al azar en: 1
[23:32:18] [Server thread/INFO]: Un gato galáctico ha invicado un(a) Permadeath Demon (50.5, 62.45074267961252, 80.5
[23:32:18] [Server thread/INFO]: Un gato galáctico invocará un mob al azar en: 1
[23:32:18] [Server thread/INFO]: Un gato galáctico ha invicado un(a) Esqueleto de Clase (50.5, 62.866845649133566, 81.5
[23:32:18] [Server thread/INFO]: Un gato galáctico invocará un mob al azar en: 1
[23:32:18] [Server thread/WARN]: [Permadeath] Task #267707 for Permadeath v1.3 generated an exception
java.lang.NullPointerException: null
	at tech.sebazcrc.permadeath.nms.v1_16_R3.NMSHandlerImpl.spawnNMSEntity(NMSHandlerImpl.java:326) ~[?:?]
	at tech.sebazcrc.permadeath.task.GatoGalacticoTask.run(GatoGalacticoTask.java:150) ~[?:?]
	at org.bukkit.craftbukkit.v1_16_R3.scheduler.CraftTask.run(CraftTask.java:101) ~[patched_1.16.5.jar:git-Paper-794]
	at org.bukkit.craftbukkit.v1_16_R3.scheduler.CraftScheduler.mainThreadHeartbeat(CraftScheduler.java:485) ~[patched_1.16.5.jar:git-Paper-794]
	at net.minecraft.server.v1_16_R3.MinecraftServer.b(MinecraftServer.java:1432) ~[patched_1.16.5.jar:git-Paper-794]
	at net.minecraft.server.v1_16_R3.DedicatedServer.b(DedicatedServer.java:436) ~[patched_1.16.5.jar:git-Paper-794]
	at net.minecraft.server.v1_16_R3.MinecraftServer.a(MinecraftServer.java:1347) ~[patched_1.16.5.jar:git-Paper-794]
	at net.minecraft.server.v1_16_R3.MinecraftServer.w(MinecraftServer.java:1135) ~[patched_1.16.5.jar:git-Paper-794]
	at net.minecraft.server.v1_16_R3.MinecraftServer.lambda$a$0(MinecraftServer.java:291) ~[patched_1.16.5.jar:git-Paper-794]
	at java.lang.Thread.run(Thread.java:829) [?:?]
[23:32:18] [Server thread/INFO]: Un gato galáctico invocará un mob al azar en: 1
[23:32:18] [Server thread/INFO]: Un gato galáctico ha invicado un(a) Esqueleto de Clase (50.5, 62.68456038397312, 84.5
[23:32:18] [Server thread/INFO]: Un gato galáctico invocará un mob al azar en: 1
[23:32:18] [Server thread/INFO]: Un gato galáctico ha invicado un(a) Gigante (50.5, 62.33105696205632, 84.5
[23:32:18] [Server thread/INFO]: Un gato galáctico invocará un mob al azar en: 1
[23:32:18] [Server thread/INFO]: Un gato galáctico ha invicado un(a) Ultra Ravager (50.5, 62.45621321959257, 83.5
[23:32:18] [Server thread/INFO]: Un gato galáctico invocará un mob al azar en: 1
[23:32:18] [Server thread/INFO]: Un gato galáctico ha invicado un(a) Gato Supernova (50.5, 62.62244904907708, 82.5
[23:32:18] [Server thread/INFO]: Un gato galáctico invocará un mob al azar en: 1
[23:32:18] [Server thread/INFO]: Un gato galáctico ha invicado un(a) Ultra Ravager (50.5, 62.5992210233938, 81.5
[23:32:18] [Server thread/INFO]: Un gato galáctico invocará un mob al azar en: 1
[23:32:18] [Server thread/INFO]: Un gato galáctico ha invicado un(a) Giga Slime (58.81052307944069, 62.46669700941113, 80.20300320027422
[23:32:18] [Server thread/INFO]: Un gato galáctico ha invicado un(a) Wither Skeleton Emperador (50.5, 62.95652989252228, 82.5
[23:32:22] [Server thread/INFO]: La maldición de un Gato Galáctico ha comenzado en: -25, 40, 232
[23:32:22] [Server thread/INFO]: Un gato galáctico invocará un mob al azar en: 5
[23:32:23] [Server thread/INFO]: Un gato galáctico invocará un mob al azar en: 4
[23:32:24] [Server thread/INFO]: Un gato galáctico invocará un mob al azar en: 3
[23:32:24] [Async Chat Thread - #17/INFO]: <TTottaly_RED> ya fue tio
[23:32:25] [Server thread/INFO]: Un gato galáctico invocará un mob al azar en: 2
[23:32:26] [Server thread/INFO]: Un gato galáctico invocará un mob al azar en: 1
[23:32:26] [Server thread/INFO]: Un gato galáctico ha invicado un(a) Ender Quantum Creeper (-25.30000001192093, 40.30000001192093, 232.69999998807907
[23:32:55] [Server thread/INFO]: La maldición de un Gato Galáctico ha comenzado en: 42, 62, 111
[23:32:55] [Server thread/INFO]: La maldición de un Gato Galáctico ha comenzado en: 42, 62, 108
[23:32:55] [Server thread/INFO]: La maldición de un Gato Galáctico ha comenzado en: 41, 62, 107
[23:32:55] [Server thread/INFO]: La maldición de un Gato Galáctico ha comenzado en: 41, 62, 108
[23:32:55] [Server thread/INFO]: La maldición de un Gato Galáctico ha comenzado en: 41, 63, 110
[23:32:55] [Server thread/INFO]: La maldición de un Gato Galáctico ha comenzado en: 41, 62, 110
[23:32:55] [Server thread/INFO]: La maldición de un Gato Galáctico ha comenzado en: 41, 62, 111
[23:32:55] [Server thread/INFO]: La maldición de un Gato Galáctico ha comenzado en: 41, 62, 109
[23:32:55] [Server thread/INFO]: La maldición de un Gato Galáctico ha comenzado en: 41, 62, 110
[23:32:55] [Server thread/INFO]: La maldición de un Gato Galáctico ha comenzado en: 38, 63, 111
[23:32:55] [Server thread/INFO]: La maldición de un Gato Galáctico ha comenzado en: 39, 62, 110
[23:32:55] [Server thread/INFO]: La maldición de un Gato Galáctico ha comenzado en: 38, 62, 111
[23:32:55] [Server thread/INFO]: La maldición de un Gato Galáctico ha comenzado en: 38, 63, 110
[23:32:55] [Server thread/INFO]: La maldición de un Gato Galáctico ha comenzado en: 37, 63, 108
[23:32:55] [Server thread/INFO]: La maldición de un Gato Galáctico ha comenzado en: 38, 62, 111
[23:32:55] [Server thread/INFO]: La maldición de un Gato Galáctico ha comenzado en: 38, 62, 111
[23:32:55] [Server thread/INFO]: La maldición de un Gato Galáctico ha comenzado en: 39, 62, 111
[23:32:55] [Server thread/INFO]: La maldición de un Gato Galáctico ha comenzado en: 41, 62, 110
[23:32:55] [Server thread/INFO]: La maldición de un Gato Galáctico ha comenzado en: 40, 62, 111
[23:32:55] [Server thread/INFO]: La maldición de un Gato Galáctico ha comenzado en: 40, 62, 106
[23:32:55] [Server thread/INFO]: La maldición de un Gato Galáctico ha comenzado en: 40, 62, 110
[23:32:55] [Server thread/INFO]: La maldición de un Gato Galáctico ha comenzado en: 39, 62, 109
[23:32:55] [Server thread/INFO]: La maldición de un Gato Galáctico ha comenzado en: 40, 62, 109
[23:32:55] [Server thread/INFO]: La maldición de un Gato Galáctico ha comenzado en: 40, 62, 108
[23:32:55] [Server thread/INFO]: La maldición de un Gato Galáctico ha comenzado en: 39, 62, 108
[23:32:55] [Server thread/INFO]: La maldición de un Gato Galáctico ha comenzado en: 38, 62, 109
[23:32:55] [Server thread/INFO]: La maldición de un Gato Galáctico ha comenzado en: 36, 62, 110
[23:32:55] [Server thread/INFO]: La maldición de un Gato Galáctico ha comenzado en: 38, 62, 109
[23:32:55] [Server thread/INFO]: La maldición de un Gato Galáctico ha comenzado en: 37, 62, 110
[23:32:55] [Server thread/INFO]: La maldición de un Gato Galáctico ha comenzado en: 36, 62, 111
[23:32:55] [Server thread/INFO]: La maldición de un Gato Galáctico ha comenzado en: 36, 63, 110
[23:32:55] [Server thread/INFO]: La maldición de un Gato Galáctico ha comenzado en: 34, 62, 110
[23:32:55] [Server thread/INFO]: La maldición de un Gato Galáctico ha comenzado en: 40, 62, 114
[23:32:55] [Server thread/INFO]: La maldición de un Gato Galáctico ha comenzado en: 40, 62, 113
[23:32:55] [Server thread/INFO]: La maldición de un Gato Galáctico ha comenzado en: 37, 62, 112
[23:32:55] [Server thread/INFO]: La maldición de un Gato Galáctico ha comenzado en: 41, 62, 112
[23:32:55] [Server thread/INFO]: La maldición de un Gato Galáctico ha comenzado en: 40, 62, 112
[23:32:55] [Server thread/INFO]: La maldición de un Gato Galáctico ha comenzado en: 41, 62, 112
[23:32:55] [Server thread/INFO]: La maldición de un Gato Galáctico ha comenzado en: 38, 62, 112
[23:32:55] [Server thread/INFO]: La maldición de un Gato Galáctico ha comenzado en: 44, 62, 114
[23:32:55] [Server thread/INFO]: La maldición de un Gato Galáctico ha comenzado en: 42, 62, 113
[23:32:55] [Server thread/INFO]: La maldición de un Gato Galáctico ha comenzado en: 41, 62, 113
[23:32:55] [Server thread/INFO]: La maldición de un Gato Galáctico ha comenzado en: 39, 62, 113
[23:32:55] [Server thread/INFO]: La maldición de un Gato Galáctico ha comenzado en: 39, 62, 112
[23:32:55] [Server thread/INFO]: La maldición de un Gato Galáctico ha comenzado en: 41, 62, 112
[23:32:55] [Server thread/INFO]: La maldición de un Gato Galáctico ha comenzado en: 39, 63, 112
[23:32:55] [Server thread/INFO]: La maldición de un Gato Galáctico ha comenzado en: 36, 62, 112
[23:32:55] [Server thread/INFO]: La maldición de un Gato Galáctico ha comenzado en: 37, 62, 113
[23:32:55] [Server thread/INFO]: La maldición de un Gato Galáctico ha comenzado en: 37, 62, 113
[23:32:55] [Server thread/INFO]: La maldición de un Gato Galáctico ha comenzado en: 36, 62, 113
[23:32:55] [Server thread/INFO]: La maldición de un Gato Galáctico ha comenzado en: 36, 63, 112
[23:32:55] [Server thread/INFO]: La maldición de un Gato Galáctico ha comenzado en: 37, 62, 113
[23:32:55] [Server thread/INFO]: La maldición de un Gato Galáctico ha comenzado en: 37, 62, 115
[23:32:55] [Server thread/INFO]: La maldición de un Gato Galáctico ha comenzado en: 45, 72, 248
[23:32:55] [Server thread/WARN]: Can't keep up! Is the server overloaded? Running 5032ms or 100 ticks behind
[23:32:55] [Server thread/INFO]: Un gato galáctico invocará un mob al azar en: 5
[23:32:55] [Server thread/INFO]: Un gato galáctico invocará un mob al azar en: 5
[23:32:55] [Server thread/INFO]: Un gato galáctico invocará un mob al azar en: 5
[23:32:55] [Server thread/INFO]: Un gato galáctico invocará un mob al azar en: 5
[23:32:55] [Server thread/INFO]: Un gato galáctico invocará un mob al azar en: 5
[23:32:55] [Server thread/INFO]: Un gato galáctico invocará un mob al azar en: 5
[23:32:55] [Server thread/INFO]: Un gato galáctico invocará un mob al azar en: 5
[23:32:55] [Server thread/INFO]: Un gato galáctico invocará un mob al azar en: 5
[23:32:55] [Server thread/INFO]: Un gato galáctico invocará un mob al azar en: 5
[23:32:55] [Server thread/INFO]: Un gato galáctico invocará un mob al azar en: 5
[23:32:55] [Server thread/INFO]: Un gato galáctico invocará un mob al azar en: 5
[23:32:55] [Server thread/INFO]: Un gato galáctico invocará un mob al azar en: 5
[23:32:55] [Server thread/INFO]: Un gato galáctico invocará un mob al azar en: 5
[23:32:55] [Server thread/INFO]: Un gato galáctico invocará un mob al azar en: 5
[23:32:55] [Server thread/INFO]: Un gato galáctico invocará un mob al azar en: 5
[23:32:55] [Server thread/INFO]: Un gato galáctico invocará un mob al azar en: 5
[23:32:55] [Server thread/INFO]: Un gato galáctico invocará un mob al azar en: 5
[23:32:55] [Server thread/INFO]: Un gato galáctico invocará un mob al azar en: 5
[23:32:55] [Server thread/INFO]: Un gato galáctico invocará un mob al azar en: 5
[23:32:55] [Server thread/INFO]: Un gato galáctico invocará un mob al azar en: 5
[23:32:55] [Server thread/INFO]: Un gato galáctico invocará un mob al azar en: 5
[23:32:55] [Server thread/INFO]: Un gato galáctico invocará un mob al azar en: 5
[23:32:55] [Server thread/INFO]: Un gato galáctico invocará un mob al azar en: 5
[23:32:55] [Server thread/INFO]: Un gato galáctico invocará un mob al azar en: 5
[23:32:55] [Server thread/INFO]: Un gato galáctico invocará un mob al azar en: 5
[23:32:55] [Server thread/INFO]: Un gato galáctico invocará un mob al azar en: 5
[23:32:55] [Server thread/INFO]: Un gato galáctico invocará un mob al azar en: 5
[23:32:55] [Server thread/INFO]: Un gato galáctico invocará un mob al azar en: 5
[23:32:55] [Server thread/INFO]: Un gato galáctico invocará un mob al azar en: 5
[23:32:55] [Server thread/INFO]: Un gato galáctico invocará un mob al azar en: 5
[23:32:55] [Server thread/INFO]: Un gato galáctico invocará un mob al azar en: 5
[23:32:55] [Server thread/INFO]: Un gato galáctico invocará un mob al azar en: 5
[23:32:55] [Server thread/INFO]: Un gato galáctico invocará un mob al azar en: 5
[23:32:55] [Server thread/INFO]: Un gato galáctico invocará un mob al azar en: 5
[23:32:55] [Server thread/INFO]: Un gato galáctico invocará un mob al azar en: 5
[23:32:55] [Server thread/INFO]: Un gato galáctico invocará un mob al azar en: 5
[23:32:55] [Server thread/INFO]: Un gato galáctico invocará un mob al azar en: 5
[23:32:55] [Server thread/INFO]: Un gato galáctico invocará un mob al azar en: 5
[23:32:55] [Server thread/INFO]: Un gato galáctico invocará un mob al azar en: 5
[23:32:55] [Server thread/INFO]: Un gato galáctico invocará un mob al azar en: 5
[23:32:55] [Server thread/INFO]: Un gato galáctico invocará un mob al azar en: 5
[23:32:55] [Server thread/INFO]: Un gato galáctico invocará un mob al azar en: 5
[23:32:55] [Server thread/INFO]: Un gato galáctico invocará un mob al azar en: 5
[23:32:55] [Server thread/INFO]: Un gato galáctico invocará un mob al azar en: 5
[23:32:55] [Server thread/INFO]: Un gato galáctico invocará un mob al azar en: 5
[23:32:55] [Server thread/INFO]: Un gato galáctico invocará un mob al azar en: 5
[23:32:55] [Server thread/INFO]: Un gato galáctico invocará un mob al azar en: 5
[23:32:55] [Server thread/INFO]: Un gato galáctico invocará un mob al azar en: 5
[23:32:55] [Server thread/INFO]: Un gato galáctico invocará un mob al azar en: 5
[23:32:55] [Server thread/INFO]: Un gato galáctico invocará un mob al azar en: 5
[23:32:55] [Server thread/INFO]: Un gato galáctico invocará un mob al azar en: 5
[23:32:55] [Server thread/INFO]: Un gato galáctico invocará un mob al azar en: 5
[23:32:55] [Server thread/INFO]: Un gato galáctico invocará un mob al azar en: 5
[23:32:55] [Server thread/INFO]: Un gato galáctico invocará un mob al azar en: 5
[23:32:56] [Server thread/INFO]: Un gato galáctico invocará un mob al azar en: 4
[23:32:56] [Server thread/INFO]: Un gato galáctico invocará un mob al azar en: 4
[23:32:56] [Server thread/INFO]: Un gato galáctico invocará un mob al azar en: 4
[23:32:56] [Server thread/INFO]: Un gato galáctico invocará un mob al azar en: 4
[23:32:56] [Server thread/INFO]: Un gato galáctico invocará un mob al azar en: 4
[23:32:56] [Server thread/INFO]: Un gato galáctico invocará un mob al azar en: 4
[23:32:56] [Server thread/INFO]: Un gato galáctico invocará un mob al azar en: 4
[23:32:56] [Server thread/INFO]: Un gato galáctico invocará un mob al azar en: 4
[23:32:56] [Server thread/INFO]: Un gato galáctico invocará un mob al azar en: 4
[23:32:56] [Server thread/INFO]: Un gato galáctico invocará un mob al azar en: 4
[23:32:56] [Server thread/INFO]: Un gato galáctico invocará un mob al azar en: 4
[23:32:56] [Server thread/INFO]: Un gato galáctico invocará un mob al azar en: 4
[23:32:56] [Server thread/INFO]: Un gato galáctico invocará un mob al azar en: 4
[23:32:56] [Server thread/INFO]: Un gato galáctico invocará un mob al azar en: 4
[23:32:56] [Server thread/INFO]: Un gato galáctico invocará un mob al azar en: 4
[23:32:56] [Server thread/INFO]: Un gato galáctico invocará un mob al azar en: 4
[23:32:56] [Server thread/INFO]: Un gato galáctico invocará un mob al azar en: 4
[23:32:56] [Server thread/INFO]: Un gato galáctico invocará un mob al azar en: 4
[23:32:56] [Server thread/INFO]: Un gato galáctico invocará un mob al azar en: 4
[23:32:56] [Server thread/INFO]: Un gato galáctico invocará un mob al azar en: 4
[23:32:56] [Server thread/INFO]: Un gato galáctico invocará un mob al azar en: 4
[23:32:56] [Server thread/INFO]: Un gato galáctico invocará un mob al azar en: 4
[23:32:56] [Server thread/INFO]: Un gato galáctico invocará un mob al azar en: 4
[23:32:56] [Server thread/INFO]: Un gato galáctico invocará un mob al azar en: 4
[23:32:56] [Server thread/INFO]: Un gato galáctico invocará un mob al azar en: 4
[23:32:56] [Server thread/INFO]: Un gato galáctico invocará un mob al azar en: 4
[23:32:56] [Server thread/INFO]: Un gato galáctico invocará un mob al azar en: 4
[23:32:56] [Server thread/INFO]: Un gato galáctico invocará un mob al azar en: 4
[23:32:56] [Server thread/INFO]: Un gato galáctico invocará un mob al azar en: 4
[23:32:56] [Server thread/INFO]: Un gato galáctico invocará un mob al azar en: 4
[23:32:56] [Server thread/INFO]: Un gato galáctico invocará un mob al azar en: 4
[23:32:56] [Server thread/INFO]: Un gato galáctico invocará un mob al azar en: 4
[23:32:56] [Server thread/INFO]: Un gato galáctico invocará un mob al azar en: 4
[23:32:56] [Server thread/INFO]: Un gato galáctico invocará un mob al azar en: 4
[23:32:56] [Server thread/INFO]: Un gato galáctico invocará un mob al azar en: 4
[23:32:56] [Server thread/INFO]: Un gato galáctico invocará un mob al azar en: 4
[23:32:56] [Server thread/INFO]: Un gato galáctico invocará un mob al azar en: 4
[23:32:56] [Server thread/INFO]: Un gato galáctico invocará un mob al azar en: 4
[23:32:56] [Server thread/INFO]: Un gato galáctico invocará un mob al azar en: 4
[23:32:56] [Server thread/INFO]: Un gato galáctico invocará un mob al azar en: 4
[23:32:56] [Server thread/INFO]: Un gato galáctico invocará un mob al azar en: 4
[23:32:56] [Server thread/INFO]: Un gato galáctico invocará un mob al azar en: 4
[23:32:56] [Server thread/INFO]: Un gato galáctico invocará un mob al azar en: 4
[23:32:56] [Server thread/INFO]: Un gato galáctico invocará un mob al azar en: 4
[23:32:56] [Server thread/INFO]: Un gato galáctico invocará un mob al azar en: 4
[23:32:56] [Server thread/INFO]: Un gato galáctico invocará un mob al azar en: 4
[23:32:56] [Server thread/INFO]: Un gato galáctico invocará un mob al azar en: 4
[23:32:56] [Server thread/INFO]: Un gato galáctico invocará un mob al azar en: 4
[23:32:56] [Server thread/INFO]: Un gato galáctico invocará un mob al azar en: 4
[23:32:56] [Server thread/INFO]: Un gato galáctico invocará un mob al azar en: 4
[23:32:56] [Server thread/INFO]: Un gato galáctico invocará un mob al azar en: 4
[23:32:56] [Server thread/INFO]: Un gato galáctico invocará un mob al azar en: 4
[23:32:56] [Server thread/INFO]: Un gato galáctico invocará un mob al azar en: 4
[23:32:56] [Server thread/INFO]: Un gato galáctico invocará un mob al azar en: 4
[23:32:57] [Server thread/INFO]: Un gato galáctico invocará un mob al azar en: 3
[23:32:57] [Server thread/INFO]: Un gato galáctico invocará un mob al azar en: 3
[23:32:57] [Server thread/INFO]: Un gato galáctico invocará un mob al azar en: 3
[23:32:57] [Server thread/INFO]: Un gato galáctico invocará un mob al azar en: 3
[23:32:57] [Server thread/INFO]: Un gato galáctico invocará un mob al azar en: 3
[23:32:57] [Server thread/INFO]: Un gato galáctico invocará un mob al azar en: 3
[23:32:57] [Server thread/INFO]: Un gato galáctico invocará un mob al azar en: 3
[23:32:57] [Server thread/INFO]: Un gato galáctico invocará un mob al azar en: 3
[23:32:57] [Server thread/INFO]: Un gato galáctico invocará un mob al azar en: 3
[23:32:57] [Server thread/INFO]: Un gato galáctico invocará un mob al azar en: 3
[23:32:57] [Server thread/INFO]: Un gato galáctico invocará un mob al azar en: 3
[23:32:57] [Server thread/INFO]: Un gato galáctico invocará un mob al azar en: 3
[23:32:57] [Server thread/INFO]: Un gato galáctico invocará un mob al azar en: 3
[23:32:57] [Server thread/INFO]: Un gato galáctico invocará un mob al azar en: 3
[23:32:57] [Server thread/INFO]: Un gato galáctico invocará un mob al azar en: 3
[23:32:57] [Server thread/INFO]: Un gato galáctico invocará un mob al azar en: 3
[23:32:57] [Server thread/INFO]: Un gato galáctico invocará un mob al azar en: 3
[23:32:57] [Server thread/INFO]: Un gato galáctico invocará un mob al azar en: 3
[23:32:57] [Server thread/INFO]: Un gato galáctico invocará un mob al azar en: 3
[23:32:57] [Server thread/INFO]: Un gato galáctico invocará un mob al azar en: 3
[23:32:57] [Server thread/INFO]: Un gato galáctico invocará un mob al azar en: 3
[23:32:57] [Server thread/INFO]: Un gato galáctico invocará un mob al azar en: 3
[23:32:57] [Server thread/INFO]: Un gato galáctico invocará un mob al azar en: 3
[23:32:57] [Server thread/INFO]: Un gato galáctico invocará un mob al azar en: 3
[23:32:57] [Server thread/INFO]: Un gato galáctico invocará un mob al azar en: 3
[23:32:57] [Server thread/INFO]: Un gato galáctico invocará un mob al azar en: 3
[23:32:57] [Server thread/INFO]: Un gato galáctico invocará un mob al azar en: 3
[23:32:57] [Server thread/INFO]: Un gato galáctico invocará un mob al azar en: 3
[23:32:57] [Server thread/INFO]: Un gato galáctico invocará un mob al azar en: 3
[23:32:57] [Server thread/INFO]: Un gato galáctico invocará un mob al azar en: 3
[23:32:57] [Server thread/INFO]: Un gato galáctico invocará un mob al azar en: 3
[23:32:57] [Server thread/INFO]: Un gato galáctico invocará un mob al azar en: 3
[23:32:57] [Server thread/INFO]: Un gato galáctico invocará un mob al azar en: 3
[23:32:57] [Server thread/INFO]: Un gato galáctico invocará un mob al azar en: 3
[23:32:57] [Server thread/INFO]: Un gato galáctico invocará un mob al azar en: 3
[23:32:57] [Server thread/INFO]: Un gato galáctico invocará un mob al azar en: 3
[23:32:57] [Server thread/INFO]: Un gato galáctico invocará un mob al azar en: 3
[23:32:57] [Server thread/INFO]: Un gato galáctico invocará un mob al azar en: 3
[23:32:57] [Server thread/INFO]: Un gato galáctico invocará un mob al azar en: 3
[23:32:57] [Server thread/INFO]: Un gato galáctico invocará un mob al azar en: 3
[23:32:57] [Server thread/INFO]: Un gato galáctico invocará un mob al azar en: 3
[23:32:57] [Server thread/INFO]: Un gato galáctico invocará un mob al azar en: 3
[23:32:57] [Server thread/INFO]: Un gato galáctico invocará un mob al azar en: 3
[23:32:57] [Server thread/INFO]: Un gato galáctico invocará un mob al azar en: 3
[23:32:57] [Server thread/INFO]: Un gato galáctico invocará un mob al azar en: 3
[23:32:57] [Server thread/INFO]: Un gato galáctico invocará un mob al azar en: 3
[23:32:57] [Server thread/INFO]: Un gato galáctico invocará un mob al azar en: 3
[23:32:57] [Server thread/INFO]: Un gato galáctico invocará un mob al azar en: 3
[23:32:57] [Server thread/INFO]: Un gato galáctico invocará un mob al azar en: 3
[23:32:57] [Server thread/INFO]: Un gato galáctico invocará un mob al azar en: 3
[23:32:57] [Server thread/INFO]: Un gato galáctico invocará un mob al azar en: 3
[23:32:57] [Server thread/INFO]: Un gato galáctico invocará un mob al azar en: 3
[23:32:57] [Server thread/INFO]: Un gato galáctico invocará un mob al azar en: 3
[23:32:57] [Server thread/INFO]: Un gato galáctico invocará un mob al azar en: 3
[23:32:57] [Server thread/INFO]: La maldición de un Gato Galáctico ha comenzado en: -30, 45, 234
[23:32:57] [Server thread/INFO]: Un gato galáctico invocará un mob al azar en: 5
[23:32:58] [Server thread/INFO]: Un gato galáctico invocará un mob al azar en: 2
[23:32:58] [Server thread/INFO]: Un gato galáctico invocará un mob al azar en: 2
[23:32:58] [Server thread/INFO]: Un gato galáctico invocará un mob al azar en: 2
[23:32:58] [Server thread/INFO]: Un gato galáctico invocará un mob al azar en: 2
[23:32:58] [Server thread/INFO]: Un gato galáctico invocará un mob al azar en: 2
[23:32:58] [Server thread/INFO]: Un gato galáctico invocará un mob al azar en: 2
[23:32:58] [Server thread/INFO]: Un gato galáctico invocará un mob al azar en: 2
[23:32:58] [Server thread/INFO]: Un gato galáctico invocará un mob al azar en: 2
[23:32:58] [Server thread/INFO]: Un gato galáctico invocará un mob al azar en: 2
[23:32:58] [Server thread/INFO]: Un gato galáctico invocará un mob al azar en: 2
[23:32:58] [Server thread/INFO]: Un gato galáctico invocará un mob al azar en: 2
[23:32:58] [Server thread/INFO]: Un gato galáctico invocará un mob al azar en: 2
[23:32:58] [Server thread/INFO]: Un gato galáctico invocará un mob al azar en: 2
[23:32:58] [Server thread/INFO]: Un gato galáctico invocará un mob al azar en: 2
[23:32:58] [Server thread/INFO]: Un gato galáctico invocará un mob al azar en: 2
[23:32:58] [Server thread/INFO]: Un gato galáctico invocará un mob al azar en: 2
[23:32:58] [Server thread/INFO]: Un gato galáctico invocará un mob al azar en: 2
[23:32:58] [Server thread/INFO]: Un gato galáctico invocará un mob al azar en: 2
[23:32:58] [Server thread/INFO]: Un gato galáctico invocará un mob al azar en: 2
[23:32:58] [Server thread/INFO]: Un gato galáctico invocará un mob al azar en: 2
[23:32:58] [Server thread/INFO]: Un gato galáctico invocará un mob al azar en: 2
[23:32:58] [Server thread/INFO]: Un gato galáctico invocará un mob al azar en: 2
[23:32:58] [Server thread/INFO]: Un gato galáctico invocará un mob al azar en: 2
[23:32:58] [Server thread/INFO]: Un gato galáctico invocará un mob al azar en: 2
[23:32:58] [Server thread/INFO]: Un gato galáctico invocará un mob al azar en: 2
[23:32:58] [Server thread/INFO]: Un gato galáctico invocará un mob al azar en: 2
[23:32:58] [Server thread/INFO]: Un gato galáctico invocará un mob al azar en: 2
[23:32:58] [Server thread/INFO]: Un gato galáctico invocará un mob al azar en: 2
[23:32:58] [Server thread/INFO]: Un gato galáctico invocará un mob al azar en: 2
[23:32:58] [Server thread/INFO]: Un gato galáctico invocará un mob al azar en: 2
[23:32:58] [Server thread/INFO]: Un gato galáctico invocará un mob al azar en: 2
[23:32:58] [Server thread/INFO]: Un gato galáctico invocará un mob al azar en: 2
[23:32:58] [Server thread/INFO]: Un gato galáctico invocará un mob al azar en: 2
[23:32:58] [Server thread/INFO]: Un gato galáctico invocará un mob al azar en: 2
[23:32:58] [Server thread/INFO]: Un gato galáctico invocará un mob al azar en: 2
[23:32:58] [Server thread/INFO]: Un gato galáctico invocará un mob al azar en: 2
[23:32:58] [Server thread/INFO]: Un gato galáctico invocará un mob al azar en: 2
[23:32:58] [Server thread/INFO]: Un gato galáctico invocará un mob al azar en: 2
[23:32:58] [Server thread/INFO]: Un gato galáctico invocará un mob al azar en: 2
[23:32:58] [Server thread/INFO]: Un gato galáctico invocará un mob al azar en: 2
[23:32:58] [Server thread/INFO]: Un gato galáctico invocará un mob al azar en: 2
[23:32:58] [Server thread/INFO]: Un gato galáctico invocará un mob al azar en: 2
[23:32:58] [Server thread/INFO]: Un gato galáctico invocará un mob al azar en: 2
[23:32:58] [Server thread/INFO]: Un gato galáctico invocará un mob al azar en: 2
[23:32:58] [Server thread/INFO]: Un gato galáctico invocará un mob al azar en: 2
[23:32:58] [Server thread/INFO]: Un gato galáctico invocará un mob al azar en: 2
[23:32:58] [Server thread/INFO]: Un gato galáctico invocará un mob al azar en: 2
[23:32:58] [Server thread/INFO]: Un gato galáctico invocará un mob al azar en: 2
[23:32:58] [Server thread/INFO]: Un gato galáctico invocará un mob al azar en: 2
[23:32:58] [Server thread/INFO]: Un gato galáctico invocará un mob al azar en: 2
[23:32:58] [Server thread/INFO]: Un gato galáctico invocará un mob al azar en: 2
[23:32:58] [Server thread/INFO]: Un gato galáctico invocará un mob al azar en: 2
[23:32:58] [Server thread/INFO]: Un gato galáctico invocará un mob al azar en: 2
[23:32:58] [Server thread/INFO]: Un gato galáctico invocará un mob al azar en: 2
[23:32:58] [Server thread/INFO]: Un gato galáctico invocará un mob al azar en: 4
[23:32:59] [Server thread/INFO]: Un gato galáctico invocará un mob al azar en: 1
[23:32:59] [Server thread/INFO]: Un gato galáctico ha invicado un(a) Ghast Demoníaco (42.42241572900225, 62.74399589642061, 111.60873375693595
[23:32:59] [Server thread/INFO]: Un gato galáctico invocará un mob al azar en: 1
[23:32:59] [Server thread/INFO]: Un gato galáctico ha invicado un(a) Endermite Misterioso (42.65230814270911, 62.974492245149484, 108.98787226122894
[23:32:59] [Server thread/INFO]: Un gato galáctico invocará un mob al azar en: 1
[23:32:59] [Server thread/INFO]: Un gato galáctico ha invicado un(a) Wither Skeleton Emperador (41.170937425487494, 62.283225649784626, 107.73434236368279
[23:32:59] [Server thread/INFO]: Un gato galáctico invocará un mob al azar en: 1
[23:32:59] [Server thread/INFO]: Un gato galáctico ha invicado un(a) Araña con Efectos (41.307195756568795, 62.97576707690629, 108.3225050549254
[23:32:59] [Server thread/INFO]: Un gato galáctico invocará un mob al azar en: 1
[23:32:59] [Server thread/INFO]: Un gato galáctico ha invicado un(a) Giga Slime (41.60566159864706, 63.02322201862837, 110.14678912981535
[23:32:59] [Server thread/INFO]: Un gato galáctico invocará un mob al azar en: 1
[23:32:59] [Server thread/INFO]: Un gato galáctico ha invicado un(a) Bruja Imposible (41.98735201238998, 62.311715076201885, 110.34047784210522
[23:32:59] [Server thread/INFO]: Un gato galáctico invocará un mob al azar en: 1
[23:32:59] [Server thread/INFO]: Un gato galáctico ha invicado un(a) Ultra Ravager (41.7033908596628, 62.6452150205261, 111.74376345694874
[23:32:59] [Server thread/INFO]: Un gato galáctico invocará un mob al azar en: 1
[23:32:59] [Server thread/INFO]: Un gato galáctico ha invicado un(a) Shulker Tnt (41.59514793058695, 62.354014119534774, 109.50074965261591
[23:32:59] [Server thread/INFO]: Un gato galáctico invocará un mob al azar en: 1
[23:32:59] [Server thread/INFO]: Un gato galáctico ha invicado un(a) Gigante (41.60658333271083, 62.66798315512801, 110.64595770614699
[23:32:59] [Server thread/INFO]: Un gato galáctico invocará un mob al azar en: 1
[23:32:59] [Server thread/INFO]: Un gato galáctico ha invicado un(a) Giga Slime (38.05905413895826, 63.11922156422046, 111.2606361506206
[23:32:59] [Server thread/INFO]: Un gato galáctico invocará un mob al azar en: 1
[23:32:59] [Server thread/INFO]: Un gato galáctico ha invicado un(a) Ender Quantum Creeper (39.686811244947265, 62.46987606693233, 110.56983188528064
[23:32:59] [Server thread/INFO]: Un gato galáctico invocará un mob al azar en: 1
[23:32:59] [Server thread/INFO]: Un gato galáctico ha invicado un(a) Araña con Efectos (38.41616507912695, 62.231687661436204, 111.21765534032998
[23:32:59] [Server thread/INFO]: Un gato galáctico invocará un mob al azar en: 1
[23:32:59] [Server thread/INFO]: Un gato galáctico ha invicado un(a) Gigante (38.13697986268512, 63.00355843277381, 110.71974319070789
[23:32:59] [Server thread/INFO]: Un gato galáctico invocará un mob al azar en: 1
[23:32:59] [Server thread/INFO]: Un gato galáctico ha invicado un(a) Giga Slime (37.94744627430959, 63.034218851631266, 108.76643768819059
[23:32:59] [Server thread/INFO]: Un gato galáctico invocará un mob al azar en: 1
[23:32:59] [Server thread/INFO]: Un gato galáctico ha invicado un(a) Gato Supernova (38.95925862782557, 62.23003667711617, 111.6846167212342
[23:32:59] [Server thread/INFO]: Un gato galáctico invocará un mob al azar en: 1
[23:32:59] [Server thread/INFO]: Un gato galáctico ha invicado un(a) Permadeath Demon (38.935298043593306, 62.966530448411056, 111.06423768960984
[23:32:59] [Server thread/INFO]: Un gato galáctico invocará un mob al azar en: 1
[23:32:59] [Server thread/INFO]: Un gato galáctico ha invicado un(a) Ultra Ravager (39.888539781067315, 62.439862802207664, 111.46641781368714
[23:32:59] [Server thread/INFO]: Un gato galáctico invocará un mob al azar en: 1
[23:32:59] [Server thread/INFO]: Un gato galáctico ha invicado un(a) Endermite Misterioso (41.125143772023705, 62.642899399172414, 110.18952325403033
[23:32:59] [Server thread/INFO]: Un gato galáctico invocará un mob al azar en: 1
[23:32:59] [Server thread/INFO]: Un gato galáctico ha invicado un(a) Gigante (40.74160349128397, 62.588996392468076, 111.08053760307332
[23:32:59] [Server thread/INFO]: Un gato galáctico invocará un mob al azar en: 1
[23:32:59] [Server thread/INFO]: Un gato galáctico ha invicado un(a) Gigante (40.35258781034792, 62.5631207225371, 106.9575718553113
[23:32:59] [Server thread/INFO]: Un gato galáctico invocará un mob al azar en: 1
[23:32:59] [Server thread/INFO]: Un gato galáctico ha invicado un(a) Giga Phantom (40.451157429853744, 62.401784580432796, 110.24154788159098
[23:32:59] [Server thread/INFO]: Un gato galáctico invocará un mob al azar en: 1
[23:32:59] [Server thread/INFO]: Un gato galáctico ha invicado un(a) Esqueleto de Clase (39.79059680604141, 62.754092622140995, 109.2559790403372
[23:32:59] [Server thread/INFO]: Un gato galáctico invocará un mob al azar en: 1
[23:32:59] [Server thread/INFO]: Un gato galáctico ha invicado un(a) Giga Slime (40.36504429923685, 62.867659413275064, 109.75072428132283
[23:32:59] [Server thread/INFO]: Un gato galáctico invocará un mob al azar en: 1
[23:32:59] [Server thread/INFO]: Un gato galáctico ha invicado un(a) Ender Quantum Creeper (40.74017249913589, 62.61975555147152, 108.48326680848606
[23:32:59] [Server thread/INFO]: Un gato galáctico invocará un mob al azar en: 1
[23:32:59] [Server thread/INFO]: Un gato galáctico ha invicado un(a) Gato Supernova (39.5, 62.960902187438286, 108.5
[23:32:59] [Server thread/INFO]: Un gato galáctico invocará un mob al azar en: 1
[23:32:59] [Server thread/INFO]: Un gato galáctico ha invicado un(a) Ender Quantum Creeper (38.786772169700455, 62.70068481924467, 109.36301928254858
[23:32:59] [Server thread/INFO]: Un gato galáctico invocará un mob al azar en: 1
[23:32:59] [Server thread/INFO]: Un gato galáctico ha invicado un(a) Gigante (36.99396447379618, 62.51334138779188, 110.77730561357171
[23:32:59] [Server thread/INFO]: Un gato galáctico invocará un mob al azar en: 1
[23:32:59] [Server thread/INFO]: Un gato galáctico ha invicado un(a) Quantum Creeper (38.187887252762394, 62.5988890678222, 109.75248185102868
[23:32:59] [Server thread/INFO]: Un gato galáctico invocará un mob al azar en: 1
[23:32:59] [Server thread/INFO]: Un gato galáctico ha invicado un(a) Ender Quantum Creeper (37.70703733744857, 62.74988410408212, 110.8178718633944
[23:32:59] [Server thread/INFO]: Un gato galáctico invocará un mob al azar en: 1
[23:32:59] [Server thread/INFO]: Un gato galáctico ha invicado un(a) Demonio Flotante (36.64178482266628, 62.69711198265015, 111.0300099550949
[23:32:59] [Server thread/INFO]: Un gato galáctico invocará un mob al azar en: 1
[23:32:59] [Server thread/INFO]: Un gato galáctico ha invicado un(a) Gigante (36.5, 63.03870227951077, 110.5
[23:32:59] [Server thread/INFO]: Un gato galáctico invocará un mob al azar en: 1
[23:32:59] [Server thread/INFO]: Un gato galáctico ha invicado un(a) Ultra Ravager (34.56494574797122, 62.70619383954211, 110.31707200381662
[23:32:59] [Server thread/INFO]: Un gato galáctico invocará un mob al azar en: 1
[23:32:59] [Server thread/INFO]: Un gato galáctico ha invicado un(a) Pufferfish invulnerable (40.90894089909622, 62.985171171527895, 114.01437627510772
[23:32:59] [Server thread/INFO]: Un gato galáctico invocará un mob al azar en: 1
[23:32:59] [Server thread/INFO]: Un gato galáctico ha invicado un(a) Giga Phantom (40.61074372395309, 62.57180867679522, 113.03005705549718
[23:32:59] [Server thread/INFO]: Un gato galáctico invocará un mob al azar en: 1
[23:32:59] [Server thread/INFO]: Un gato galáctico ha invicado un(a) Giga Slime (37.84019632102457, 62.22605054638156, 112.71466388784634
[23:32:59] [Server thread/INFO]: Un gato galáctico invocará un mob al azar en: 1
[23:32:59] [Server thread/INFO]: Un gato galáctico ha invicado un(a) Gigante (41.92339096458933, 62.955128952572494, 112.82881937649238
[23:32:59] [Server thread/INFO]: Un gato galáctico invocará un mob al azar en: 1
[23:32:59] [Server thread/INFO]: Un gato galáctico ha invicado un(a) Bruja Imposible (40.429971252033404, 62.33685140181445, 112.3717851674834
[23:32:59] [Server thread/INFO]: Un gato galáctico invocará un mob al azar en: 1
[23:32:59] [Server thread/INFO]: Un gato galáctico ha invicado un(a) Silverfish de la Muerte (41.41313679429037, 62.98239318673782, 112.61895913504361
[23:32:59] [Server thread/INFO]: Un gato galáctico invocará un mob al azar en: 1
[23:32:59] [Server thread/INFO]: Un gato galáctico ha invicado un(a) Ultra Ravager (38.863450316110516, 62.96592196463849, 112.3675708487737
[23:32:59] [Server thread/INFO]: Un gato galáctico invocará un mob al azar en: 1
[23:32:59] [Server thread/INFO]: Un gato galáctico ha invicado un(a) Pufferfish invulnerable (44.390932160181514, 62.371303481151635, 114.05041175898414
[23:32:59] [Server thread/INFO]: Un gato galáctico invocará un mob al azar en: 1
[23:32:59] [Server thread/INFO]: Un gato galáctico ha invicado un(a) Pufferfish invulnerable (42.45944008884892, 62.6114252106819, 113.13888063997257
[23:32:59] [Server thread/INFO]: Un gato galáctico invocará un mob al azar en: 1
[23:32:59] [Server thread/INFO]: Un gato galáctico ha invicado un(a) Silverfish de la Muerte (41.34225112006586, 62.47699366205684, 113.055714156982
[23:32:59] [Server thread/INFO]: Un gato galáctico invocará un mob al azar en: 1
[23:32:59] [Server thread/INFO]: Un gato galáctico ha invicado un(a) Giga Phantom (39.14663935164595, 62.52315904688125, 113.23625115925248
[23:32:59] [Server thread/INFO]: Un gato galáctico invocará un mob al azar en: 1
[23:32:59] [Server thread/INFO]: Un gato galáctico ha invicado un(a) Bruja Imposible (39.81419264154285, 62.98210213697812, 112.17419280845594
[23:32:59] [Server thread/INFO]: Un gato galáctico invocará un mob al azar en: 1
[23:32:59] [Server thread/INFO]: Un gato galáctico ha invicado un(a) Giga Slime (41.0648180981412, 62.13982511796418, 112.11057603937611
[23:32:59] [Server thread/INFO]: Un gato galáctico invocará un mob al azar en: 1
[23:32:59] [Server thread/INFO]: Un gato galáctico ha invicado un(a) Giga Slime (39.43606885336201, 63.05013178407278, 112.05638342228478
[23:32:59] [Server thread/INFO]: Un gato galáctico invocará un mob al azar en: 1
[23:32:59] [Server thread/INFO]: Un gato galáctico ha invicado un(a) Ultra Ravager (36.68280777752481, 62.55114121977956, 112.69635763217282
[23:32:59] [Server thread/INFO]: Un gato galáctico invocará un mob al azar en: 1
[23:32:59] [Server thread/INFO]: Un gato galáctico ha invicado un(a) Esqueleto de Clase (37.5, 62.290412636519015, 113.5
[23:32:59] [Server thread/INFO]: Un gato galáctico invocará un mob al azar en: 1
[23:32:59] [Server thread/INFO]: Un gato galáctico ha invicado un(a) Pufferfish invulnerable (37.5, 62.42575047938715, 113.5
[23:32:59] [Server thread/INFO]: Un gato galáctico invocará un mob al azar en: 1
[23:32:59] [Server thread/INFO]: Un gato galáctico ha invicado un(a) Esqueleto de Clase (36.5, 62.96860174743366, 113.5
[23:32:59] [Server thread/INFO]: Un gato galáctico invocará un mob al azar en: 1
[23:32:59] [Server thread/INFO]: Un gato galáctico ha invicado un(a) Giga MagmaCube (36.04418163874009, 63.038104782656305, 112.0092059985423
[23:32:59] [Server thread/INFO]: Un gato galáctico invocará un mob al azar en: 1
[23:32:59] [Server thread/INFO]: Un gato galáctico ha invicado un(a) Pufferfish invulnerable (37.5, 62.794702880405744, 113.5
[23:32:59] [Server thread/INFO]: Un gato galáctico invocará un mob al azar en: 1
[23:32:59] [Server thread/INFO]: Un gato galáctico ha invicado un(a) Ultra Ravager (37.5, 62.17525787655818, 115.5
[23:32:59] [Server thread/INFO]: Un gato galáctico invocará un mob al azar en: 1
[23:32:59] [Server thread/ERROR]: Could not pass event CreatureSpawnEvent to Permadeath v1.3
java.lang.NullPointerException: null
	at tech.sebazcrc.permadeath.nms.v1_16_R3.NMSHandlerImpl.spawnNMSEntity(NMSHandlerImpl.java:326) ~[?:?]
	at tech.sebazcrc.permadeath.event.entity.SpawnListener.onSpawn(SpawnListener.java:127) ~[?:?]
	at com.destroystokyo.paper.event.executor.asm.generated.GeneratedEventExecutor9.execute(Unknown Source) ~[?:?]
	at org.bukkit.plugin.EventExecutor.lambda$create$1(EventExecutor.java:69) ~[patched_1.16.5.jar:git-Paper-794]
	at co.aikar.timings.TimedEventExecutor.execute(TimedEventExecutor.java:80) ~[patched_1.16.5.jar:git-Paper-794]
	at org.bukkit.plugin.RegisteredListener.callEvent(RegisteredListener.java:70) ~[patched_1.16.5.jar:git-Paper-794]
	at org.bukkit.plugin.SimplePluginManager.callEvent(SimplePluginManager.java:624) ~[patched_1.16.5.jar:git-Paper-794]
	at org.bukkit.craftbukkit.v1_16_R3.event.CraftEventFactory.callCreatureSpawnEvent(CraftEventFactory.java:722) ~[patched_1.16.5.jar:git-Paper-794]
	at org.bukkit.craftbukkit.v1_16_R3.event.CraftEventFactory.doEntityAddEventCalling(CraftEventFactory.java:640) ~[patched_1.16.5.jar:git-Paper-794]
	at net.minecraft.server.v1_16_R3.WorldServer.addEntity0(WorldServer.java:1302) ~[patched_1.16.5.jar:git-Paper-794]
	at net.minecraft.server.v1_16_R3.WorldServer.addEntity(WorldServer.java:1203) ~[patched_1.16.5.jar:git-Paper-794]
	at net.minecraft.server.v1_16_R3.WorldAccess.lambda$addAllEntities$0(WorldAccess.java:16) ~[patched_1.16.5.jar:git-Paper-794]
	at java.util.stream.Streams$StreamBuilderImpl.forEachRemaining(Streams.java:411) ~[?:?]
	at java.util.stream.Streams$ConcatSpliterator.forEachRemaining(Streams.java:734) ~[?:?]
	at java.util.stream.ReferencePipeline$Head.forEach(ReferencePipeline.java:658) ~[?:?]
	at net.minecraft.server.v1_16_R3.WorldAccess.addAllEntities(WorldAccess.java:16) ~[patched_1.16.5.jar:git-Paper-794]
	at net.minecraft.server.v1_16_R3.EntityTypes.spawnCreature(EntityTypes.java:346) ~[patched_1.16.5.jar:git-Paper-794]
	at net.minecraft.server.v1_16_R3.EntityTypes.spawnCreature(EntityTypes.java:323) ~[patched_1.16.5.jar:git-Paper-794]
	at tech.sebazcrc.permadeath.nms.v1_16_R3.NMSHandlerImpl.spawnNMSEntity(NMSHandlerImpl.java:326) ~[?:?]
	at tech.sebazcrc.permadeath.task.GatoGalacticoTask.run(GatoGalacticoTask.java:170) ~[?:?]
	at org.bukkit.craftbukkit.v1_16_R3.scheduler.CraftTask.run(CraftTask.java:101) ~[patched_1.16.5.jar:git-Paper-794]
	at org.bukkit.craftbukkit.v1_16_R3.scheduler.CraftScheduler.mainThreadHeartbeat(CraftScheduler.java:485) ~[patched_1.16.5.jar:git-Paper-794]
	at net.minecraft.server.v1_16_R3.MinecraftServer.b(MinecraftServer.java:1432) ~[patched_1.16.5.jar:git-Paper-794]
	at net.minecraft.server.v1_16_R3.DedicatedServer.b(DedicatedServer.java:436) ~[patched_1.16.5.jar:git-Paper-794]
	at net.minecraft.server.v1_16_R3.MinecraftServer.a(MinecraftServer.java:1347) ~[patched_1.16.5.jar:git-Paper-794]
	at net.minecraft.server.v1_16_R3.MinecraftServer.w(MinecraftServer.java:1135) ~[patched_1.16.5.jar:git-Paper-794]
	at net.minecraft.server.v1_16_R3.MinecraftServer.lambda$a$0(MinecraftServer.java:291) ~[patched_1.16.5.jar:git-Paper-794]
	at java.lang.Thread.run(Thread.java:829) [?:?]
[23:32:59] [Server thread/INFO]: Un gato galáctico ha invicado un(a) Giga Phantom (45.6897906241988, 72.0, 248.55421274425913
[23:32:59] [Server thread/INFO]: Un gato galáctico invocará un mob al azar en: 3
[23:33:00] [Server thread/INFO]: Un gato galáctico invocará un mob al azar en: 2
[23:33:01] [Server thread/INFO]: Un gato galáctico invocará un mob al azar en: 1
[23:33:01] [Server thread/INFO]: Un gato galáctico ha invicado un(a) Giga Phantom (-30.767609430345516, 45.650000005960464, 234.84999999403954
[23:33:37] [Server thread/INFO]: La maldición de un Gato Galáctico ha comenzado en: -69, 62, 72
[23:33:37] [Server thread/INFO]: La maldición de un Gato Galáctico ha comenzado en: -69, 62, 72
[23:33:37] [Server thread/INFO]: La maldición de un Gato Galáctico ha comenzado en: -68, 62, 72
[23:33:37] [Server thread/INFO]: La maldición de un Gato Galáctico ha comenzado en: -68, 62, 72
[23:33:37] [Server thread/INFO]: La maldición de un Gato Galáctico ha comenzado en: -68, 62, 72
[23:33:37] [Server thread/INFO]: La maldición de un Gato Galáctico ha comenzado en: -68, 62, 72
[23:33:37] [Server thread/INFO]: La maldición de un Gato Galáctico ha comenzado en: -68, 62, 72
[23:33:37] [Server thread/INFO]: La maldición de un Gato Galáctico ha comenzado en: -69, 62, 72
[23:33:37] [Server thread/INFO]: La maldición de un Gato Galáctico ha comenzado en: -69, 62, 73
[23:33:37] [Server thread/INFO]: La maldición de un Gato Galáctico ha comenzado en: -69, 62, 73
[23:33:37] [Server thread/INFO]: La maldición de un Gato Galáctico ha comenzado en: -69, 62, 73
[23:33:37] [Server thread/INFO]: La maldición de un Gato Galáctico ha comenzado en: -68, 62, 73
[23:33:37] [Server thread/INFO]: La maldición de un Gato Galáctico ha comenzado en: -67, 62, 73
[23:33:37] [Server thread/INFO]: La maldición de un Gato Galáctico ha comenzado en: -67, 62, 73
[23:33:37] [Server thread/INFO]: La maldición de un Gato Galáctico ha comenzado en: -67, 63, 73
[23:33:37] [Server thread/INFO]: La maldición de un Gato Galáctico ha comenzado en: -66, 62, 73
[23:33:37] [Server thread/INFO]: La maldición de un Gato Galáctico ha comenzado en: -64, 62, 73
[23:33:37] [Server thread/INFO]: La maldición de un Gato Galáctico ha comenzado en: -65, 62, 74
[23:33:37] [Server thread/INFO]: La maldición de un Gato Galáctico ha comenzado en: -66, 63, 75
[23:33:37] [Server thread/INFO]: La maldición de un Gato Galáctico ha comenzado en: -66, 62, 77
[23:33:37] [Server thread/INFO]: La maldición de un Gato Galáctico ha comenzado en: -67, 62, 78
[23:33:37] [Server thread/INFO]: La maldición de un Gato Galáctico ha comenzado en: -68, 62, 80
[23:33:37] [Server thread/INFO]: La maldición de un Gato Galáctico ha comenzado en: -68, 62, 82
[23:33:37] [Server thread/INFO]: La maldición de un Gato Galáctico ha comenzado en: -67, 62, 83
[23:33:37] [Server thread/INFO]: La maldición de un Gato Galáctico ha comenzado en: -66, 62, 84
[23:33:37] [Server thread/INFO]: La maldición de un Gato Galáctico ha comenzado en: -66, 62, 84
[23:33:37] [Server thread/INFO]: La maldición de un Gato Galáctico ha comenzado en: -65, 62, 83
[23:33:37] [Server thread/INFO]: La maldición de un Gato Galáctico ha comenzado en: -64, 62, 84
[23:33:37] [Server thread/INFO]: La maldición de un Gato Galáctico ha comenzado en: -65, 62, 87
[23:33:37] [Server thread/INFO]: La maldición de un Gato Galáctico ha comenzado en: -63, 62, 73
[23:33:37] [Server thread/INFO]: La maldición de un Gato Galáctico ha comenzado en: -61, 62, 72
[23:33:37] [Server thread/INFO]: La maldición de un Gato Galáctico ha comenzado en: -59, 62, 72
[23:33:37] [Server thread/INFO]: La maldición de un Gato Galáctico ha comenzado en: -57, 62, 72
[23:33:37] [Server thread/INFO]: La maldición de un Gato Galáctico ha comenzado en: -55, 62, 72
[23:33:37] [Server thread/INFO]: La maldición de un Gato Galáctico ha comenzado en: -53, 62, 72
[23:33:37] [Server thread/INFO]: La maldición de un Gato Galáctico ha comenzado en: -52, 62, 72
[23:33:37] [Server thread/INFO]: La maldición de un Gato Galáctico ha comenzado en: -52, 62, 72
[23:33:37] [Server thread/INFO]: La maldición de un Gato Galáctico ha comenzado en: -53, 62, 72
[23:33:37] [Server thread/INFO]: La maldición de un Gato Galáctico ha comenzado en: -54, 62, 72
[23:33:37] [Server thread/INFO]: La maldición de un Gato Galáctico ha comenzado en: -56, 62, 72
[23:33:37] [Server thread/INFO]: La maldición de un Gato Galáctico ha comenzado en: -58, 62, 72
[23:33:37] [Server thread/INFO]: La maldición de un Gato Galáctico ha comenzado en: -59, 62, 72
[23:33:37] [Server thread/INFO]: La maldición de un Gato Galáctico ha comenzado en: -61, 62, 72
[23:33:37] [Server thread/INFO]: La maldición de un Gato Galáctico ha comenzado en: -63, 62, 73
[23:33:37] [Server thread/INFO]: La maldición de un Gato Galáctico ha comenzado en: -62, 63, 84
[23:33:37] [Server thread/INFO]: La maldición de un Gato Galáctico ha comenzado en: -62, 62, 85
[23:33:37] [Server thread/INFO]: La maldición de un Gato Galáctico ha comenzado en: -63, 63, 86
[23:33:37] [Server thread/INFO]: La maldición de un Gato Galáctico ha comenzado en: -63, 62, 87
[23:33:37] [Server thread/INFO]: La maldición de un Gato Galáctico ha comenzado en: -60, 62, 87
[23:33:37] [Server thread/INFO]: La maldición de un Gato Galáctico ha comenzado en: -62, 62, 87
[23:33:37] [Server thread/INFO]: La maldición de un Gato Galáctico ha comenzado en: -60, 62, 88
[23:33:37] [Server thread/INFO]: La maldición de un Gato Galáctico ha comenzado en: -62, 62, 86
[23:33:37] [Server thread/INFO]: La maldición de un Gato Galáctico ha comenzado en: -60, 63, 84
[23:33:37] [Server thread/INFO]: La maldición de un Gato Galáctico ha comenzado en: -58, 62, 86
[23:33:37] [Server thread/INFO]: La maldición de un Gato Galáctico ha comenzado en: -59, 62, 85
[23:33:37] [Server thread/INFO]: La maldición de un Gato Galáctico ha comenzado en: -60, 62, 85
[23:33:37] [Server thread/INFO]: La maldición de un Gato Galáctico ha comenzado en: -61, 62, 87
[23:33:37] [Server thread/INFO]: La maldición de un Gato Galáctico ha comenzado en: -60, 62, 86
[23:33:37] [Server thread/INFO]: La maldición de un Gato Galáctico ha comenzado en: -58, 62, 87
[23:33:37] [Server thread/INFO]: La maldición de un Gato Galáctico ha comenzado en: -59, 62, 89
[23:33:37] [Server thread/INFO]: La maldición de un Gato Galáctico ha comenzado en: -59, 62, 89
[23:33:37] [Server thread/INFO]: La maldición de un Gato Galáctico ha comenzado en: -59, 63, 91
[23:33:37] [Server thread/INFO]: La maldición de un Gato Galáctico ha comenzado en: -59, 62, 92
[23:33:37] [Server thread/INFO]: La maldición de un Gato Galáctico ha comenzado en: -61, 62, 92
[23:33:37] [Server thread/INFO]: La maldición de un Gato Galáctico ha comenzado en: -60, 62, 93
[23:33:37] [Server thread/INFO]: La maldición de un Gato Galáctico ha comenzado en: -58, 62, 93
[23:33:37] [Server thread/INFO]: La maldición de un Gato Galáctico ha comenzado en: -59, 62, 93
[23:33:37] [Server thread/INFO]: La maldición de un Gato Galáctico ha comenzado en: -60, 62, 94
[23:33:37] [Server thread/INFO]: La maldición de un Gato Galáctico ha comenzado en: -60, 62, 94
[23:33:37] [Server thread/INFO]: La maldición de un Gato Galáctico ha comenzado en: -63, 61, 94
[23:33:37] [Server thread/INFO]: La maldición de un Gato Galáctico ha comenzado en: -61, 62, 95
[23:33:37] [Server thread/INFO]: La maldición de un Gato Galáctico ha comenzado en: -60, 62, 94
[23:33:37] [Server thread/INFO]: La maldición de un Gato Galáctico ha comenzado en: -61, 62, 95
[23:33:37] [Server thread/INFO]: La maldición de un Gato Galáctico ha comenzado en: -59, 62, 94
[23:33:37] [Server thread/INFO]: La maldición de un Gato Galáctico ha comenzado en: -61, 62, 95
[23:33:37] [Server thread/INFO]: La maldición de un Gato Galáctico ha comenzado en: -59, 62, 93
[23:33:37] [Server thread/INFO]: La maldición de un Gato Galáctico ha comenzado en: -58, 62, 95
[23:33:37] [Server thread/INFO]: La maldición de un Gato Galáctico ha comenzado en: -60, 62, 97
[23:33:37] [Server thread/INFO]: La maldición de un Gato Galáctico ha comenzado en: -60, 62, 97
[23:33:37] [Server thread/INFO]: La maldición de un Gato Galáctico ha comenzado en: -59, 63, 97
[23:33:37] [Server thread/INFO]: La maldición de un Gato Galáctico ha comenzado en: -60, 62, 96
[23:33:38] [Server thread/INFO]: La maldición de un Gato Galáctico ha comenzado en: -30, 46, 233
[23:33:39] [Async Chat Thread - #18/INFO]: <TTottaly_RED> q mrd con los dragones
[23:33:39] [Server thread/INFO]: La maldición de un Gato Galáctico ha comenzado en: -10, 37, 228
[23:33:39] [Server thread/INFO]: La maldición de un Gato Galáctico ha comenzado en: -8, 40, 239
[23:33:39] [Server thread/INFO]: La maldición de un Gato Galáctico ha comenzado en: 0, 73, 284
[23:33:39] [Server thread/INFO]: La maldición de un Gato Galáctico ha comenzado en: -9, 71, 272
[23:33:40] [Server thread/INFO]: La maldición de un Gato Galáctico ha comenzado en: 2, 74, 279
[23:33:40] [Server thread/INFO]: La maldición de un Gato Galáctico ha comenzado en: 12, 73, 280
[23:33:40] [Server thread/INFO]: La maldición de un Gato Galáctico ha comenzado en: 13, 74, 289
[23:33:40] [Server thread/INFO]: La maldición de un Gato Galáctico ha comenzado en: 23, 75, 265
[23:33:40] [Server thread/INFO]: La maldición de un Gato Galáctico ha comenzado en: 22, 74, 271
[23:33:40] [Server thread/INFO]: La maldición de un Gato Galáctico ha comenzado en: 20, 75, 262
[23:33:41] [Server thread/INFO]: Un gato galáctico invocará un mob al azar en: 5
[23:33:41] [Server thread/INFO]: Un gato galáctico invocará un mob al azar en: 5
[23:33:41] [Server thread/INFO]: Un gato galáctico invocará un mob al azar en: 5
[23:33:41] [Server thread/INFO]: Un gato galáctico invocará un mob al azar en: 5
[23:33:41] [Server thread/INFO]: Un gato galáctico invocará un mob al azar en: 5
[23:33:41] [Server thread/INFO]: Un gato galáctico invocará un mob al azar en: 5
[23:33:41] [Server thread/INFO]: Un gato galáctico invocará un mob al azar en: 5
[23:33:41] [Server thread/INFO]: Un gato galáctico invocará un mob al azar en: 5
[23:33:41] [Server thread/INFO]: Un gato galáctico invocará un mob al azar en: 5
[23:33:41] [Server thread/INFO]: Un gato galáctico invocará un mob al azar en: 5
[23:33:41] [Server thread/INFO]: Un gato galáctico invocará un mob al azar en: 5
[23:33:41] [Server thread/INFO]: Un gato galáctico invocará un mob al azar en: 5
[23:33:41] [Server thread/INFO]: Un gato galáctico invocará un mob al azar en: 5
[23:33:41] [Server thread/INFO]: Un gato galáctico invocará un mob al azar en: 5
[23:33:41] [Server thread/INFO]: Un gato galáctico invocará un mob al azar en: 5
[23:33:41] [Server thread/INFO]: Un gato galáctico invocará un mob al azar en: 5
[23:33:41] [Server thread/INFO]: Un gato galáctico invocará un mob al azar en: 5
[23:33:41] [Server thread/INFO]: Un gato galáctico invocará un mob al azar en: 5
[23:33:41] [Server thread/INFO]: Un gato galáctico invocará un mob al azar en: 5
[23:33:41] [Server thread/INFO]: Un gato galáctico invocará un mob al azar en: 5
[23:33:41] [Server thread/INFO]: Un gato galáctico invocará un mob al azar en: 5
[23:33:41] [Server thread/INFO]: Un gato galáctico invocará un mob al azar en: 5
[23:33:41] [Server thread/INFO]: Un gato galáctico invocará un mob al azar en: 5
[23:33:41] [Server thread/INFO]: Un gato galáctico invocará un mob al azar en: 5
[23:33:41] [Server thread/INFO]: Un gato galáctico invocará un mob al azar en: 5
[23:33:41] [Server thread/INFO]: Un gato galáctico invocará un mob al azar en: 5
[23:33:41] [Server thread/INFO]: Un gato galáctico invocará un mob al azar en: 5
[23:33:41] [Server thread/INFO]: Un gato galáctico invocará un mob al azar en: 5
[23:33:41] [Server thread/INFO]: Un gato galáctico invocará un mob al azar en: 5
[23:33:41] [Server thread/INFO]: Un gato galáctico invocará un mob al azar en: 5
[23:33:41] [Server thread/INFO]: Un gato galáctico invocará un mob al azar en: 5
[23:33:41] [Server thread/INFO]: Un gato galáctico invocará un mob al azar en: 5
[23:33:41] [Server thread/INFO]: Un gato galáctico invocará un mob al azar en: 5
[23:33:41] [Server thread/INFO]: Un gato galáctico invocará un mob al azar en: 5
[23:33:41] [Server thread/INFO]: Un gato galáctico invocará un mob al azar en: 5
[23:33:41] [Server thread/INFO]: Un gato galáctico invocará un mob al azar en: 5
[23:33:41] [Server thread/INFO]: Un gato galáctico invocará un mob al azar en: 5
[23:33:41] [Server thread/INFO]: Un gato galáctico invocará un mob al azar en: 5
[23:33:41] [Server thread/INFO]: Un gato galáctico invocará un mob al azar en: 5
[23:33:41] [Server thread/INFO]: Un gato galáctico invocará un mob al azar en: 5
[23:33:41] [Server thread/INFO]: Un gato galáctico invocará un mob al azar en: 5
[23:33:41] [Server thread/INFO]: Un gato galáctico invocará un mob al azar en: 5
[23:33:41] [Server thread/INFO]: Un gato galáctico invocará un mob al azar en: 5
[23:33:41] [Server thread/INFO]: Un gato galáctico invocará un mob al azar en: 5
[23:33:41] [Server thread/INFO]: Un gato galáctico invocará un mob al azar en: 5
[23:33:41] [Server thread/INFO]: Un gato galáctico invocará un mob al azar en: 5
[23:33:41] [Server thread/INFO]: Un gato galáctico invocará un mob al azar en: 5
[23:33:41] [Server thread/INFO]: Un gato galáctico invocará un mob al azar en: 5
[23:33:41] [Server thread/INFO]: Un gato galáctico invocará un mob al azar en: 5
[23:33:41] [Server thread/INFO]: Un gato galáctico invocará un mob al azar en: 5
[23:33:41] [Server thread/INFO]: Un gato galáctico invocará un mob al azar en: 5
[23:33:41] [Server thread/INFO]: Un gato galáctico invocará un mob al azar en: 5
[23:33:41] [Server thread/INFO]: Un gato galáctico invocará un mob al azar en: 5
[23:33:41] [Server thread/INFO]: Un gato galáctico invocará un mob al azar en: 5
[23:33:41] [Server thread/INFO]: Un gato galáctico invocará un mob al azar en: 5
[23:33:41] [Server thread/INFO]: Un gato galáctico invocará un mob al azar en: 5
[23:33:41] [Server thread/INFO]: Un gato galáctico invocará un mob al azar en: 5
[23:33:41] [Server thread/INFO]: Un gato galáctico invocará un mob al azar en: 5
[23:33:41] [Server thread/INFO]: Un gato galáctico invocará un mob al azar en: 5
[23:33:41] [Server thread/INFO]: Un gato galáctico invocará un mob al azar en: 5
[23:33:41] [Server thread/INFO]: Un gato galáctico invocará un mob al azar en: 5
[23:33:41] [Server thread/INFO]: Un gato galáctico invocará un mob al azar en: 5
[23:33:41] [Server thread/INFO]: Un gato galáctico invocará un mob al azar en: 5
[23:33:41] [Server thread/INFO]: Un gato galáctico invocará un mob al azar en: 5
[23:33:41] [Server thread/INFO]: Un gato galáctico invocará un mob al azar en: 5
[23:33:41] [Server thread/INFO]: Un gato galáctico invocará un mob al azar en: 5
[23:33:41] [Server thread/INFO]: Un gato galáctico invocará un mob al azar en: 5
[23:33:41] [Server thread/INFO]: Un gato galáctico invocará un mob al azar en: 5
[23:33:41] [Server thread/INFO]: Un gato galáctico invocará un mob al azar en: 5
[23:33:41] [Server thread/INFO]: Un gato galáctico invocará un mob al azar en: 5
[23:33:41] [Server thread/INFO]: Un gato galáctico invocará un mob al azar en: 5
[23:33:41] [Server thread/INFO]: Un gato galáctico invocará un mob al azar en: 5
[23:33:41] [Server thread/INFO]: Un gato galáctico invocará un mob al azar en: 5
[23:33:41] [Server thread/INFO]: Un gato galáctico invocará un mob al azar en: 5
[23:33:41] [Server thread/INFO]: Un gato galáctico invocará un mob al azar en: 5
[23:33:41] [Server thread/INFO]: Un gato galáctico invocará un mob al azar en: 5
[23:33:41] [Server thread/INFO]: Un gato galáctico invocará un mob al azar en: 5
[23:33:41] [Server thread/INFO]: Un gato galáctico invocará un mob al azar en: 5
[23:33:41] [Server thread/INFO]: Un gato galáctico invocará un mob al azar en: 5
[23:33:41] [Server thread/INFO]: Un gato galáctico invocará un mob al azar en: 5
[23:33:41] [Server thread/INFO]: Un gato galáctico invocará un mob al azar en: 5
[23:33:41] [Server thread/INFO]: Un gato galáctico invocará un mob al azar en: 5
[23:33:41] [Server thread/INFO]: Un gato galáctico invocará un mob al azar en: 5
[23:33:41] [Server thread/INFO]: Un gato galáctico invocará un mob al azar en: 5
[23:33:41] [Server thread/INFO]: Un gato galáctico invocará un mob al azar en: 5
[23:33:41] [Server thread/INFO]: Un gato galáctico invocará un mob al azar en: 5
[23:33:41] [Server thread/INFO]: Un gato galáctico invocará un mob al azar en: 5
[23:33:41] [Server thread/INFO]: Un gato galáctico invocará un mob al azar en: 5
[23:33:41] [Server thread/INFO]: Un gato galáctico invocará un mob al azar en: 5
[23:33:41] [Server thread/INFO]: Un gato galáctico invocará un mob al azar en: 5
[23:33:41] [Server thread/INFO]: Un gato galáctico invocará un mob al azar en: 5
[23:33:41] [Server thread/INFO]: Un gato galáctico invocará un mob al azar en: 5
[23:33:41] [Server thread/INFO]: Un gato galáctico invocará un mob al azar en: 4
[23:33:41] [Server thread/INFO]: Un gato galáctico invocará un mob al azar en: 4
[23:33:41] [Server thread/INFO]: Un gato galáctico invocará un mob al azar en: 4
[23:33:41] [Server thread/INFO]: Un gato galáctico invocará un mob al azar en: 4
[23:33:41] [Server thread/INFO]: Un gato galáctico invocará un mob al azar en: 4
[23:33:41] [Server thread/INFO]: Un gato galáctico invocará un mob al azar en: 4
[23:33:41] [Server thread/INFO]: Un gato galáctico invocará un mob al azar en: 4
[23:33:41] [Server thread/INFO]: Un gato galáctico invocará un mob al azar en: 4
[23:33:41] [Server thread/INFO]: Un gato galáctico invocará un mob al azar en: 4
[23:33:41] [Server thread/INFO]: Un gato galáctico invocará un mob al azar en: 4
[23:33:41] [Server thread/INFO]: Un gato galáctico invocará un mob al azar en: 4
[23:33:41] [Server thread/INFO]: Un gato galáctico invocará un mob al azar en: 4
[23:33:41] [Server thread/INFO]: Un gato galáctico invocará un mob al azar en: 4
[23:33:41] [Server thread/INFO]: Un gato galáctico invocará un mob al azar en: 4
[23:33:41] [Server thread/INFO]: Un gato galáctico invocará un mob al azar en: 4
[23:33:41] [Server thread/INFO]: Un gato galáctico invocará un mob al azar en: 4
[23:33:41] [Server thread/INFO]: Un gato galáctico invocará un mob al azar en: 4
[23:33:41] [Server thread/INFO]: Un gato galáctico invocará un mob al azar en: 4
[23:33:41] [Server thread/INFO]: Un gato galáctico invocará un mob al azar en: 4
[23:33:41] [Server thread/INFO]: Un gato galáctico invocará un mob al azar en: 4
[23:33:41] [Server thread/INFO]: Un gato galáctico invocará un mob al azar en: 4
[23:33:41] [Server thread/INFO]: Un gato galáctico invocará un mob al azar en: 4
[23:33:41] [Server thread/INFO]: Un gato galáctico invocará un mob al azar en: 4
[23:33:41] [Server thread/INFO]: Un gato galáctico invocará un mob al azar en: 4
[23:33:41] [Server thread/INFO]: Un gato galáctico invocará un mob al azar en: 4
[23:33:41] [Server thread/INFO]: Un gato galáctico invocará un mob al azar en: 4
[23:33:41] [Server thread/INFO]: Un gato galáctico invocará un mob al azar en: 4
[23:33:41] [Server thread/INFO]: Un gato galáctico invocará un mob al azar en: 4
[23:33:41] [Server thread/INFO]: Un gato galáctico invocará un mob al azar en: 4
[23:33:41] [Server thread/INFO]: Un gato galáctico invocará un mob al azar en: 4
[23:33:41] [Server thread/INFO]: Un gato galáctico invocará un mob al azar en: 4
[23:33:41] [Server thread/INFO]: Un gato galáctico invocará un mob al azar en: 4
[23:33:41] [Server thread/INFO]: Un gato galáctico invocará un mob al azar en: 4
[23:33:41] [Server thread/INFO]: Un gato galáctico invocará un mob al azar en: 4
[23:33:41] [Server thread/INFO]: Un gato galáctico invocará un mob al azar en: 4
[23:33:41] [Server thread/INFO]: Un gato galáctico invocará un mob al azar en: 4
[23:33:41] [Server thread/INFO]: Un gato galáctico invocará un mob al azar en: 4
[23:33:41] [Server thread/INFO]: Un gato galáctico invocará un mob al azar en: 4
[23:33:41] [Server thread/INFO]: Un gato galáctico invocará un mob al azar en: 4
[23:33:41] [Server thread/INFO]: Un gato galáctico invocará un mob al azar en: 4
[23:33:41] [Server thread/INFO]: Un gato galáctico invocará un mob al azar en: 4
[23:33:41] [Server thread/INFO]: Un gato galáctico invocará un mob al azar en: 4
[23:33:41] [Server thread/INFO]: Un gato galáctico invocará un mob al azar en: 4
[23:33:41] [Server thread/INFO]: Un gato galáctico invocará un mob al azar en: 4
[23:33:41] [Server thread/INFO]: Un gato galáctico invocará un mob al azar en: 4
[23:33:41] [Server thread/INFO]: Un gato galáctico invocará un mob al azar en: 4
[23:33:41] [Server thread/INFO]: Un gato galáctico invocará un mob al azar en: 4
[23:33:41] [Server thread/INFO]: Un gato galáctico invocará un mob al azar en: 4
[23:33:41] [Server thread/INFO]: Un gato galáctico invocará un mob al azar en: 4
[23:33:41] [Server thread/INFO]: Un gato galáctico invocará un mob al azar en: 4
[23:33:41] [Server thread/INFO]: Un gato galáctico invocará un mob al azar en: 4
[23:33:41] [Server thread/INFO]: Un gato galáctico invocará un mob al azar en: 4
[23:33:41] [Server thread/INFO]: Un gato galáctico invocará un mob al azar en: 4
[23:33:41] [Server thread/INFO]: Un gato galáctico invocará un mob al azar en: 4
[23:33:41] [Server thread/INFO]: Un gato galáctico invocará un mob al azar en: 4
[23:33:41] [Server thread/INFO]: Un gato galáctico invocará un mob al azar en: 4
[23:33:41] [Server thread/INFO]: Un gato galáctico invocará un mob al azar en: 4
[23:33:41] [Server thread/INFO]: Un gato galáctico invocará un mob al azar en: 4
[23:33:41] [Server thread/INFO]: Un gato galáctico invocará un mob al azar en: 4
[23:33:41] [Server thread/INFO]: Un gato galáctico invocará un mob al azar en: 4
[23:33:41] [Server thread/INFO]: Un gato galáctico invocará un mob al azar en: 4
[23:33:41] [Server thread/INFO]: Un gato galáctico invocará un mob al azar en: 4
[23:33:41] [Server thread/INFO]: Un gato galáctico invocará un mob al azar en: 4
[23:33:41] [Server thread/INFO]: Un gato galáctico invocará un mob al azar en: 4
[23:33:41] [Server thread/INFO]: Un gato galáctico invocará un mob al azar en: 4
[23:33:41] [Server thread/INFO]: Un gato galáctico invocará un mob al azar en: 4
[23:33:41] [Server thread/INFO]: Un gato galáctico invocará un mob al azar en: 4
[23:33:41] [Server thread/INFO]: Un gato galáctico invocará un mob al azar en: 4
[23:33:41] [Server thread/INFO]: Un gato galáctico invocará un mob al azar en: 4
[23:33:41] [Server thread/INFO]: Un gato galáctico invocará un mob al azar en: 4
[23:33:41] [Server thread/INFO]: Un gato galáctico invocará un mob al azar en: 4
[23:33:41] [Server thread/INFO]: Un gato galáctico invocará un mob al azar en: 4
[23:33:41] [Server thread/INFO]: Un gato galáctico invocará un mob al azar en: 4
[23:33:41] [Server thread/INFO]: Un gato galáctico invocará un mob al azar en: 4
[23:33:41] [Server thread/INFO]: Un gato galáctico invocará un mob al azar en: 4
[23:33:41] [Server thread/INFO]: Un gato galáctico invocará un mob al azar en: 4
[23:33:41] [Server thread/INFO]: Un gato galáctico invocará un mob al azar en: 4
[23:33:41] [Server thread/INFO]: Un gato galáctico invocará un mob al azar en: 4
[23:33:41] [Server thread/INFO]: Un gato galáctico invocará un mob al azar en: 4
[23:33:41] [Server thread/INFO]: Un gato galáctico invocará un mob al azar en: 4
[23:33:41] [Server thread/INFO]: Un gato galáctico invocará un mob al azar en: 4
[23:33:41] [Server thread/INFO]: Un gato galáctico invocará un mob al azar en: 4
[23:33:41] [Server thread/INFO]: Un gato galáctico invocará un mob al azar en: 4
[23:33:41] [Server thread/INFO]: Un gato galáctico invocará un mob al azar en: 4
[23:33:41] [Server thread/INFO]: Un gato galáctico invocará un mob al azar en: 4
[23:33:41] [Server thread/INFO]: Un gato galáctico invocará un mob al azar en: 4
[23:33:41] [Server thread/INFO]: Un gato galáctico invocará un mob al azar en: 4
[23:33:41] [Server thread/INFO]: Un gato galáctico invocará un mob al azar en: 4
[23:33:41] [Server thread/INFO]: Un gato galáctico invocará un mob al azar en: 4
[23:33:41] [Server thread/INFO]: Un gato galáctico invocará un mob al azar en: 4
[23:33:41] [Server thread/INFO]: Un gato galáctico invocará un mob al azar en: 4
[23:33:41] [Server thread/INFO]: Un gato galáctico invocará un mob al azar en: 4
[23:33:41] [Server thread/INFO]: Un gato galáctico invocará un mob al azar en: 3
[23:33:41] [Server thread/INFO]: Un gato galáctico invocará un mob al azar en: 3
[23:33:41] [Server thread/INFO]: Un gato galáctico invocará un mob al azar en: 3
[23:33:41] [Server thread/INFO]: Un gato galáctico invocará un mob al azar en: 3
[23:33:41] [Server thread/INFO]: Un gato galáctico invocará un mob al azar en: 3
[23:33:41] [Server thread/INFO]: Un gato galáctico invocará un mob al azar en: 3
[23:33:41] [Server thread/INFO]: Un gato galáctico invocará un mob al azar en: 3
[23:33:41] [Server thread/INFO]: Un gato galáctico invocará un mob al azar en: 3
[23:33:41] [Server thread/INFO]: Un gato galáctico invocará un mob al azar en: 3
[23:33:41] [Server thread/INFO]: Un gato galáctico invocará un mob al azar en: 3
[23:33:41] [Server thread/INFO]: Un gato galáctico invocará un mob al azar en: 3
[23:33:41] [Server thread/INFO]: Un gato galáctico invocará un mob al azar en: 3
[23:33:41] [Server thread/INFO]: Un gato galáctico invocará un mob al azar en: 3
[23:33:41] [Server thread/INFO]: Un gato galáctico invocará un mob al azar en: 3
[23:33:41] [Server thread/INFO]: Un gato galáctico invocará un mob al azar en: 3
[23:33:41] [Server thread/INFO]: Un gato galáctico invocará un mob al azar en: 3
[23:33:41] [Server thread/INFO]: Un gato galáctico invocará un mob al azar en: 3
[23:33:41] [Server thread/INFO]: Un gato galáctico invocará un mob al azar en: 3
[23:33:41] [Server thread/INFO]: Un gato galáctico invocará un mob al azar en: 3
[23:33:41] [Server thread/INFO]: Un gato galáctico invocará un mob al azar en: 3
[23:33:41] [Server thread/INFO]: Un gato galáctico invocará un mob al azar en: 3
[23:33:41] [Server thread/INFO]: Un gato galáctico invocará un mob al azar en: 3
[23:33:41] [Server thread/INFO]: Un gato galáctico invocará un mob al azar en: 3
[23:33:41] [Server thread/INFO]: Un gato galáctico invocará un mob al azar en: 3
[23:33:41] [Server thread/INFO]: Un gato galáctico invocará un mob al azar en: 3
[23:33:41] [Server thread/INFO]: Un gato galáctico invocará un mob al azar en: 3
[23:33:41] [Server thread/INFO]: Un gato galáctico invocará un mob al azar en: 3
[23:33:41] [Server thread/INFO]: Un gato galáctico invocará un mob al azar en: 3
[23:33:41] [Server thread/INFO]: Un gato galáctico invocará un mob al azar en: 3
[23:33:41] [Server thread/INFO]: Un gato galáctico invocará un mob al azar en: 3
[23:33:41] [Server thread/INFO]: Un gato galáctico invocará un mob al azar en: 3
[23:33:41] [Server thread/INFO]: Un gato galáctico invocará un mob al azar en: 3
[23:33:41] [Server thread/INFO]: Un gato galáctico invocará un mob al azar en: 3
[23:33:41] [Server thread/INFO]: Un gato galáctico invocará un mob al azar en: 3
[23:33:41] [Server thread/INFO]: Un gato galáctico invocará un mob al azar en: 3
[23:33:41] [Server thread/INFO]: Un gato galáctico invocará un mob al azar en: 3
[23:33:41] [Server thread/INFO]: Un gato galáctico invocará un mob al azar en: 3
[23:33:41] [Server thread/INFO]: Un gato galáctico invocará un mob al azar en: 3
[23:33:41] [Server thread/INFO]: Un gato galáctico invocará un mob al azar en: 3
[23:33:41] [Server thread/INFO]: Un gato galáctico invocará un mob al azar en: 3
[23:33:41] [Server thread/INFO]: Un gato galáctico invocará un mob al azar en: 3
[23:33:41] [Server thread/INFO]: Un gato galáctico invocará un mob al azar en: 3
[23:33:41] [Server thread/INFO]: Un gato galáctico invocará un mob al azar en: 3
[23:33:41] [Server thread/INFO]: Un gato galáctico invocará un mob al azar en: 3
[23:33:41] [Server thread/INFO]: Un gato galáctico invocará un mob al azar en: 3
[23:33:41] [Server thread/INFO]: Un gato galáctico invocará un mob al azar en: 3
[23:33:41] [Server thread/INFO]: Un gato galáctico invocará un mob al azar en: 3
[23:33:41] [Server thread/INFO]: Un gato galáctico invocará un mob al azar en: 3
[23:33:41] [Server thread/INFO]: Un gato galáctico invocará un mob al azar en: 3
[23:33:41] [Server thread/INFO]: Un gato galáctico invocará un mob al azar en: 3
[23:33:41] [Server thread/INFO]: Un gato galáctico invocará un mob al azar en: 3
[23:33:41] [Server thread/INFO]: Un gato galáctico invocará un mob al azar en: 3
[23:33:41] [Server thread/INFO]: Un gato galáctico invocará un mob al azar en: 3
[23:33:41] [Server thread/INFO]: Un gato galáctico invocará un mob al azar en: 3
[23:33:41] [Server thread/INFO]: Un gato galáctico invocará un mob al azar en: 3
[23:33:41] [Server thread/INFO]: Un gato galáctico invocará un mob al azar en: 3
[23:33:41] [Server thread/INFO]: Un gato galáctico invocará un mob al azar en: 3
[23:33:41] [Server thread/INFO]: Un gato galáctico invocará un mob al azar en: 3
[23:33:41] [Server thread/INFO]: Un gato galáctico invocará un mob al azar en: 3
[23:33:41] [Server thread/INFO]: Un gato galáctico invocará un mob al azar en: 3
[23:33:41] [Server thread/INFO]: Un gato galáctico invocará un mob al azar en: 3
[23:33:41] [Server thread/INFO]: Un gato galáctico invocará un mob al azar en: 3
[23:33:41] [Server thread/INFO]: Un gato galáctico invocará un mob al azar en: 3
[23:33:41] [Server thread/INFO]: Un gato galáctico invocará un mob al azar en: 3
[23:33:41] [Server thread/INFO]: Un gato galáctico invocará un mob al azar en: 3
[23:33:41] [Server thread/INFO]: Un gato galáctico invocará un mob al azar en: 3
[23:33:41] [Server thread/INFO]: Un gato galáctico invocará un mob al azar en: 3
[23:33:41] [Server thread/INFO]: Un gato galáctico invocará un mob al azar en: 3
[23:33:41] [Server thread/INFO]: Un gato galáctico invocará un mob al azar en: 3
[23:33:41] [Server thread/INFO]: Un gato galáctico invocará un mob al azar en: 3
[23:33:41] [Server thread/INFO]: Un gato galáctico invocará un mob al azar en: 3
[23:33:41] [Server thread/INFO]: Un gato galáctico invocará un mob al azar en: 3
[23:33:41] [Server thread/INFO]: Un gato galáctico invocará un mob al azar en: 3
[23:33:41] [Server thread/INFO]: Un gato galáctico invocará un mob al azar en: 3
[23:33:41] [Server thread/INFO]: Un gato galáctico invocará un mob al azar en: 3
[23:33:41] [Server thread/INFO]: Un gato galáctico invocará un mob al azar en: 3
[23:33:41] [Server thread/INFO]: Un gato galáctico invocará un mob al azar en: 3
[23:33:41] [Server thread/INFO]: Un gato galáctico invocará un mob al azar en: 3
[23:33:41] [Server thread/INFO]: Un gato galáctico invocará un mob al azar en: 3
[23:33:41] [Server thread/INFO]: Un gato galáctico invocará un mob al azar en: 3
[23:33:41] [Server thread/INFO]: Un gato galáctico invocará un mob al azar en: 3
[23:33:41] [Server thread/INFO]: Un gato galáctico invocará un mob al azar en: 3
[23:33:41] [Server thread/INFO]: Un gato galáctico invocará un mob al azar en: 3
[23:33:41] [Server thread/INFO]: Un gato galáctico invocará un mob al azar en: 3
[23:33:41] [Server thread/INFO]: Un gato galáctico invocará un mob al azar en: 3
[23:33:41] [Server thread/INFO]: Un gato galáctico invocará un mob al azar en: 3
[23:33:41] [Server thread/INFO]: Un gato galáctico invocará un mob al azar en: 3
[23:33:41] [Server thread/INFO]: Un gato galáctico invocará un mob al azar en: 3
[23:33:41] [Server thread/INFO]: Un gato galáctico invocará un mob al azar en: 3
[23:33:41] [Server thread/INFO]: Un gato galáctico invocará un mob al azar en: 3
[23:33:41] [Server thread/INFO]: Un gato galáctico invocará un mob al azar en: 3
[23:33:41] [Server thread/INFO]: Un gato galáctico invocará un mob al azar en: 3
[23:33:41] [Server thread/INFO]: Un gato galáctico invocará un mob al azar en: 2
[23:33:41] [Server thread/INFO]: Un gato galáctico invocará un mob al azar en: 2
[23:33:41] [Server thread/INFO]: Un gato galáctico invocará un mob al azar en: 2
[23:33:41] [Server thread/INFO]: Un gato galáctico invocará un mob al azar en: 2
[23:33:41] [Server thread/INFO]: Un gato galáctico invocará un mob al azar en: 2
[23:33:41] [Server thread/INFO]: Un gato galáctico invocará un mob al azar en: 2
[23:33:41] [Server thread/INFO]: Un gato galáctico invocará un mob al azar en: 2
[23:33:41] [Server thread/INFO]: Un gato galáctico invocará un mob al azar en: 2
[23:33:41] [Server thread/INFO]: Un gato galáctico invocará un mob al azar en: 2
[23:33:41] [Server thread/INFO]: Un gato galáctico invocará un mob al azar en: 2
[23:33:41] [Server thread/INFO]: Un gato galáctico invocará un mob al azar en: 2
[23:33:41] [Server thread/INFO]: Un gato galáctico invocará un mob al azar en: 2
[23:33:41] [Server thread/INFO]: Un gato galáctico invocará un mob al azar en: 2
[23:33:41] [Server thread/INFO]: Un gato galáctico invocará un mob al azar en: 2
[23:33:41] [Server thread/INFO]: Un gato galáctico invocará un mob al azar en: 2
[23:33:41] [Server thread/INFO]: Un gato galáctico invocará un mob al azar en: 2
[23:33:41] [Server thread/INFO]: Un gato galáctico invocará un mob al azar en: 2
[23:33:41] [Server thread/INFO]: Un gato galáctico invocará un mob al azar en: 2
[23:33:41] [Server thread/INFO]: Un gato galáctico invocará un mob al azar en: 2
[23:33:41] [Server thread/INFO]: Un gato galáctico invocará un mob al azar en: 2
[23:33:41] [Server thread/INFO]: Un gato galáctico invocará un mob al azar en: 2
[23:33:41] [Server thread/INFO]: Un gato galáctico invocará un mob al azar en: 2
[23:33:41] [Server thread/INFO]: Un gato galáctico invocará un mob al azar en: 2
[23:33:41] [Server thread/INFO]: Un gato galáctico invocará un mob al azar en: 2
[23:33:41] [Server thread/INFO]: Un gato galáctico invocará un mob al azar en: 2
[23:33:41] [Server thread/INFO]: Un gato galáctico invocará un mob al azar en: 2
[23:33:41] [Server thread/INFO]: Un gato galáctico invocará un mob al azar en: 2
[23:33:41] [Server thread/INFO]: Un gato galáctico invocará un mob al azar en: 2
[23:33:41] [Server thread/INFO]: Un gato galáctico invocará un mob al azar en: 2
[23:33:41] [Server thread/INFO]: Un gato galáctico invocará un mob al azar en: 2
[23:33:41] [Server thread/INFO]: Un gato galáctico invocará un mob al azar en: 2
[23:33:41] [Server thread/INFO]: Un gato galáctico invocará un mob al azar en: 2
[23:33:41] [Server thread/INFO]: Un gato galáctico invocará un mob al azar en: 2
[23:33:41] [Server thread/INFO]: Un gato galáctico invocará un mob al azar en: 2
[23:33:41] [Server thread/INFO]: Un gato galáctico invocará un mob al azar en: 2
[23:33:41] [Server thread/INFO]: Un gato galáctico invocará un mob al azar en: 2
[23:33:41] [Server thread/INFO]: Un gato galáctico invocará un mob al azar en: 2
[23:33:41] [Server thread/INFO]: Un gato galáctico invocará un mob al azar en: 2
[23:33:41] [Server thread/INFO]: Un gato galáctico invocará un mob al azar en: 2
[23:33:41] [Server thread/INFO]: Un gato galáctico invocará un mob al azar en: 2
[23:33:41] [Server thread/INFO]: Un gato galáctico invocará un mob al azar en: 2
[23:33:41] [Server thread/INFO]: Un gato galáctico invocará un mob al azar en: 2
[23:33:41] [Server thread/INFO]: Un gato galáctico invocará un mob al azar en: 2
[23:33:41] [Server thread/INFO]: Un gato galáctico invocará un mob al azar en: 2
[23:33:41] [Server thread/INFO]: Un gato galáctico invocará un mob al azar en: 2
[23:33:41] [Server thread/INFO]: Un gato galáctico invocará un mob al azar en: 2
[23:33:41] [Server thread/INFO]: Un gato galáctico invocará un mob al azar en: 2
[23:33:41] [Server thread/INFO]: Un gato galáctico invocará un mob al azar en: 2
[23:33:41] [Server thread/INFO]: Un gato galáctico invocará un mob al azar en: 2
[23:33:41] [Server thread/INFO]: Un gato galáctico invocará un mob al azar en: 2
[23:33:41] [Server thread/INFO]: Un gato galáctico invocará un mob al azar en: 2
[23:33:41] [Server thread/INFO]: Un gato galáctico invocará un mob al azar en: 2
[23:33:41] [Server thread/INFO]: Un gato galáctico invocará un mob al azar en: 2
[23:33:41] [Server thread/INFO]: Un gato galáctico invocará un mob al azar en: 2
[23:33:41] [Server thread/INFO]: Un gato galáctico invocará un mob al azar en: 2
[23:33:41] [Server thread/INFO]: Un gato galáctico invocará un mob al azar en: 2
[23:33:41] [Server thread/INFO]: Un gato galáctico invocará un mob al azar en: 2
[23:33:41] [Server thread/INFO]: Un gato galáctico invocará un mob al azar en: 2
[23:33:41] [Server thread/INFO]: Un gato galáctico invocará un mob al azar en: 2
[23:33:41] [Server thread/INFO]: Un gato galáctico invocará un mob al azar en: 2
[23:33:41] [Server thread/INFO]: Un gato galáctico invocará un mob al azar en: 2
[23:33:41] [Server thread/INFO]: Un gato galáctico invocará un mob al azar en: 2
[23:33:41] [Server thread/INFO]: Un gato galáctico invocará un mob al azar en: 2
[23:33:41] [Server thread/INFO]: Un gato galáctico invocará un mob al azar en: 2
[23:33:41] [Server thread/INFO]: Un gato galáctico invocará un mob al azar en: 2
[23:33:41] [Server thread/INFO]: Un gato galáctico invocará un mob al azar en: 2
[23:33:41] [Server thread/INFO]: Un gato galáctico invocará un mob al azar en: 2
[23:33:41] [Server thread/INFO]: Un gato galáctico invocará un mob al azar en: 2
[23:33:41] [Server thread/INFO]: Un gato galáctico invocará un mob al azar en: 2
[23:33:41] [Server thread/INFO]: Un gato galáctico invocará un mob al azar en: 2
[23:33:41] [Server thread/INFO]: Un gato galáctico invocará un mob al azar en: 2
[23:33:41] [Server thread/INFO]: Un gato galáctico invocará un mob al azar en: 2
[23:33:41] [Server thread/INFO]: Un gato galáctico invocará un mob al azar en: 2
[23:33:41] [Server thread/INFO]: Un gato galáctico invocará un mob al azar en: 2
[23:33:41] [Server thread/INFO]: Un gato galáctico invocará un mob al azar en: 2
[23:33:41] [Server thread/INFO]: Un gato galáctico invocará un mob al azar en: 2
[23:33:41] [Server thread/INFO]: Un gato galáctico invocará un mob al azar en: 2
[23:33:41] [Server thread/INFO]: Un gato galáctico invocará un mob al azar en: 2
[23:33:41] [Server thread/INFO]: Un gato galáctico invocará un mob al azar en: 2
[23:33:41] [Server thread/INFO]: Un gato galáctico invocará un mob al azar en: 2
[23:33:41] [Server thread/INFO]: Un gato galáctico invocará un mob al azar en: 2
[23:33:41] [Server thread/INFO]: Un gato galáctico invocará un mob al azar en: 2
[23:33:41] [Server thread/INFO]: Un gato galáctico invocará un mob al azar en: 2
[23:33:41] [Server thread/INFO]: Un gato galáctico invocará un mob al azar en: 2
[23:33:41] [Server thread/INFO]: Un gato galáctico invocará un mob al azar en: 2
[23:33:41] [Server thread/INFO]: Un gato galáctico invocará un mob al azar en: 2
[23:33:41] [Server thread/INFO]: Un gato galáctico invocará un mob al azar en: 2
[23:33:41] [Server thread/INFO]: Un gato galáctico invocará un mob al azar en: 2
[23:33:41] [Server thread/INFO]: Un gato galáctico invocará un mob al azar en: 2
[23:33:41] [Server thread/INFO]: Un gato galáctico invocará un mob al azar en: 2
[23:33:41] [Server thread/INFO]: Un gato galáctico invocará un mob al azar en: 2
[23:33:41] [Server thread/INFO]: Un gato galáctico invocará un mob al azar en: 2
[23:33:41] [Server thread/INFO]: Un gato galáctico invocará un mob al azar en: 1
[23:33:41] [Server thread/INFO]: Un gato galáctico ha invicado un(a) Ender Ghast (-69.5, 62.46835722147547, 72.5
[23:33:41] [Server thread/INFO]: Un gato galáctico invocará un mob al azar en: 1
[23:33:41] [Server thread/INFO]: Un gato galáctico ha invicado un(a) Gigante (-69.5, 62.683831697905475, 72.5
[23:33:41] [Server thread/INFO]: Un gato galáctico invocará un mob al azar en: 1
[23:33:41] [Server thread/INFO]: Un gato galáctico ha invicado un(a) Wither Skeleton Emperador (-68.5, 62.9591118828682, 72.5
[23:33:41] [Server thread/INFO]: Un gato galáctico invocará un mob al azar en: 1
[23:33:41] [Server thread/INFO]: Un gato galáctico ha invicado un(a) Quantum Creeper (-68.5, 62.5351988502149, 72.5
[23:33:41] [Server thread/INFO]: Un gato galáctico invocará un mob al azar en: 1
[23:33:41] [Server thread/INFO]: Un gato galáctico ha invicado un(a) Permadeath Demon (-68.5, 62.431375110041444, 72.5
[23:33:41] [Server thread/INFO]: Un gato galáctico invocará un mob al azar en: 1
[23:33:41] [Server thread/INFO]: Un gato galáctico ha invicado un(a) Silverfish de la Muerte (-68.5, 62.49519181713319, 72.5
[23:33:41] [Server thread/INFO]: Un gato galáctico invocará un mob al azar en: 1
[23:33:41] [Server thread/INFO]: Un gato galáctico ha invicado un(a) Gato Supernova (-68.5, 62.99023633159615, 72.5
[23:33:41] [Server thread/INFO]: Un gato galáctico invocará un mob al azar en: 1
[23:33:41] [Server thread/INFO]: Un gato galáctico ha invicado un(a) Giga MagmaCube (-69.5, 62.952165937200725, 72.5
[23:33:41] [Server thread/INFO]: Un gato galáctico invocará un mob al azar en: 1
[23:33:41] [Server thread/INFO]: Un gato galáctico ha invicado un(a) Giga MagmaCube (-69.5, 62.8966314396225, 73.5
[23:33:41] [Server thread/INFO]: Un gato galáctico invocará un mob al azar en: 1
[23:33:41] [Server thread/INFO]: Un gato galáctico ha invicado un(a) Shulker Tnt (-69.5, 62.80588231623233, 73.5
[23:33:41] [Server thread/INFO]: Un gato galáctico invocará un mob al azar en: 1
[23:33:41] [Server thread/INFO]: Un gato galáctico ha invicado un(a) Ultra Ravager (-69.5, 62.392957970780174, 73.5
[23:33:41] [Server thread/INFO]: Un gato galáctico invocará un mob al azar en: 1
[23:33:41] [Server thread/INFO]: Un gato galáctico ha invicado un(a) Bruja Imposible (-68.5, 62.1674567216731, 73.5
[23:33:41] [Server thread/INFO]: Un gato galáctico invocará un mob al azar en: 1
[23:33:41] [Server thread/INFO]: Un gato galáctico ha invicado un(a) Gigante (-67.5, 62.987328470705926, 73.5
[23:33:41] [Server thread/INFO]: Un gato galáctico invocará un mob al azar en: 1
[23:33:41] [Server thread/INFO]: Un gato galáctico ha invicado un(a) Wither Skeleton Emperador (-67.5, 62.488876472254375, 73.5
[23:33:41] [Server thread/INFO]: Un gato galáctico invocará un mob al azar en: 1
[23:33:41] [Server thread/INFO]: Un gato galáctico ha invicado un(a) Esqueleto de Clase (-67.5, 63.09656978255435, 73.5
[23:33:41] [Server thread/INFO]: Un gato galáctico invocará un mob al azar en: 1
[23:33:41] [Server thread/INFO]: Un gato galáctico ha invicado un(a) Silverfish de la Muerte (-66.5, 62.16053942497429, 73.5
[23:33:41] [Server thread/INFO]: Un gato galáctico invocará un mob al azar en: 1
[23:33:41] [Server thread/INFO]: Un gato galáctico ha invicado un(a) Giga Slime (-64.5, 62.660112509377186, 73.5
[23:33:41] [Server thread/INFO]: Un gato galáctico invocará un mob al azar en: 1
[23:33:41] [Server thread/INFO]: Un gato galáctico ha invicado un(a) Ender Ghast (-65.5, 62.38590017795695, 74.5
[23:33:41] [Server thread/INFO]: Un gato galáctico invocará un mob al azar en: 1
[23:33:41] [Server thread/INFO]: Un gato galáctico ha invicado un(a) Pufferfish invulnerable (-66.5, 63.012144688941476, 75.5
[23:33:41] [Server thread/INFO]: Un gato galáctico invocará un mob al azar en: 1
[23:33:41] [Server thread/INFO]: Un gato galáctico ha invicado un(a) Gigante (-66.5, 62.56007525510748, 77.5
[23:33:41] [Server thread/INFO]: Un gato galáctico invocará un mob al azar en: 1
[23:33:41] [Server thread/INFO]: Un gato galáctico ha invicado un(a) Gigante (-67.5, 62.54557020750541, 78.5
[23:33:41] [Server thread/INFO]: Un gato galáctico invocará un mob al azar en: 1
[23:33:41] [Server thread/INFO]: Un gato galáctico ha invicado un(a) Araña con Efectos (-68.5, 62.98720809452688, 80.5
[23:33:41] [Server thread/INFO]: Un gato galáctico invocará un mob al azar en: 1
[23:33:41] [Server thread/INFO]: Un gato galáctico ha invicado un(a) Pufferfish invulnerable (-68.5, 62.51348248321417, 82.5
[23:33:41] [Server thread/INFO]: Un gato galáctico invocará un mob al azar en: 1
[23:33:41] [Server thread/INFO]: Un gato galáctico ha invicado un(a) Permadeath Demon (-67.5, 62.526102728816404, 83.5
[23:33:41] [Server thread/INFO]: Un gato galáctico invocará un mob al azar en: 1
[23:33:41] [Server thread/INFO]: Un gato galáctico ha invicado un(a) Bruja Imposible (-66.5, 62.53212888307124, 84.5
[23:33:41] [Server thread/INFO]: Un gato galáctico invocará un mob al azar en: 1
[23:33:41] [Server thread/INFO]: Un gato galáctico ha invicado un(a) Araña con Efectos (-66.5, 62.70210797474973, 84.5
[23:33:41] [Server thread/INFO]: Un gato galáctico invocará un mob al azar en: 1
[23:33:41] [Server thread/INFO]: Un gato galáctico ha invicado un(a) Bruja Imposible (-65.5, 62.4587398632651, 83.5
[23:33:41] [Server thread/INFO]: Un gato galáctico invocará un mob al azar en: 1
[23:33:41] [Server thread/INFO]: Un gato galáctico ha invicado un(a) Demonio Flotante (-64.5, 62.419958171317234, 84.5
[23:33:41] [Server thread/INFO]: Un gato galáctico invocará un mob al azar en: 1
[23:33:41] [Server thread/INFO]: Un gato galáctico ha invicado un(a) Silverfish de la Muerte (-65.52851705624461, 62.48906121461888, 87.5
[23:33:41] [Server thread/INFO]: Un gato galáctico invocará un mob al azar en: 1
[23:33:41] [Server thread/INFO]: Un gato galáctico ha invicado un(a) Araña con Efectos (-63.5, 62.66878774852029, 73.5
[23:33:41] [Server thread/INFO]: Un gato galáctico invocará un mob al azar en: 1
[23:33:41] [Server thread/INFO]: Un gato galáctico ha invicado un(a) Endermite Misterioso (-61.5, 62.443844935474694, 72.5
[23:33:41] [Server thread/INFO]: Un gato galáctico invocará un mob al azar en: 1
[23:33:41] [Server thread/INFO]: Un gato galáctico ha invicado un(a) Quantum Creeper (-59.5, 62.6985646394657, 72.5
[23:33:41] [Server thread/INFO]: Un gato galáctico invocará un mob al azar en: 1
[23:33:41] [Server thread/INFO]: Un gato galáctico ha invicado un(a) Silverfish de la Muerte (-57.5, 62.67490589948476, 72.5
[23:33:41] [Server thread/INFO]: Un gato galáctico invocará un mob al azar en: 1
[23:33:41] [Server thread/INFO]: Un gato galáctico ha invicado un(a) Giga Slime (-55.5, 62.49710686569373, 72.5
[23:33:41] [Server thread/INFO]: Un gato galáctico invocará un mob al azar en: 1
[23:33:41] [Server thread/INFO]: Un gato galáctico ha invicado un(a) Pufferfish invulnerable (-53.5, 62.575008547554916, 72.5
[23:33:41] [Server thread/INFO]: Un gato galáctico invocará un mob al azar en: 1
[23:33:41] [Server thread/INFO]: Un gato galáctico ha invicado un(a) Shulker Tnt (-52.5, 62.59184235199423, 72.5
[23:33:41] [Server thread/INFO]: Un gato galáctico invocará un mob al azar en: 1
[23:33:41] [Server thread/INFO]: Un gato galáctico ha invicado un(a) Esqueleto de Clase (-52.5, 62.54150120471063, 72.5
[23:33:41] [Server thread/INFO]: Un gato galáctico invocará un mob al azar en: 1
[23:33:41] [Server thread/INFO]: Un gato galáctico ha invicado un(a) Bruja Imposible (-53.5, 62.50990869682749, 72.5
[23:33:41] [Server thread/INFO]: Un gato galáctico invocará un mob al azar en: 1
[23:33:41] [Server thread/INFO]: Un gato galáctico ha invicado un(a) Demonio Flotante (-54.5, 62.80757309618678, 72.5
[23:33:41] [Server thread/INFO]: Un gato galáctico invocará un mob al azar en: 1
[23:33:41] [Server thread/INFO]: Un gato galáctico ha invicado un(a) Bruja Imposible (-56.5, 62.40982018107612, 72.5
[23:33:41] [Server thread/INFO]: Un gato galáctico invocará un mob al azar en: 1
[23:33:41] [Server thread/INFO]: Un gato galáctico ha invicado un(a) Pufferfish invulnerable (-58.5, 62.45177002307676, 72.5
[23:33:41] [Server thread/INFO]: Un gato galáctico invocará un mob al azar en: 1
[23:33:41] [Server thread/INFO]: Un gato galáctico ha invicado un(a) Gigante (-59.5, 62.08516430134438, 72.5
[23:33:41] [Server thread/INFO]: Un gato galáctico invocará un mob al azar en: 1
[23:33:41] [Server thread/INFO]: Un gato galáctico ha invicado un(a) Quantum Creeper (-61.5, 62.07865281845244, 72.5
[23:33:41] [Server thread/INFO]: Un gato galáctico invocará un mob al azar en: 1
[23:33:41] [Server thread/INFO]: Un gato galáctico ha invicado un(a) Giga Phantom (-63.5, 62.25142534468448, 73.5
[23:33:41] [Server thread/INFO]: Un gato galáctico invocará un mob al azar en: 1
[23:33:41] [Server thread/INFO]: Un gato galáctico ha invicado un(a) Permadeath Demon (-62.5, 63.0742307772526, 84.5
[23:33:41] [Server thread/INFO]: Un gato galáctico invocará un mob al azar en: 1
[23:33:41] [Server thread/INFO]: Un gato galáctico ha invicado un(a) Ultra Ravager (-62.5, 62.83939087671095, 85.5
[23:33:41] [Server thread/INFO]: Un gato galáctico invocará un mob al azar en: 1
[23:33:41] [Server thread/INFO]: Un gato galáctico ha invicado un(a) Quantum Creeper (-63.11870656709963, 63.1131883754552, 86.33434826261944
[23:33:41] [Server thread/INFO]: Un gato galáctico invocará un mob al azar en: 1
[23:33:41] [Server thread/INFO]: Un gato galáctico ha invicado un(a) Demonio Flotante (-63.914978505804115, 62.99622521478356, 87.5
[23:33:41] [Server thread/INFO]: Un gato galáctico invocará un mob al azar en: 1
[23:33:41] [Server thread/INFO]: Un gato galáctico ha invicado un(a) Giga Slime (-60.79535193302725, 62.69423161829121, 87.7693360197736
[23:33:41] [Server thread/INFO]: Un gato galáctico invocará un mob al azar en: 1
[23:33:41] [Server thread/WARN]: [Permadeath] Task #269472 for Permadeath v1.3 generated an exception
java.lang.NullPointerException: null
	at tech.sebazcrc.permadeath.nms.v1_16_R3.NMSHandlerImpl.spawnNMSEntity(NMSHandlerImpl.java:326) ~[?:?]
	at tech.sebazcrc.permadeath.task.GatoGalacticoTask.run(GatoGalacticoTask.java:150) ~[?:?]
	at org.bukkit.craftbukkit.v1_16_R3.scheduler.CraftTask.run(CraftTask.java:101) ~[patched_1.16.5.jar:git-Paper-794]
	at org.bukkit.craftbukkit.v1_16_R3.scheduler.CraftScheduler.mainThreadHeartbeat(CraftScheduler.java:485) ~[patched_1.16.5.jar:git-Paper-794]
	at net.minecraft.server.v1_16_R3.MinecraftServer.b(MinecraftServer.java:1432) ~[patched_1.16.5.jar:git-Paper-794]
	at net.minecraft.server.v1_16_R3.DedicatedServer.b(DedicatedServer.java:436) ~[patched_1.16.5.jar:git-Paper-794]
	at net.minecraft.server.v1_16_R3.MinecraftServer.a(MinecraftServer.java:1347) ~[patched_1.16.5.jar:git-Paper-794]
	at net.minecraft.server.v1_16_R3.MinecraftServer.w(MinecraftServer.java:1135) ~[patched_1.16.5.jar:git-Paper-794]
	at net.minecraft.server.v1_16_R3.MinecraftServer.lambda$a$0(MinecraftServer.java:291) ~[patched_1.16.5.jar:git-Paper-794]
	at java.lang.Thread.run(Thread.java:829) [?:?]
[23:33:41] [Server thread/INFO]: Un gato galáctico invocará un mob al azar en: 1
[23:33:41] [Server thread/INFO]: Un gato galáctico ha invicado un(a) Bruja Imposible (-60.13795932895473, 62.57763790801831, 88.20132841846576
[23:33:41] [Server thread/INFO]: Un gato galáctico invocará un mob al azar en: 1
[23:33:41] [Server thread/INFO]: Un gato galáctico ha invicado un(a) Giga Slime (-62.29158089842552, 62.70671698300168, 86.50212265516097
[23:33:41] [Server thread/INFO]: Un gato galáctico invocará un mob al azar en: 1
[23:33:41] [Server thread/INFO]: Un gato galáctico ha invicado un(a) Gato Supernova (-60.98323136886513, 63.11165321646271, 84.9031658165742
[23:33:41] [Server thread/INFO]: Un gato galáctico invocará un mob al azar en: 1
[23:33:41] [Server thread/INFO]: Un gato galáctico ha invicado un(a) Gato Supernova (-58.79044191171056, 62.0061424226983, 86.30013453217566
[23:33:41] [Server thread/INFO]: Un gato galáctico invocará un mob al azar en: 1
[23:33:41] [Server thread/INFO]: Un gato galáctico ha invicado un(a) Gigante (-59.28733103123697, 62.573936907684605, 85.4292202612549
[23:33:41] [Server thread/INFO]: Un gato galáctico invocará un mob al azar en: 1
[23:33:41] [Server thread/INFO]: Un gato galáctico ha invicado un(a) Giga MagmaCube (-60.14352632275376, 62.97406831919861, 85.66419640261759
[23:33:41] [Server thread/INFO]: Un gato galáctico invocará un mob al azar en: 1
[23:33:41] [Server thread/INFO]: Un gato galáctico ha invicado un(a) Endermite Misterioso (-61.27287669109166, 62.17364690523989, 87.0208479542895
[23:33:41] [Server thread/INFO]: Un gato galáctico invocará un mob al azar en: 1
[23:33:41] [Server thread/INFO]: Un gato galáctico ha invicado un(a) Permadeath Demon (-60.20503001846221, 62.187526781554425, 86.99243553907961
[23:33:41] [Server thread/INFO]: Un gato galáctico invocará un mob al azar en: 1
[23:33:41] [Server thread/INFO]: Un gato galáctico ha invicado un(a) Wither Skeleton Emperador (-58.92175678907838, 62.98157815952723, 87.13955245908481
[23:33:41] [Server thread/INFO]: Un gato galáctico invocará un mob al azar en: 1
[23:33:41] [Server thread/INFO]: Un gato galáctico ha invicado un(a) Giga MagmaCube (-59.5, 62.47633621147591, 89.5
[23:33:41] [Server thread/INFO]: Un gato galáctico invocará un mob al azar en: 1
[23:33:41] [Server thread/INFO]: Un gato galáctico ha invicado un(a) Bruja Imposible (-59.5, 62.40050338892612, 89.5
[23:33:41] [Server thread/INFO]: Un gato galáctico invocará un mob al azar en: 1
[23:33:41] [Server thread/INFO]: Un gato galáctico ha invicado un(a) Gigante (-59.5, 63.02712115850992, 91.5
[23:33:41] [Server thread/INFO]: Un gato galáctico invocará un mob al azar en: 1
[23:33:41] [Server thread/INFO]: Un gato galáctico ha invicado un(a) Giga Slime (-59.67582781545862, 62.430891325865204, 92.2608138885149
[23:33:41] [Server thread/INFO]: Un gato galáctico invocará un mob al azar en: 1
[23:33:41] [Server thread/INFO]: Un gato galáctico ha invicado un(a) Esqueleto de Clase (-61.647550073510665, 62.91583127690509, 92.3802129718491
[23:33:41] [Server thread/INFO]: Un gato galáctico invocará un mob al azar en: 1
[23:33:41] [Server thread/INFO]: Un gato galáctico ha invicado un(a) Gato Supernova (-60.04983446269196, 62.3929738988451, 93.73735894827031
[23:33:41] [Server thread/INFO]: Un gato galáctico invocará un mob al azar en: 1
[23:33:41] [Server thread/INFO]: Un gato galáctico ha invicado un(a) Giga Phantom (-58.5490547836249, 62.470063571462795, 93.12478519872056
[23:33:41] [Server thread/INFO]: Un gato galáctico invocará un mob al azar en: 1
[23:33:41] [Server thread/INFO]: Un gato galáctico ha invicado un(a) Gigante (-59.56642045920427, 62.68687548382708, 93.23655184335884
[23:33:41] [Server thread/INFO]: Un gato galáctico invocará un mob al azar en: 1
[23:33:41] [Server thread/INFO]: Un gato galáctico ha invicado un(a) Esqueleto de Clase (-60.858323230620556, 62.34257020896471, 94.424388521789
[23:33:41] [Server thread/INFO]: Un gato galáctico invocará un mob al azar en: 1
[23:33:41] [Server thread/INFO]: Un gato galáctico ha invicado un(a) Araña con Efectos (-60.249097306813, 62.60431501891064, 94.19396158744222
[23:33:41] [Server thread/INFO]: Un gato galáctico invocará un mob al azar en: 1
[23:33:41] [Server thread/INFO]: Un gato galáctico ha invicado un(a) Pufferfish invulnerable (-63.07674576246208, 61.82897676523642, 94.31458144854061
[23:33:41] [Server thread/INFO]: Un gato galáctico invocará un mob al azar en: 1
[23:33:41] [Server thread/INFO]: Un gato galáctico ha invicado un(a) Giga Slime (-61.90973948339031, 62.310820204289534, 95.12678856863921
[23:33:41] [Server thread/INFO]: Un gato galáctico invocará un mob al azar en: 1
[23:33:41] [Server thread/INFO]: Un gato galáctico ha invicado un(a) Gigante (-60.36026723982735, 62.53074468054399, 94.88913392883653
[23:33:41] [Server thread/INFO]: Un gato galáctico invocará un mob al azar en: 1
[23:33:41] [Server thread/INFO]: Un gato galáctico ha invicado un(a) Permadeath Demon (-61.63537249850335, 62.959437650908754, 95.8477445681458
[23:33:41] [Server thread/INFO]: Un gato galáctico invocará un mob al azar en: 1
[23:33:41] [Server thread/INFO]: Un gato galáctico ha invicado un(a) Giga Slime (-59.0778156270729, 62.043728355411766, 94.35182290840244
[23:33:41] [Server thread/INFO]: Un gato galáctico invocará un mob al azar en: 1
[23:33:41] [Server thread/INFO]: Un gato galáctico ha invicado un(a) Silverfish de la Muerte (-61.45728886459831, 62.21462239883021, 95.11567535017093
[23:33:41] [Server thread/INFO]: Un gato galáctico invocará un mob al azar en: 1
[23:33:41] [Server thread/INFO]: Un gato galáctico ha invicado un(a) Giga Slime (-59.42443148355616, 62.90618308528372, 93.78548174794413
[23:33:41] [Server thread/INFO]: Un gato galáctico invocará un mob al azar en: 1
[23:33:41] [Server thread/INFO]: Un gato galáctico ha invicado un(a) Wither Skeleton Emperador (-58.98051901096143, 62.380894752169255, 95.8690248752817
[23:33:41] [Server thread/INFO]: Un gato galáctico invocará un mob al azar en: 1
[23:33:41] [Server thread/INFO]: Un gato galáctico ha invicado un(a) Ultra Ravager (-60.075430337212794, 62.74102151458689, 97.65755810633311
[23:33:41] [Server thread/INFO]: Un gato galáctico invocará un mob al azar en: 1
[23:33:41] [Server thread/INFO]: Un gato galáctico ha invicado un(a) Giga Phantom (-60.6193741475822, 62.93977286063904, 97.31871255128756
[23:33:41] [Server thread/INFO]: Un gato galáctico invocará un mob al azar en: 1
[23:33:41] [Server thread/INFO]: Un gato galáctico ha invicado un(a) Gigante (-59.22198193780398, 63.13307060464439, 97.19659477045822
[23:33:41] [Server thread/INFO]: Un gato galáctico invocará un mob al azar en: 1
[23:33:41] [Server thread/INFO]: Un gato galáctico ha invicado un(a) Wither Skeleton Emperador (-60.769142921026514, 62.31595721158144, 96.69000626600291
[23:33:41] [Server thread/INFO]: Un gato galáctico invocará un mob al azar en: 1
[23:33:41] [Server thread/INFO]: Un gato galáctico ha invicado un(a) Permadeath Demon (-30.790430962974973, 46.458414117264354, 233.84999999403954
[23:33:41] [Server thread/INFO]: Un gato galáctico invocará un mob al azar en: 1
[23:33:41] [Server thread/INFO]: Un gato galáctico ha invicado un(a) Gigante (-10.57857874752237, 37.0, 228.69999998807907
[23:33:41] [Server thread/INFO]: Un gato galáctico invocará un mob al azar en: 1
[23:33:41] [Server thread/INFO]: Un gato galáctico ha invicado un(a) Silverfish de la Muerte (-8.849999994039536, 40.0, 239.26560966898157
[23:33:41] [Server thread/INFO]: Un gato galáctico invocará un mob al azar en: 1
[23:33:41] [Server thread/INFO]: Un gato galáctico ha invicado un(a) Quantum Creeper (-0.29046561665964243, 73.53584062504456, 284.4936704424605
[23:33:41] [Server thread/INFO]: Un gato galáctico invocará un mob al azar en: 1
[23:33:41] [Server thread/INFO]: Un gato galáctico ha invicado un(a) Giga Slime (-9.849999994039536, 71.24671999695778, 272.65926432246044
[23:33:41] [Server thread/INFO]: Un gato galáctico invocará un mob al azar en: 1
[23:33:41] [Server thread/INFO]: Un gato galáctico ha invicado un(a) Endermite Misterioso (2.3556445832260664, 74.0, 279.5991507537165
[23:33:41] [Server thread/INFO]: Un gato galáctico invocará un mob al azar en: 1
[23:33:41] [Server thread/INFO]: Un gato galáctico ha invicado un(a) Permadeath Demon (12.739440406008908, 73.0, 280.25725418717263
[23:33:41] [Server thread/INFO]: Un gato galáctico invocará un mob al azar en: 1
[23:33:41] [Server thread/INFO]: Un gato galáctico ha invicado un(a) Silverfish de la Muerte (13.7662137849086, 74.0, 289.6856304329107
[23:33:41] [Server thread/INFO]: Un gato galáctico invocará un mob al azar en: 1
[23:33:41] [Server thread/INFO]: Un gato galáctico ha invicado un(a) Endermite Misterioso (23.18248181373554, 75.02442408821369, 265.38372026396024
[23:33:41] [Server thread/INFO]: Un gato galáctico invocará un mob al azar en: 1
[23:33:41] [Server thread/INFO]: Un gato galáctico ha invicado un(a) Endermite Misterioso (22.82592703456466, 74.0, 271.17331266572234
[23:33:41] [Server thread/INFO]: Un gato galáctico invocará un mob al azar en: 1
[23:33:41] [Server thread/INFO]: Un gato galáctico ha invicado un(a) Ender Ghast (20.230496484662233, 75.0, 262.75609016978393
[23:33:41] [Server thread/INFO]: La maldición de un Gato Galáctico ha comenzado en: -35, 46, 231
[23:33:41] [Server thread/INFO]: Un gato galáctico invocará un mob al azar en: 5
[23:33:41] [Server thread/INFO]: La maldición de un Gato Galáctico ha comenzado en: -32, 44, 226
[23:33:41] [Server thread/INFO]: Un gato galáctico invocará un mob al azar en: 5
[23:33:42] [Server thread/INFO]: Un gato galáctico ha invicado un(a) Ghast Demoníaco (-62.13049257056661, 62.66543185750904, 87.57372832662091
[23:33:42] [Server thread/INFO]: Un gato galáctico invocará un mob al azar en: 4
[23:33:42] [Server thread/INFO]: Un gato galáctico invocará un mob al azar en: 4
[23:33:43] [Server thread/INFO]: Un gato galáctico invocará un mob al azar en: 3
[23:33:43] [Server thread/INFO]: Un gato galáctico invocará un mob al azar en: 3
[23:33:44] [Server thread/INFO]: Un gato galáctico invocará un mob al azar en: 2
[23:33:44] [Server thread/INFO]: Un gato galáctico invocará un mob al azar en: 2
[23:33:45] [Server thread/INFO]: Un gato galáctico invocará un mob al azar en: 1
[23:33:45] [Server thread/INFO]: Un gato galáctico ha invicado un(a) Araña con Efectos (-35.53111749458394, 46.42900236327672, 231.30000001192093
[23:33:45] [Server thread/INFO]: Un gato galáctico invocará un mob al azar en: 1
[23:33:45] [Server thread/INFO]: Un gato galáctico ha invicado un(a) Giga Phantom (-32.51774241453066, 44.0, 226.84999999403954
